id_ticket,id_tienda,timestamp,total_venta,total_articulos,id_cliente
TICKET_0000001,STORE_10,2024-03-31 14:27:00,3.61,1,CUST_00647
TICKET_0000002,STORE_05,2024-03-22 13:51:00,38.4,4,CUST_00500
TICKET_0000003,STORE_07,2024-02-18 13:00:00,41.32,4,CUST_00977
TICKET_0000004,STORE_03,2024-02-23 19:39:00,2.97,1,CUST_00866
TICKET_0000005,STORE_05,2024-03-06 11:42:00,23.95,2,CUST_00846
TICKET_0000006,STORE_04,2024-03-13 17:07:00,14.38,2,CUST_00678
TICKET_0000007,STORE_08,2024-02-25 16:48:00,22.55,3,CUST_00741
TICKET_0000008,STORE_02,2024-01-18 15:09:00,25.56,3,CUST_00838
TICKET_0000009,STORE_03,2024-02-20 14:53:00,20.47,2,CUST_00249
TICKET_0000010,STORE_08,2024-01-11 19:23:00,12.79,2,CUST_00537
TICKET_0000011,STORE_01,2024-03-14 08:57:00,9.55,1,CUST_00210
TICKET_0000012,STORE_06,2024-02-20 12:03:00,9.46,2,CUST_00141
TICKET_0000013,STORE_10,2024-01-04 13:35:00,13.43,2,CUST_00150
TICKET_0000014,STORE_03,2024-02-12 18:50:00,5.01,1,CUST_00945
TICKET_0000015,STORE_09,2024-03-13 15:11:00,15.77,3,CUST_00533
TICKET_0000016,STORE_02,2024-02-26 15:32:00,14.33,2,CUST_00026
TICKET_0000017,STORE_07,2024-02-04 17:54:00,7.97,2,CUST_00591
TICKET_0000018,STORE_08,2024-02-08 14:50:00,18.56,2,CUST_00044
TICKET_0000019,STORE_09,2024-03-03 13:04:00,26.12,2,CUST_00839
TICKET_0000020,STORE_07,2024-03-03 17:21:00,9.95,1,CUST_00330
TICKET_0000021,STORE_03,2024-01-05 20:26:00,56.07,6,CUST_00261
TICKET_0000022,STORE_05,2024-01-26 17:31:00,29.76,3,CUST_00292
TICKET_0000023,STORE_10,2024-01-14 13:22:00,14.75,3,CUST_00964
TICKET_0000024,STORE_01,2024-03-10 12:30:00,14.54,3,CUST_00314
TICKET_0000025,STORE_02,2024-03-29 12:47:00,10.43,2,CUST_00586
TICKET_0000026,STORE_04,2024-01-04 17:55:00,3.4,1,CUST_00001
TICKET_0000027,STORE_06,2024-01-12 20:51:00,24.09,2,CUST_00597
TICKET_0000028,STORE_05,2024-02-10 18:57:00,38.25,4,CUST_00316
TICKET_0000029,STORE_08,2024-01-07 08:04:00,3.07,1,CUST_00569
TICKET_0000030,STORE_09,2024-02-09 15:04:00,11.92,2,CUST_00965
TICKET_0000031,STORE_10,2024-03-23 21:19:00,7.7,2,CUST_00714
TICKET_0000032,STORE_04,2024-02-27 08:07:00,12.58,2,CUST_00128
TICKET_0000033,STORE_04,2024-01-25 18:15:00,10.28,1,CUST_00229
TICKET_0000034,STORE_07,2024-02-07 19:10:00,23.6,3,CUST_00168
TICKET_0000035,STORE_05,2024-02-08 21:57:00,34.66,4,CUST_00573
TICKET_0000036,STORE_05,2024-03-18 09:34:00,19.55,4,CUST_00415
TICKET_0000037,STORE_06,2024-02-28 19:37:00,20.3,2,CUST_00189
TICKET_0000038,STORE_02,2024-03-30 16:37:00,11.82,3,CUST_00733
TICKET_0000039,STORE_01,2024-02-28 16:27:00,35.78,4,CUST_00816
TICKET_0000040,STORE_04,2024-01-05 11:41:00,13.22,1,CUST_00694
TICKET_0000041,STORE_01,2024-02-06 18:03:00,12.54,2,CUST_00764
TICKET_0000042,STORE_07,2024-02-17 10:09:00,15.46,2,CUST_00555
TICKET_0000043,STORE_02,2024-03-14 21:37:00,2.97,1,CUST_00247
TICKET_0000044,STORE_04,2024-02-11 10:25:00,24.41,2,CUST_00584
TICKET_0000045,STORE_03,2024-02-29 13:12:00,15.58,2,CUST_00922
TICKET_0000046,STORE_02,2024-01-16 18:01:00,25.07,4,CUST_00085
TICKET_0000047,STORE_08,2024-02-25 15:04:00,18.16,2,CUST_00137
TICKET_0000048,STORE_08,2024-02-14 19:12:00,42.06,3,CUST_00913
TICKET_0000049,STORE_04,2024-01-17 19:58:00,10.2,1,CUST_00439
TICKET_0000050,STORE_04,2024-02-07 14:46:00,26.78,3,CUST_00551
TICKET_0000051,STORE_03,2024-03-12 13:04:00,13.61,1,CUST_00087
TICKET_0000052,STORE_05,2024-03-20 11:04:00,23.15,2,CUST_00962
TICKET_0000053,STORE_04,2024-01-26 16:31:00,8.93,1,CUST_00643
TICKET_0000054,STORE_06,2024-02-12 20:01:00,29.58,3,CUST_00520
TICKET_0000055,STORE_04,2024-02-03 15:46:00,19.13,3,CUST_00748
TICKET_0000056,STORE_05,2024-01-23 14:15:00,14.78,2,CUST_00391
TICKET_0000057,STORE_06,2024-03-25 12:29:00,21.75,3,CUST_00237
TICKET_0000058,STORE_07,2024-03-15 15:27:00,23.08,5,CUST_00421
TICKET_0000059,STORE_03,2024-03-31 11:59:00,3.07,1,CUST_00691
TICKET_0000060,STORE_06,2024-03-17 16:16:00,6.06,1,CUST_00044
TICKET_0000061,STORE_01,2024-02-15 12:09:00,14.61,1,CUST_00047
TICKET_0000062,STORE_09,2024-02-06 20:09:00,29.86,3,CUST_00126
TICKET_0000063,STORE_03,2024-03-08 17:39:00,8.96,1,CUST_00553
TICKET_0000064,STORE_06,2024-03-20 10:51:00,22.15,3,CUST_00688
TICKET_0000065,STORE_05,2024-01-23 19:30:00,54.37,5,CUST_00104
TICKET_0000066,STORE_03,2024-01-29 13:43:00,2.38,1,CUST_00709
TICKET_0000067,STORE_06,2024-02-24 16:15:00,4.43,1,CUST_00442
TICKET_0000068,STORE_09,2024-03-06 08:06:00,14.01,1,CUST_00774
TICKET_0000069,STORE_03,2024-01-05 21:07:00,15.94,3,CUST_00629
TICKET_0000070,STORE_08,2024-02-27 08:50:00,25.55,2,CUST_00766
TICKET_0000071,STORE_03,2024-03-07 18:05:00,18.75,2,CUST_00831
TICKET_0000072,STORE_01,2024-01-03 18:12:00,8.88,2,CUST_00298
TICKET_0000073,STORE_06,2024-01-09 10:08:00,22.89,3,CUST_00553
TICKET_0000074,STORE_01,2024-03-27 21:55:00,22.86,4,CUST_00057
TICKET_0000075,STORE_07,2024-03-22 17:01:00,21.93,2,CUST_00067
TICKET_0000076,STORE_05,2024-01-19 17:41:00,31.58,4,CUST_00890
TICKET_0000077,STORE_09,2024-01-15 21:14:00,34.68,5,CUST_00350
TICKET_0000078,STORE_03,2024-03-10 18:42:00,6.18,1,CUST_00106
TICKET_0000079,STORE_01,2024-01-22 12:36:00,16.51,3,CUST_00149
TICKET_0000080,STORE_01,2024-02-03 14:22:00,6.78,1,CUST_00403
TICKET_0000081,STORE_07,2024-02-13 07:18:00,13.49,2,CUST_00834
TICKET_0000082,STORE_09,2024-03-07 14:49:00,6.11,1,CUST_00805
TICKET_0000083,STORE_05,2024-01-07 12:00:00,17.91,2,CUST_00781
TICKET_0000084,STORE_02,2024-03-11 21:27:00,15.56,2,CUST_00311
TICKET_0000085,STORE_01,2024-01-21 12:13:00,12.4,1,CUST_00400
TICKET_0000086,STORE_04,2024-02-05 19:17:00,2.59,1,CUST_00333
TICKET_0000087,STORE_03,2024-02-24 07:25:00,2.24,1,CUST_00393
TICKET_0000088,STORE_01,2024-03-28 19:22:00,14.28,1,CUST_00106
TICKET_0000089,STORE_03,2024-01-10 16:51:00,7.07,1,CUST_00466
TICKET_0000090,STORE_01,2024-01-20 11:27:00,12.27,2,CUST_00305
TICKET_0000091,STORE_05,2024-01-19 18:22:00,9.18,1,CUST_00495
TICKET_0000092,STORE_09,2024-01-16 09:03:00,36.47,4,CUST_00698
TICKET_0000093,STORE_05,2024-01-19 08:00:00,19.8,2,CUST_00049
TICKET_0000094,STORE_10,2024-02-28 12:57:00,36.35,4,CUST_00870
TICKET_0000095,STORE_03,2024-03-25 21:13:00,15.22,1,CUST_00626
TICKET_0000096,STORE_07,2024-02-03 08:26:00,19.18,2,CUST_00768
TICKET_0000097,STORE_07,2024-01-01 19:15:00,36.8,4,CUST_00291
TICKET_0000098,STORE_06,2024-02-06 21:58:00,20.87,3,CUST_00595
TICKET_0000099,STORE_01,2024-02-17 14:07:00,4.41,1,CUST_00161
TICKET_0000100,STORE_02,2024-02-23 17:03:00,14.12,2,CUST_00427
TICKET_0000101,STORE_03,2024-02-24 10:24:00,12.83,1,CUST_00231
TICKET_0000102,STORE_03,2024-02-22 12:59:00,5.05,1,CUST_00854
TICKET_0000103,STORE_10,2024-02-20 12:12:00,7.87,1,CUST_00523
TICKET_0000104,STORE_01,2024-02-14 15:40:00,7.18,1,CUST_00451
TICKET_0000105,STORE_07,2024-01-18 18:21:00,28.78,4,CUST_00059
TICKET_0000106,STORE_07,2024-03-28 08:29:00,46.68,6,CUST_00747
TICKET_0000107,STORE_09,2024-03-17 19:56:00,14.22,1,CUST_00159
TICKET_0000108,STORE_10,2024-01-26 18:26:00,27.51,2,CUST_00943
TICKET_0000109,STORE_01,2024-01-14 09:11:00,24.88,4,CUST_00831
TICKET_0000110,STORE_02,2024-03-30 07:39:00,9.09,1,CUST_00835
TICKET_0000111,STORE_05,2024-01-11 13:39:00,10.49,2,CUST_00910
TICKET_0000112,STORE_05,2024-03-28 16:01:00,35.03,3,CUST_00228
TICKET_0000113,STORE_04,2024-01-07 07:54:00,19.0,2,CUST_00788
TICKET_0000114,STORE_08,2024-03-23 15:52:00,28.62,3,CUST_00748
TICKET_0000115,STORE_04,2024-03-13 16:58:00,9.04,2,CUST_00670
TICKET_0000116,STORE_04,2024-02-05 15:21:00,23.93,2,CUST_00351
TICKET_0000117,STORE_06,2024-02-07 18:57:00,15.27,3,CUST_00642
TICKET_0000118,STORE_03,2024-01-29 13:09:00,2.92,1,CUST_00905
TICKET_0000119,STORE_05,2024-03-07 08:09:00,13.74,1,CUST_00590
TICKET_0000120,STORE_09,2024-03-31 11:50:00,14.12,2,CUST_00686
TICKET_0000121,STORE_06,2024-02-03 09:20:00,16.73,2,CUST_00624
TICKET_0000122,STORE_09,2024-03-13 19:52:00,7.32,1,CUST_00966
TICKET_0000123,STORE_07,2024-01-14 11:24:00,15.46,2,CUST_00165
TICKET_0000124,STORE_03,2024-03-02 18:57:00,7.93,1,CUST_00417
TICKET_0000125,STORE_03,2024-02-23 17:09:00,5.27,1,CUST_00563
TICKET_0000126,STORE_03,2024-01-20 20:33:00,13.52,1,CUST_00480
TICKET_0000127,STORE_03,2024-03-30 11:14:00,7.46,1,CUST_00079
TICKET_0000128,STORE_08,2024-03-14 20:14:00,8.58,1,CUST_00670
TICKET_0000129,STORE_01,2024-01-29 20:20:00,16.01,2,CUST_00801
TICKET_0000130,STORE_07,2024-03-11 18:38:00,15.49,2,CUST_00110
TICKET_0000131,STORE_06,2024-01-26 09:31:00,5.9,1,CUST_00452
TICKET_0000132,STORE_04,2024-01-12 13:49:00,13.99,3,CUST_00069
TICKET_0000133,STORE_07,2024-02-22 08:14:00,11.77,1,CUST_00035
TICKET_0000134,STORE_05,2024-01-18 14:32:00,13.79,3,CUST_00458
TICKET_0000135,STORE_02,2024-03-09 10:28:00,25.75,4,CUST_00317
TICKET_0000136,STORE_02,2024-02-18 07:44:00,39.23,3,CUST_00265
TICKET_0000137,STORE_02,2024-02-19 10:39:00,33.24,4,CUST_00594
TICKET_0000138,STORE_03,2024-01-09 19:06:00,16.81,2,CUST_00537
TICKET_0000139,STORE_04,2024-01-25 12:16:00,21.48,2,CUST_00105
TICKET_0000140,STORE_01,2024-02-22 10:34:00,34.86,4,CUST_00367
TICKET_0000141,STORE_08,2024-02-29 09:54:00,15.74,2,CUST_00062
TICKET_0000142,STORE_10,2024-03-05 21:41:00,15.74,3,CUST_00568
TICKET_0000143,STORE_04,2024-01-20 10:22:00,25.8,3,CUST_00745
TICKET_0000144,STORE_04,2024-02-27 17:35:00,2.5,1,CUST_00848
TICKET_0000145,STORE_03,2024-03-24 15:24:00,17.49,2,CUST_00276
TICKET_0000146,STORE_01,2024-03-22 11:59:00,12.19,2,CUST_00336
TICKET_0000147,STORE_06,2024-02-20 07:38:00,7.05,2,CUST_00801
TICKET_0000148,STORE_01,2024-02-16 14:41:00,9.31,1,CUST_00055
TICKET_0000149,STORE_10,2024-01-21 20:42:00,20.66,2,CUST_00097
TICKET_0000150,STORE_07,2024-03-31 17:56:00,9.48,2,CUST_00119
TICKET_0000151,STORE_09,2024-03-27 12:25:00,20.0,2,CUST_00859
TICKET_0000152,STORE_05,2024-01-31 18:03:00,29.41,4,CUST_00536
TICKET_0000153,STORE_09,2024-01-16 12:34:00,19.19,3,CUST_00901
TICKET_0000154,STORE_05,2024-01-29 09:56:00,19.67,2,CUST_00099
TICKET_0000155,STORE_09,2024-03-25 14:56:00,20.72,3,CUST_00919
TICKET_0000156,STORE_02,2024-02-15 12:36:00,38.98,5,CUST_00183
TICKET_0000157,STORE_05,2024-01-10 18:17:00,33.74,3,CUST_00573
TICKET_0000158,STORE_02,2024-02-27 21:05:00,11.5,1,CUST_00786
TICKET_0000159,STORE_09,2024-01-18 12:06:00,17.48,2,CUST_00524
TICKET_0000160,STORE_04,2024-02-13 17:31:00,8.94,1,CUST_00919
TICKET_0000161,STORE_02,2024-02-08 19:09:00,23.32,2,CUST_00245
TICKET_0000162,STORE_01,2024-02-14 08:43:00,15.02,1,CUST_00737
TICKET_0000163,STORE_09,2024-03-30 18:49:00,28.01,2,CUST_00621
TICKET_0000164,STORE_04,2024-01-12 12:32:00,5.7,2,CUST_00124
TICKET_0000165,STORE_01,2024-02-15 20:03:00,10.82,2,CUST_00185
TICKET_0000166,STORE_07,2024-02-09 20:38:00,16.48,2,CUST_00252
TICKET_0000167,STORE_03,2024-01-26 12:04:00,16.62,4,CUST_00853
TICKET_0000168,STORE_07,2024-03-18 12:47:00,21.41,2,CUST_00423
TICKET_0000169,STORE_09,2024-03-20 19:32:00,3.51,1,CUST_00943
TICKET_0000170,STORE_08,2024-01-23 11:36:00,12.0,1,CUST_00635
TICKET_0000171,STORE_05,2024-01-25 07:45:00,31.95,5,CUST_00844
TICKET_0000172,STORE_07,2024-03-25 10:33:00,38.25,4,CUST_00817
TICKET_0000173,STORE_01,2024-01-04 15:35:00,20.1,2,CUST_00034
TICKET_0000174,STORE_10,2024-02-21 08:56:00,4.56,1,CUST_00833
TICKET_0000175,STORE_03,2024-02-12 21:03:00,13.61,1,CUST_00668
TICKET_0000176,STORE_04,2024-01-17 16:44:00,7.0,2,CUST_00613
TICKET_0000177,STORE_02,2024-02-11 20:25:00,12.29,1,CUST_00364
TICKET_0000178,STORE_01,2024-01-12 08:50:00,3.01,1,CUST_00759
TICKET_0000179,STORE_03,2024-03-23 10:01:00,18.66,2,CUST_00690
TICKET_0000180,STORE_09,2024-03-14 19:47:00,6.87,2,CUST_00247
TICKET_0000181,STORE_02,2024-02-06 20:53:00,34.21,3,CUST_00220
TICKET_0000182,STORE_08,2024-02-22 13:27:00,13.11,1,CUST_00379
TICKET_0000183,STORE_05,2024-01-15 15:04:00,7.34,2,CUST_00921
TICKET_0000184,STORE_01,2024-02-20 10:20:00,25.16,4,CUST_00441
TICKET_0000185,STORE_09,2024-02-07 16:29:00,11.94,2,CUST_00442
TICKET_0000186,STORE_02,2024-03-21 09:10:00,16.31,2,CUST_00358
TICKET_0000187,STORE_04,2024-03-11 07:13:00,5.8,1,CUST_00719
TICKET_0000188,STORE_07,2024-01-10 07:22:00,22.44,2,CUST_00839
TICKET_0000189,STORE_05,2024-02-11 17:06:00,22.68,2,CUST_00398
TICKET_0000190,STORE_07,2024-02-19 14:01:00,13.36,2,CUST_00771
TICKET_0000191,STORE_06,2024-02-06 16:29:00,13.89,2,CUST_00190
TICKET_0000192,STORE_07,2024-01-07 18:44:00,34.03,5,CUST_00260
TICKET_0000193,STORE_08,2024-03-23 07:26:00,13.84,2,CUST_00360
TICKET_0000194,STORE_02,2024-03-25 08:18:00,29.94,3,CUST_00788
TICKET_0000195,STORE_08,2024-02-03 21:18:00,22.74,3,CUST_00082
TICKET_0000196,STORE_01,2024-02-25 16:48:00,4.39,1,CUST_00557
TICKET_0000197,STORE_01,2024-02-03 07:14:00,19.89,3,CUST_00662
TICKET_0000198,STORE_05,2024-03-08 10:46:00,26.38,3,CUST_00317
TICKET_0000199,STORE_10,2024-02-16 20:36:00,16.87,2,CUST_00685
TICKET_0000200,STORE_02,2024-01-20 20:02:00,10.55,2,CUST_00347
TICKET_0000201,STORE_10,2024-03-01 12:21:00,16.1,2,CUST_00732
TICKET_0000202,STORE_08,2024-02-09 10:12:00,9.44,2,CUST_00580
TICKET_0000203,STORE_01,2024-03-23 21:05:00,9.23,2,CUST_00010
TICKET_0000204,STORE_02,2024-03-02 17:39:00,30.15,4,CUST_00817
TICKET_0000205,STORE_05,2024-03-12 14:00:00,3.36,1,CUST_00417
TICKET_0000206,STORE_04,2024-01-13 10:21:00,15.38,2,CUST_00907
TICKET_0000207,STORE_03,2024-03-02 17:28:00,15.87,4,CUST_00842
TICKET_0000208,STORE_05,2024-02-29 10:30:00,28.01,4,CUST_00977
TICKET_0000209,STORE_07,2024-02-12 18:32:00,27.23,5,CUST_00884
TICKET_0000210,STORE_05,2024-01-15 09:47:00,12.86,2,CUST_00677
TICKET_0000211,STORE_09,2024-03-30 21:58:00,15.7,3,CUST_00140
TICKET_0000212,STORE_09,2024-01-19 18:03:00,13.02,2,CUST_00769
TICKET_0000213,STORE_05,2024-02-26 21:23:00,4.46,1,CUST_00855
TICKET_0000214,STORE_09,2024-03-31 18:36:00,14.25,3,CUST_00924
TICKET_0000215,STORE_05,2024-03-09 19:18:00,32.15,3,CUST_00037
TICKET_0000216,STORE_08,2024-03-27 12:42:00,9.59,1,CUST_00720
TICKET_0000217,STORE_10,2024-03-30 20:33:00,21.88,2,CUST_00452
TICKET_0000218,STORE_03,2024-01-23 16:59:00,16.01,2,CUST_00082
TICKET_0000219,STORE_07,2024-01-24 16:45:00,25.64,4,CUST_00620
TICKET_0000220,STORE_07,2024-03-04 14:30:00,19.02,2,CUST_00555
TICKET_0000221,STORE_04,2024-02-21 18:06:00,9.52,1,CUST_00178
TICKET_0000222,STORE_05,2024-01-31 21:11:00,21.52,4,CUST_00261
TICKET_0000223,STORE_09,2024-02-12 17:57:00,20.76,2,CUST_00329
TICKET_0000224,STORE_03,2024-02-15 16:06:00,21.76,2,CUST_00896
TICKET_0000225,STORE_03,2024-03-16 11:58:00,24.74,5,CUST_00756
TICKET_0000226,STORE_04,2024-03-20 21:19:00,11.9,1,CUST_00403
TICKET_0000227,STORE_05,2024-03-06 12:13:00,10.89,2,CUST_00609
TICKET_0000228,STORE_05,2024-01-29 15:07:00,38.14,3,CUST_00591
TICKET_0000229,STORE_05,2024-02-09 20:02:00,21.98,3,CUST_00533
TICKET_0000230,STORE_01,2024-02-08 18:17:00,9.65,1,CUST_00139
TICKET_0000231,STORE_04,2024-03-17 15:52:00,32.48,3,CUST_00073
TICKET_0000232,STORE_07,2024-01-17 19:41:00,5.61,1,CUST_00996
TICKET_0000233,STORE_06,2024-01-25 08:14:00,43.9,4,CUST_00266
TICKET_0000234,STORE_05,2024-02-29 20:11:00,9.75,1,CUST_01000
TICKET_0000235,STORE_04,2024-01-02 10:35:00,11.51,2,CUST_00818
TICKET_0000236,STORE_09,2024-01-05 21:20:00,6.04,1,CUST_00413
TICKET_0000237,STORE_07,2024-01-28 18:26:00,35.12,5,CUST_00377
TICKET_0000238,STORE_03,2024-02-25 07:45:00,12.36,2,CUST_00958
TICKET_0000239,STORE_05,2024-03-16 16:23:00,40.86,5,CUST_00899
TICKET_0000240,STORE_09,2024-02-23 08:54:00,40.1,4,CUST_00283
TICKET_0000241,STORE_10,2024-03-12 10:32:00,8.06,1,CUST_00622
TICKET_0000242,STORE_02,2024-03-01 16:35:00,5.09,1,CUST_00893
TICKET_0000243,STORE_01,2024-01-07 16:31:00,31.55,3,CUST_00036
TICKET_0000244,STORE_10,2024-03-21 20:03:00,20.92,4,CUST_00987
TICKET_0000245,STORE_02,2024-01-03 11:46:00,5.11,2,CUST_00821
TICKET_0000246,STORE_01,2024-01-23 07:15:00,21.92,2,CUST_00766
TICKET_0000247,STORE_06,2024-02-19 12:49:00,4.5,1,CUST_00986
TICKET_0000248,STORE_03,2024-02-28 07:22:00,21.08,2,CUST_00931
TICKET_0000249,STORE_01,2024-03-28 14:34:00,4.26,1,CUST_00482
TICKET_0000250,STORE_07,2024-03-11 14:41:00,31.87,3,CUST_00952
TICKET_0000251,STORE_10,2024-03-24 19:30:00,10.38,1,CUST_00429
TICKET_0000252,STORE_03,2024-02-07 11:41:00,26.92,3,CUST_00470
TICKET_0000253,STORE_04,2024-02-01 21:23:00,14.8,2,CUST_00627
TICKET_0000254,STORE_04,2024-03-09 07:12:00,3.08,1,CUST_00087
TICKET_0000255,STORE_08,2024-03-03 17:57:00,12.47,2,CUST_00475
TICKET_0000256,STORE_05,2024-02-15 15:58:00,35.26,4,CUST_00416
TICKET_0000257,STORE_06,2024-03-05 14:16:00,3.08,1,CUST_00216
TICKET_0000258,STORE_02,2024-01-15 18:39:00,23.8,2,CUST_00812
TICKET_0000259,STORE_07,2024-03-25 13:46:00,14.09,1,CUST_00216
TICKET_0000260,STORE_10,2024-02-27 13:33:00,13.45,2,CUST_00867
TICKET_0000261,STORE_07,2024-02-14 07:59:00,37.33,4,CUST_00508
TICKET_0000262,STORE_06,2024-02-19 17:16:00,45.6,5,CUST_00314
TICKET_0000263,STORE_09,2024-02-08 16:18:00,18.07,3,CUST_00754
TICKET_0000264,STORE_04,2024-02-01 12:02:00,8.7,1,CUST_00808
TICKET_0000265,STORE_05,2024-02-15 13:17:00,39.44,4,CUST_00817
TICKET_0000266,STORE_06,2024-03-06 10:17:00,10.21,2,CUST_00657
TICKET_0000267,STORE_04,2024-01-09 16:03:00,12.15,1,CUST_00288
TICKET_0000268,STORE_09,2024-01-10 11:49:00,21.31,3,CUST_00264
TICKET_0000269,STORE_01,2024-01-15 17:53:00,8.65,1,CUST_00995
TICKET_0000270,STORE_05,2024-02-28 20:38:00,5.01,2,CUST_00549
TICKET_0000271,STORE_07,2024-01-06 21:05:00,31.59,3,CUST_00277
TICKET_0000272,STORE_02,2024-02-01 18:49:00,13.63,2,CUST_00630
TICKET_0000273,STORE_05,2024-02-23 08:19:00,7.11,1,CUST_00575
TICKET_0000274,STORE_09,2024-02-27 11:44:00,4.22,1,CUST_00567
TICKET_0000275,STORE_03,2024-03-15 07:20:00,30.69,3,CUST_00476
TICKET_0000276,STORE_05,2024-03-08 08:49:00,16.71,2,CUST_00032
TICKET_0000277,STORE_09,2024-03-08 11:15:00,18.31,2,CUST_00422
TICKET_0000278,STORE_04,2024-01-03 08:07:00,13.61,1,CUST_00628
TICKET_0000279,STORE_04,2024-02-02 17:17:00,33.69,3,CUST_00428
TICKET_0000280,STORE_08,2024-01-04 08:36:00,33.2,3,CUST_00125
TICKET_0000281,STORE_03,2024-02-24 11:17:00,17.63,3,CUST_00114
TICKET_0000282,STORE_02,2024-01-12 18:18:00,7.06,1,CUST_00766
TICKET_0000283,STORE_08,2024-01-29 19:18:00,6.67,1,CUST_00347
TICKET_0000284,STORE_03,2024-02-01 12:43:00,38.04,5,CUST_00979
TICKET_0000285,STORE_03,2024-02-09 11:24:00,19.95,2,CUST_00260
TICKET_0000286,STORE_01,2024-02-14 19:28:00,12.02,2,CUST_00116
TICKET_0000287,STORE_10,2024-02-15 13:48:00,10.05,1,CUST_00731
TICKET_0000288,STORE_07,2024-03-07 15:43:00,13.89,1,CUST_00171
TICKET_0000289,STORE_09,2024-03-12 15:52:00,19.44,2,CUST_00503
TICKET_0000290,STORE_05,2024-01-15 10:02:00,23.23,2,CUST_00156
TICKET_0000291,STORE_05,2024-02-10 11:18:00,25.86,4,CUST_00075
TICKET_0000292,STORE_06,2024-02-17 17:13:00,36.36,4,CUST_00811
TICKET_0000293,STORE_04,2024-02-28 08:52:00,28.22,3,CUST_00294
TICKET_0000294,STORE_01,2024-01-28 09:36:00,14.25,1,CUST_00347
TICKET_0000295,STORE_06,2024-02-09 16:22:00,9.23,1,CUST_00698
TICKET_0000296,STORE_07,2024-03-29 18:54:00,46.33,6,CUST_00726
TICKET_0000297,STORE_09,2024-03-02 17:56:00,42.05,4,CUST_00842
TICKET_0000298,STORE_08,2024-03-09 21:59:00,43.55,5,CUST_00377
TICKET_0000299,STORE_09,2024-02-12 13:15:00,14.11,1,CUST_00968
TICKET_0000300,STORE_05,2024-02-14 13:52:00,6.11,1,CUST_00272
TICKET_0000301,STORE_02,2024-03-28 21:44:00,5.93,1,CUST_00205
TICKET_0000302,STORE_02,2024-03-28 20:30:00,32.98,4,CUST_00420
TICKET_0000303,STORE_04,2024-01-16 16:41:00,8.91,1,CUST_00460
TICKET_0000304,STORE_02,2024-03-26 21:52:00,12.62,2,CUST_00232
TICKET_0000305,STORE_07,2024-02-24 07:20:00,13.93,2,CUST_00916
TICKET_0000306,STORE_07,2024-01-05 13:28:00,26.66,4,CUST_00297
TICKET_0000307,STORE_08,2024-01-24 16:48:00,22.32,2,CUST_00038
TICKET_0000308,STORE_04,2024-01-04 08:45:00,16.39,2,CUST_00002
TICKET_0000309,STORE_06,2024-03-27 17:28:00,18.04,3,CUST_00113
TICKET_0000310,STORE_02,2024-03-18 20:04:00,7.83,1,CUST_00670
TICKET_0000311,STORE_08,2024-02-04 07:13:00,19.02,3,CUST_00916
TICKET_0000312,STORE_09,2024-03-23 15:05:00,9.8,2,CUST_00158
TICKET_0000313,STORE_05,2024-02-25 08:55:00,7.07,2,CUST_00319
TICKET_0000314,STORE_07,2024-03-02 13:24:00,12.42,4,CUST_00932
TICKET_0000315,STORE_08,2024-02-27 12:29:00,18.09,3,CUST_00314
TICKET_0000316,STORE_09,2024-03-12 14:28:00,22.28,2,CUST_00010
TICKET_0000317,STORE_01,2024-03-12 19:53:00,9.98,1,CUST_00184
TICKET_0000318,STORE_02,2024-03-27 10:24:00,19.25,2,CUST_00662
TICKET_0000319,STORE_06,2024-03-10 09:51:00,41.53,5,CUST_00977
TICKET_0000320,STORE_09,2024-01-23 07:34:00,16.46,2,CUST_00556
TICKET_0000321,STORE_01,2024-01-22 14:55:00,12.58,1,CUST_00237
TICKET_0000322,STORE_10,2024-01-31 13:16:00,7.16,1,CUST_00831
TICKET_0000323,STORE_09,2024-02-04 19:36:00,14.64,2,CUST_00388
TICKET_0000324,STORE_06,2024-01-19 08:05:00,10.36,3,CUST_00698
TICKET_0000325,STORE_04,2024-03-16 07:44:00,20.34,2,CUST_00210
TICKET_0000326,STORE_04,2024-02-27 10:30:00,6.3,1,CUST_00486
TICKET_0000327,STORE_02,2024-01-16 20:40:00,16.74,2,CUST_00289
TICKET_0000328,STORE_05,2024-03-30 17:48:00,18.62,3,CUST_00883
TICKET_0000329,STORE_05,2024-02-03 11:38:00,16.03,2,CUST_00588
TICKET_0000330,STORE_02,2024-03-30 08:11:00,19.82,2,CUST_00258
TICKET_0000331,STORE_09,2024-02-26 08:35:00,14.98,2,CUST_00342
TICKET_0000332,STORE_02,2024-01-09 15:07:00,22.66,3,CUST_00615
TICKET_0000333,STORE_04,2024-02-02 15:33:00,5.68,1,CUST_00686
TICKET_0000334,STORE_08,2024-03-01 18:25:00,27.78,3,CUST_00688
TICKET_0000335,STORE_04,2024-02-28 18:39:00,3.04,1,CUST_00492
TICKET_0000336,STORE_05,2024-03-21 19:09:00,11.48,2,CUST_00036
TICKET_0000337,STORE_10,2024-01-26 11:12:00,15.84,2,CUST_00800
TICKET_0000338,STORE_04,2024-01-17 15:17:00,19.51,2,CUST_00983
TICKET_0000339,STORE_09,2024-01-07 19:37:00,17.06,3,CUST_00798
TICKET_0000340,STORE_07,2024-01-24 21:06:00,35.85,3,CUST_00060
TICKET_0000341,STORE_06,2024-02-08 19:02:00,13.46,2,CUST_00372
TICKET_0000342,STORE_03,2024-02-29 10:26:00,24.06,2,CUST_00823
TICKET_0000343,STORE_05,2024-01-20 15:17:00,27.43,4,CUST_00046
TICKET_0000344,STORE_03,2024-02-04 11:52:00,22.98,2,CUST_00084
TICKET_0000345,STORE_02,2024-01-13 09:59:00,23.65,4,CUST_00735
TICKET_0000346,STORE_06,2024-03-26 19:32:00,7.33,1,CUST_00771
TICKET_0000347,STORE_02,2024-02-23 17:42:00,23.97,3,CUST_00133
TICKET_0000348,STORE_10,2024-03-30 13:59:00,8.27,2,CUST_00209
TICKET_0000349,STORE_05,2024-02-24 21:22:00,19.98,2,CUST_00557
TICKET_0000350,STORE_06,2024-02-22 07:29:00,7.05,2,CUST_00582
TICKET_0000351,STORE_05,2024-01-03 13:23:00,20.84,3,CUST_00969
TICKET_0000352,STORE_04,2024-03-26 18:52:00,5.61,1,CUST_00880
TICKET_0000353,STORE_08,2024-02-23 14:11:00,26.74,3,CUST_00640
TICKET_0000354,STORE_08,2024-02-06 19:53:00,25.84,3,CUST_00392
TICKET_0000355,STORE_01,2024-03-18 16:53:00,14.36,2,CUST_00409
TICKET_0000356,STORE_02,2024-03-29 12:57:00,41.16,5,CUST_00745
TICKET_0000357,STORE_10,2024-01-22 10:20:00,36.08,4,CUST_00747
TICKET_0000358,STORE_07,2024-02-25 18:52:00,19.88,2,CUST_00545
TICKET_0000359,STORE_08,2024-01-13 10:32:00,26.94,2,CUST_00294
TICKET_0000360,STORE_03,2024-03-13 07:43:00,22.23,2,CUST_00469
TICKET_0000361,STORE_08,2024-03-29 11:56:00,33.21,4,CUST_00562
TICKET_0000362,STORE_10,2024-02-01 07:21:00,23.69,4,CUST_00434
TICKET_0000363,STORE_07,2024-01-19 07:33:00,8.78,1,CUST_00317
TICKET_0000364,STORE_10,2024-02-28 13:28:00,16.9,2,CUST_00223
TICKET_0000365,STORE_08,2024-01-26 14:52:00,10.05,2,CUST_00902
TICKET_0000366,STORE_08,2024-03-10 12:50:00,14.43,2,CUST_00442
TICKET_0000367,STORE_05,2024-01-10 14:30:00,22.38,3,CUST_00382
TICKET_0000368,STORE_06,2024-03-25 14:43:00,41.8,4,CUST_00550
TICKET_0000369,STORE_03,2024-02-04 08:40:00,15.63,2,CUST_00213
TICKET_0000370,STORE_02,2024-01-11 12:42:00,7.06,1,CUST_00597
TICKET_0000371,STORE_03,2024-02-07 13:07:00,21.06,4,CUST_00323
TICKET_0000372,STORE_07,2024-02-19 20:26:00,37.12,4,CUST_00631
TICKET_0000373,STORE_06,2024-03-03 21:40:00,14.71,1,CUST_00561
TICKET_0000374,STORE_07,2024-03-20 20:28:00,32.46,3,CUST_00455
TICKET_0000375,STORE_08,2024-02-06 13:54:00,22.55,2,CUST_00093
TICKET_0000376,STORE_07,2024-03-26 13:34:00,24.47,3,CUST_00761
TICKET_0000377,STORE_10,2024-01-30 13:02:00,18.54,3,CUST_00029
TICKET_0000378,STORE_03,2024-02-18 14:43:00,15.45,2,CUST_00467
TICKET_0000379,STORE_04,2024-02-26 10:03:00,5.88,1,CUST_00507
TICKET_0000380,STORE_08,2024-01-13 08:53:00,13.4,2,CUST_00231
TICKET_0000381,STORE_08,2024-01-19 19:19:00,17.99,3,CUST_00835
TICKET_0000382,STORE_09,2024-03-16 11:42:00,2.86,1,CUST_00517
TICKET_0000383,STORE_01,2024-03-04 20:35:00,3.2,1,CUST_00231
TICKET_0000384,STORE_02,2024-03-28 13:10:00,14.49,2,CUST_00445
TICKET_0000385,STORE_03,2024-02-05 20:09:00,15.61,3,CUST_00012
TICKET_0000386,STORE_05,2024-01-20 09:51:00,10.47,1,CUST_00926
TICKET_0000387,STORE_01,2024-03-08 10:19:00,9.36,2,CUST_00531
TICKET_0000388,STORE_03,2024-01-31 15:02:00,27.97,2,CUST_00284
TICKET_0000389,STORE_09,2024-02-03 12:13:00,9.7,1,CUST_00443
TICKET_0000390,STORE_08,2024-03-24 19:16:00,21.19,2,CUST_00172
TICKET_0000391,STORE_01,2024-01-07 07:50:00,12.47,1,CUST_00766
TICKET_0000392,STORE_10,2024-03-27 10:59:00,14.67,2,CUST_00419
TICKET_0000393,STORE_10,2024-02-22 07:18:00,34.45,4,CUST_00132
TICKET_0000394,STORE_09,2024-01-06 13:46:00,37.77,5,CUST_00631
TICKET_0000395,STORE_06,2024-01-22 19:14:00,9.24,1,CUST_00785
TICKET_0000396,STORE_08,2024-02-15 09:46:00,9.89,1,CUST_00822
TICKET_0000397,STORE_08,2024-02-11 08:18:00,25.6,3,CUST_00227
TICKET_0000398,STORE_09,2024-03-14 11:17:00,30.98,3,CUST_00359
TICKET_0000399,STORE_10,2024-01-26 09:05:00,12.47,2,CUST_00740
TICKET_0000400,STORE_01,2024-03-22 07:22:00,2.64,1,CUST_00231
TICKET_0000401,STORE_08,2024-01-04 11:07:00,35.6,4,CUST_00609
TICKET_0000402,STORE_09,2024-03-31 12:10:00,15.72,3,CUST_00728
TICKET_0000403,STORE_09,2024-03-04 17:07:00,21.2,2,CUST_00824
TICKET_0000404,STORE_09,2024-03-25 07:20:00,18.79,3,CUST_00204
TICKET_0000405,STORE_01,2024-03-02 15:30:00,21.73,4,CUST_00476
TICKET_0000406,STORE_04,2024-01-20 16:48:00,6.32,1,CUST_00250
TICKET_0000407,STORE_08,2024-01-05 15:17:00,15.56,2,CUST_00899
TICKET_0000408,STORE_02,2024-03-21 19:47:00,29.94,5,CUST_00382
TICKET_0000409,STORE_04,2024-01-23 17:10:00,20.02,3,CUST_00754
TICKET_0000410,STORE_04,2024-01-08 08:27:00,27.16,2,CUST_00768
TICKET_0000411,STORE_02,2024-01-24 09:21:00,11.07,1,CUST_00152
TICKET_0000412,STORE_06,2024-01-17 13:23:00,51.65,5,CUST_00415
TICKET_0000413,STORE_09,2024-02-12 21:39:00,8.36,2,CUST_00953
TICKET_0000414,STORE_05,2024-01-10 21:41:00,8.72,1,CUST_00095
TICKET_0000415,STORE_06,2024-02-09 08:18:00,7.6,1,CUST_00002
TICKET_0000416,STORE_09,2024-01-21 13:37:00,17.73,2,CUST_00426
TICKET_0000417,STORE_02,2024-02-05 20:38:00,8.21,1,CUST_00947
TICKET_0000418,STORE_07,2024-03-20 10:43:00,29.02,4,CUST_00550
TICKET_0000419,STORE_03,2024-02-27 10:24:00,4.4,1,CUST_00209
TICKET_0000420,STORE_02,2024-01-01 15:46:00,12.91,1,CUST_00392
TICKET_0000421,STORE_05,2024-02-14 11:58:00,22.59,2,CUST_00122
TICKET_0000422,STORE_03,2024-03-14 13:55:00,9.42,1,CUST_00758
TICKET_0000423,STORE_09,2024-03-15 19:35:00,5.08,1,CUST_00564
TICKET_0000424,STORE_01,2024-01-30 21:38:00,3.05,1,CUST_00247
TICKET_0000425,STORE_07,2024-03-03 07:02:00,2.69,1,CUST_00275
TICKET_0000426,STORE_05,2024-03-12 21:06:00,9.91,1,CUST_00822
TICKET_0000427,STORE_01,2024-03-13 14:30:00,11.01,1,CUST_00051
TICKET_0000428,STORE_03,2024-01-17 14:25:00,16.52,2,CUST_00522
TICKET_0000429,STORE_01,2024-03-16 13:15:00,23.35,3,CUST_00561
TICKET_0000430,STORE_06,2024-03-16 18:15:00,20.98,3,CUST_00642
TICKET_0000431,STORE_02,2024-03-22 16:13:00,2.55,1,CUST_00353
TICKET_0000432,STORE_08,2024-03-22 14:26:00,18.76,2,CUST_00554
TICKET_0000433,STORE_07,2024-01-27 21:56:00,33.97,4,CUST_00883
TICKET_0000434,STORE_03,2024-03-09 20:58:00,19.04,3,CUST_00626
TICKET_0000435,STORE_10,2024-01-02 07:04:00,6.3,1,CUST_00628
TICKET_0000436,STORE_04,2024-02-16 11:11:00,13.82,2,CUST_00701
TICKET_0000437,STORE_07,2024-01-31 13:36:00,25.17,3,CUST_00898
TICKET_0000438,STORE_03,2024-03-22 11:25:00,40.57,3,CUST_00527
TICKET_0000439,STORE_07,2024-03-01 17:06:00,41.3,5,CUST_00382
TICKET_0000440,STORE_05,2024-02-18 16:49:00,19.51,3,CUST_00335
TICKET_0000441,STORE_02,2024-02-09 19:39:00,28.74,3,CUST_00207
TICKET_0000442,STORE_03,2024-02-20 14:46:00,21.85,2,CUST_00991
TICKET_0000443,STORE_01,2024-01-12 18:49:00,6.64,1,CUST_00433
TICKET_0000444,STORE_10,2024-01-24 09:53:00,13.26,1,CUST_00683
TICKET_0000445,STORE_08,2024-01-31 10:05:00,11.66,1,CUST_00820
TICKET_0000446,STORE_09,2024-02-12 19:10:00,8.19,1,CUST_00268
TICKET_0000447,STORE_09,2024-01-15 07:39:00,18.14,2,CUST_00148
TICKET_0000448,STORE_07,2024-01-11 16:30:00,39.82,5,CUST_00448
TICKET_0000449,STORE_05,2024-03-26 19:16:00,17.75,4,CUST_00335
TICKET_0000450,STORE_09,2024-02-10 08:03:00,17.58,2,CUST_00152
TICKET_0000451,STORE_03,2024-01-17 13:03:00,10.98,2,CUST_00243
TICKET_0000452,STORE_07,2024-03-05 18:52:00,27.09,4,CUST_00155
TICKET_0000453,STORE_07,2024-02-06 10:08:00,39.35,4,CUST_00035
TICKET_0000454,STORE_10,2024-02-10 13:17:00,22.75,3,CUST_00129
TICKET_0000455,STORE_03,2024-01-01 11:26:00,24.39,2,CUST_00649
TICKET_0000456,STORE_09,2024-02-20 11:46:00,2.59,1,CUST_00862
TICKET_0000457,STORE_10,2024-03-27 21:58:00,13.47,2,CUST_00115
TICKET_0000458,STORE_07,2024-01-28 07:44:00,24.36,4,CUST_00357
TICKET_0000459,STORE_07,2024-03-01 11:57:00,17.89,3,CUST_00714
TICKET_0000460,STORE_05,2024-01-10 20:34:00,8.13,1,CUST_00176
TICKET_0000461,STORE_04,2024-02-19 19:24:00,2.27,1,CUST_00437
TICKET_0000462,STORE_09,2024-02-04 12:28:00,11.92,2,CUST_00948
TICKET_0000463,STORE_04,2024-02-26 19:43:00,7.52,1,CUST_00512
TICKET_0000464,STORE_02,2024-01-02 14:56:00,46.1,4,CUST_00315
TICKET_0000465,STORE_05,2024-02-09 12:44:00,12.61,1,CUST_00904
TICKET_0000466,STORE_09,2024-02-12 19:59:00,18.35,2,CUST_00752
TICKET_0000467,STORE_05,2024-02-05 10:22:00,14.1,2,CUST_00307
TICKET_0000468,STORE_02,2024-01-27 14:37:00,14.53,2,CUST_00554
TICKET_0000469,STORE_07,2024-02-22 21:36:00,9.65,1,CUST_00974
TICKET_0000470,STORE_04,2024-02-16 16:46:00,19.49,2,CUST_00910
TICKET_0000471,STORE_06,2024-01-30 12:04:00,27.42,4,CUST_00542
TICKET_0000472,STORE_10,2024-02-15 10:02:00,8.78,1,CUST_00206
TICKET_0000473,STORE_09,2024-01-09 16:22:00,14.63,2,CUST_00388
TICKET_0000474,STORE_10,2024-02-11 12:15:00,11.43,1,CUST_00479
TICKET_0000475,STORE_09,2024-01-17 13:32:00,17.88,2,CUST_00692
TICKET_0000476,STORE_01,2024-02-16 09:32:00,6.08,1,CUST_00043
TICKET_0000477,STORE_07,2024-01-07 15:42:00,9.45,2,CUST_00867
TICKET_0000478,STORE_10,2024-03-30 17:30:00,2.86,1,CUST_00836
TICKET_0000479,STORE_05,2024-02-16 16:41:00,39.93,5,CUST_00545
TICKET_0000480,STORE_04,2024-02-25 08:30:00,10.35,2,CUST_00962
TICKET_0000481,STORE_08,2024-01-28 21:29:00,34.13,5,CUST_00122
TICKET_0000482,STORE_07,2024-02-20 07:24:00,11.18,1,CUST_00055
TICKET_0000483,STORE_03,2024-03-01 13:23:00,25.07,3,CUST_00327
TICKET_0000484,STORE_05,2024-03-24 18:50:00,3.11,1,CUST_00552
TICKET_0000485,STORE_04,2024-01-12 10:30:00,10.33,1,CUST_00106
TICKET_0000486,STORE_02,2024-01-01 15:27:00,9.31,1,CUST_00643
TICKET_0000487,STORE_04,2024-01-05 16:51:00,6.8,1,CUST_00449
TICKET_0000488,STORE_01,2024-02-15 11:04:00,10.19,1,CUST_00410
TICKET_0000489,STORE_06,2024-01-23 16:23:00,29.83,5,CUST_00467
TICKET_0000490,STORE_03,2024-03-16 19:06:00,26.15,2,CUST_00662
TICKET_0000491,STORE_09,2024-02-20 13:11:00,11.66,1,CUST_00359
TICKET_0000492,STORE_10,2024-03-15 20:55:00,28.57,3,CUST_00115
TICKET_0000493,STORE_07,2024-01-20 17:36:00,12.47,2,CUST_00984
TICKET_0000494,STORE_07,2024-01-26 19:18:00,23.41,2,CUST_00918
TICKET_0000495,STORE_01,2024-02-13 07:57:00,11.34,1,CUST_00758
TICKET_0000496,STORE_02,2024-01-02 08:56:00,20.89,2,CUST_00007
TICKET_0000497,STORE_07,2024-02-19 08:19:00,4.86,2,CUST_00788
TICKET_0000498,STORE_02,2024-03-15 07:45:00,13.04,2,CUST_00213
TICKET_0000499,STORE_01,2024-01-06 20:52:00,7.97,1,CUST_00728
TICKET_0000500,STORE_08,2024-01-13 09:37:00,11.02,2,CUST_00219
TICKET_0000501,STORE_01,2024-02-03 07:43:00,15.17,2,CUST_00813
TICKET_0000502,STORE_06,2024-01-07 11:37:00,15.08,2,CUST_00213
TICKET_0000503,STORE_02,2024-02-09 10:55:00,18.4,2,CUST_00125
TICKET_0000504,STORE_02,2024-02-11 07:58:00,8.95,1,CUST_00767
TICKET_0000505,STORE_04,2024-03-15 14:46:00,13.57,1,CUST_00050
TICKET_0000506,STORE_08,2024-02-19 09:15:00,2.54,1,CUST_00993
TICKET_0000507,STORE_03,2024-02-05 12:15:00,26.2,3,CUST_00895
TICKET_0000508,STORE_03,2024-03-17 12:13:00,18.19,2,CUST_00879
TICKET_0000509,STORE_07,2024-02-27 10:49:00,9.59,1,CUST_00342
TICKET_0000510,STORE_07,2024-01-27 12:23:00,8.94,2,CUST_00686
TICKET_0000511,STORE_01,2024-01-07 07:55:00,11.89,1,CUST_00336
TICKET_0000512,STORE_03,2024-02-18 10:48:00,13.37,2,CUST_00869
TICKET_0000513,STORE_09,2024-03-25 12:14:00,8.88,1,CUST_00964
TICKET_0000514,STORE_01,2024-01-12 16:12:00,4.99,1,CUST_00097
TICKET_0000515,STORE_05,2024-01-06 10:17:00,20.65,2,CUST_00125
TICKET_0000516,STORE_03,2024-02-19 18:00:00,41.8,4,CUST_00317
TICKET_0000517,STORE_05,2024-01-18 19:23:00,6.5,1,CUST_00918
TICKET_0000518,STORE_07,2024-03-11 08:52:00,41.0,5,CUST_00042
TICKET_0000519,STORE_08,2024-01-25 09:09:00,17.4,2,CUST_00758
TICKET_0000520,STORE_09,2024-03-22 14:20:00,23.54,2,CUST_00195
TICKET_0000521,STORE_07,2024-03-02 18:20:00,22.12,2,CUST_00074
TICKET_0000522,STORE_05,2024-01-23 20:04:00,57.0,6,CUST_00292
TICKET_0000523,STORE_04,2024-02-10 07:02:00,13.35,2,CUST_00487
TICKET_0000524,STORE_07,2024-01-18 11:59:00,31.46,3,CUST_00962
TICKET_0000525,STORE_08,2024-03-02 16:33:00,21.77,2,CUST_00880
TICKET_0000526,STORE_01,2024-02-09 13:12:00,7.39,1,CUST_00696
TICKET_0000527,STORE_09,2024-02-04 21:50:00,4.55,1,CUST_00993
TICKET_0000528,STORE_01,2024-03-25 15:03:00,8.75,2,CUST_00967
TICKET_0000529,STORE_04,2024-01-29 08:01:00,28.19,3,CUST_00593
TICKET_0000530,STORE_05,2024-01-01 19:38:00,3.39,1,CUST_00249
TICKET_0000531,STORE_03,2024-02-06 20:50:00,27.3,3,CUST_00528
TICKET_0000532,STORE_06,2024-02-23 17:29:00,22.79,2,CUST_00621
TICKET_0000533,STORE_05,2024-01-15 18:55:00,29.8,4,CUST_00533
TICKET_0000534,STORE_05,2024-03-06 15:10:00,52.7,5,CUST_00039
TICKET_0000535,STORE_06,2024-02-25 18:55:00,11.82,2,CUST_00461
TICKET_0000536,STORE_05,2024-01-11 19:04:00,31.54,4,CUST_00987
TICKET_0000537,STORE_06,2024-03-23 13:44:00,50.3,5,CUST_00127
TICKET_0000538,STORE_10,2024-01-04 10:56:00,25.4,2,CUST_00209
TICKET_0000539,STORE_08,2024-01-05 11:53:00,19.9,2,CUST_00452
TICKET_0000540,STORE_06,2024-03-16 18:13:00,24.2,3,CUST_00933
TICKET_0000541,STORE_09,2024-03-22 14:40:00,25.6,2,CUST_00660
TICKET_0000542,STORE_03,2024-01-10 08:04:00,27.29,3,CUST_00472
TICKET_0000543,STORE_06,2024-02-17 11:23:00,32.68,4,CUST_00083
TICKET_0000544,STORE_02,2024-02-24 13:58:00,27.93,4,CUST_00420
TICKET_0000545,STORE_10,2024-01-14 17:37:00,35.5,5,CUST_00844
TICKET_0000546,STORE_09,2024-01-06 08:39:00,11.08,1,CUST_00570
TICKET_0000547,STORE_09,2024-01-24 11:09:00,23.3,2,CUST_00741
TICKET_0000548,STORE_01,2024-03-30 15:08:00,5.96,1,CUST_00683
TICKET_0000549,STORE_01,2024-02-01 21:17:00,12.09,1,CUST_00797
TICKET_0000550,STORE_07,2024-01-15 20:12:00,42.34,5,CUST_00689
TICKET_0000551,STORE_07,2024-03-28 14:58:00,5.07,1,CUST_00933
TICKET_0000552,STORE_05,2024-03-02 08:09:00,37.16,4,CUST_00844
TICKET_0000553,STORE_06,2024-01-14 16:26:00,49.14,5,CUST_00711
TICKET_0000554,STORE_08,2024-03-12 16:03:00,6.4,2,CUST_00164
TICKET_0000555,STORE_04,2024-03-10 20:39:00,5.9,1,CUST_00583
TICKET_0000556,STORE_02,2024-03-24 14:19:00,2.33,1,CUST_00238
TICKET_0000557,STORE_01,2024-03-21 14:56:00,20.08,2,CUST_00392
TICKET_0000558,STORE_02,2024-01-14 20:44:00,7.33,1,CUST_00836
TICKET_0000559,STORE_06,2024-03-23 16:47:00,12.18,1,CUST_00862
TICKET_0000560,STORE_07,2024-02-22 08:31:00,6.05,1,CUST_00343
TICKET_0000561,STORE_10,2024-03-19 20:22:00,21.19,3,CUST_00852
TICKET_0000562,STORE_09,2024-02-14 07:31:00,15.14,2,CUST_00482
TICKET_0000563,STORE_01,2024-01-18 07:56:00,22.63,2,CUST_00454
TICKET_0000564,STORE_06,2024-03-01 12:15:00,8.51,2,CUST_00090
TICKET_0000565,STORE_10,2024-01-19 09:59:00,24.53,3,CUST_00471
TICKET_0000566,STORE_03,2024-01-02 14:21:00,9.73,2,CUST_00323
TICKET_0000567,STORE_10,2024-03-01 09:35:00,29.81,3,CUST_00728
TICKET_0000568,STORE_01,2024-02-03 14:48:00,25.08,2,CUST_00245
TICKET_0000569,STORE_05,2024-01-15 13:48:00,11.34,2,CUST_00557
TICKET_0000570,STORE_09,2024-02-26 20:39:00,40.65,5,CUST_00832
TICKET_0000571,STORE_02,2024-03-22 19:17:00,13.29,3,CUST_00662
TICKET_0000572,STORE_09,2024-01-29 11:59:00,11.55,2,CUST_00868
TICKET_0000573,STORE_04,2024-03-02 07:08:00,18.17,2,CUST_00240
TICKET_0000574,STORE_03,2024-01-19 17:55:00,13.92,3,CUST_00513
TICKET_0000575,STORE_09,2024-03-20 19:12:00,12.7,2,CUST_00685
TICKET_0000576,STORE_10,2024-02-12 15:37:00,35.47,4,CUST_00123
TICKET_0000577,STORE_07,2024-01-23 10:31:00,40.67,6,CUST_00930
TICKET_0000578,STORE_04,2024-02-08 11:36:00,27.41,2,CUST_00770
TICKET_0000579,STORE_08,2024-03-29 08:13:00,8.79,2,CUST_00202
TICKET_0000580,STORE_07,2024-02-01 19:06:00,31.81,5,CUST_00713
TICKET_0000581,STORE_04,2024-01-06 10:21:00,9.13,1,CUST_00867
TICKET_0000582,STORE_01,2024-03-31 10:29:00,27.86,3,CUST_00162
TICKET_0000583,STORE_08,2024-02-20 15:31:00,13.76,1,CUST_00166
TICKET_0000584,STORE_01,2024-01-05 09:53:00,8.96,2,CUST_00017
TICKET_0000585,STORE_05,2024-01-12 16:57:00,15.69,2,CUST_00239
TICKET_0000586,STORE_06,2024-01-29 20:51:00,30.68,3,CUST_00876
TICKET_0000587,STORE_02,2024-01-21 15:47:00,29.8,3,CUST_00583
TICKET_0000588,STORE_05,2024-01-09 13:45:00,12.53,1,CUST_00467
TICKET_0000589,STORE_04,2024-02-09 20:15:00,9.2,1,CUST_00352
TICKET_0000590,STORE_01,2024-01-07 15:55:00,23.89,2,CUST_00672
TICKET_0000591,STORE_06,2024-03-31 21:16:00,33.43,3,CUST_00223
TICKET_0000592,STORE_01,2024-03-05 19:02:00,20.54,3,CUST_00517
TICKET_0000593,STORE_02,2024-01-05 20:56:00,14.22,2,CUST_00456
TICKET_0000594,STORE_04,2024-01-31 13:54:00,11.69,2,CUST_00992
TICKET_0000595,STORE_09,2024-02-16 12:49:00,6.12,1,CUST_00783
TICKET_0000596,STORE_05,2024-03-13 07:18:00,14.02,3,CUST_00369
TICKET_0000597,STORE_09,2024-03-27 18:38:00,6.88,1,CUST_00055
TICKET_0000598,STORE_05,2024-03-05 13:58:00,30.09,3,CUST_00539
TICKET_0000599,STORE_10,2024-02-22 13:27:00,27.56,3,CUST_00571
TICKET_0000600,STORE_05,2024-01-06 20:14:00,3.43,1,CUST_00494
TICKET_0000601,STORE_10,2024-02-17 21:20:00,9.09,1,CUST_00431
TICKET_0000602,STORE_05,2024-01-19 15:18:00,2.96,1,CUST_00343
TICKET_0000603,STORE_01,2024-01-20 21:37:00,8.42,1,CUST_00256
TICKET_0000604,STORE_08,2024-02-10 20:47:00,13.47,2,CUST_00278
TICKET_0000605,STORE_03,2024-03-26 07:37:00,26.91,2,CUST_00926
TICKET_0000606,STORE_03,2024-03-06 19:40:00,9.66,1,CUST_00017
TICKET_0000607,STORE_06,2024-01-20 15:26:00,46.03,5,CUST_00420
TICKET_0000608,STORE_05,2024-03-28 13:11:00,37.59,5,CUST_00661
TICKET_0000609,STORE_01,2024-01-18 10:52:00,13.79,1,CUST_00395
TICKET_0000610,STORE_10,2024-03-29 09:18:00,6.84,1,CUST_00456
TICKET_0000611,STORE_10,2024-01-08 11:38:00,9.3,1,CUST_00303
TICKET_0000612,STORE_02,2024-02-15 12:07:00,7.11,1,CUST_00234
TICKET_0000613,STORE_05,2024-01-30 14:59:00,19.85,3,CUST_00455
TICKET_0000614,STORE_10,2024-03-14 09:59:00,15.2,2,CUST_00047
TICKET_0000615,STORE_07,2024-03-14 16:02:00,9.59,1,CUST_00792
TICKET_0000616,STORE_06,2024-03-22 08:30:00,37.34,4,CUST_00698
TICKET_0000617,STORE_02,2024-03-01 13:23:00,11.15,1,CUST_00906
TICKET_0000618,STORE_06,2024-01-19 15:16:00,10.36,1,CUST_00175
TICKET_0000619,STORE_05,2024-02-19 12:36:00,18.45,3,CUST_00525
TICKET_0000620,STORE_09,2024-02-23 08:43:00,3.48,1,CUST_00764
TICKET_0000621,STORE_07,2024-02-11 20:08:00,25.06,2,CUST_00480
TICKET_0000622,STORE_07,2024-02-24 16:23:00,14.23,2,CUST_00996
TICKET_0000623,STORE_08,2024-03-01 17:14:00,15.03,1,CUST_00012
TICKET_0000624,STORE_10,2024-01-13 11:35:00,49.09,5,CUST_00428
TICKET_0000625,STORE_09,2024-02-08 13:43:00,35.77,3,CUST_00160
TICKET_0000626,STORE_06,2024-01-06 11:49:00,6.22,1,CUST_00507
TICKET_0000627,STORE_04,2024-01-23 10:48:00,7.85,1,CUST_00564
TICKET_0000628,STORE_05,2024-01-16 12:17:00,17.96,3,CUST_00565
TICKET_0000629,STORE_09,2024-03-25 20:00:00,17.35,2,CUST_00552
TICKET_0000630,STORE_07,2024-03-24 17:39:00,37.52,4,CUST_00883
TICKET_0000631,STORE_01,2024-02-19 15:13:00,10.38,1,CUST_00702
TICKET_0000632,STORE_07,2024-02-11 09:06:00,40.15,4,CUST_00884
TICKET_0000633,STORE_03,2024-01-02 09:23:00,6.36,2,CUST_00949
TICKET_0000634,STORE_01,2024-01-31 11:32:00,4.81,1,CUST_00090
TICKET_0000635,STORE_10,2024-02-15 13:33:00,11.91,1,CUST_00411
TICKET_0000636,STORE_08,2024-03-10 19:14:00,31.34,4,CUST_00816
TICKET_0000637,STORE_04,2024-01-11 14:29:00,9.31,1,CUST_00864
TICKET_0000638,STORE_04,2024-02-25 11:38:00,3.36,1,CUST_00473
TICKET_0000639,STORE_06,2024-01-21 12:59:00,35.6,4,CUST_00641
TICKET_0000640,STORE_05,2024-01-09 18:18:00,2.63,1,CUST_00360
TICKET_0000641,STORE_02,2024-01-28 13:36:00,13.91,1,CUST_00616
TICKET_0000642,STORE_10,2024-02-22 18:30:00,22.4,2,CUST_00028
TICKET_0000643,STORE_04,2024-03-31 15:39:00,35.81,3,CUST_00178
TICKET_0000644,STORE_08,2024-01-11 15:13:00,32.59,3,CUST_00788
TICKET_0000645,STORE_02,2024-01-21 18:15:00,32.08,5,CUST_00735
TICKET_0000646,STORE_02,2024-01-09 08:36:00,29.8,3,CUST_00432
TICKET_0000647,STORE_09,2024-02-22 16:00:00,14.39,1,CUST_00452
TICKET_0000648,STORE_10,2024-02-17 21:14:00,25.05,4,CUST_00194
TICKET_0000649,STORE_09,2024-03-07 11:30:00,4.37,1,CUST_00162
TICKET_0000650,STORE_02,2024-01-06 14:39:00,16.08,2,CUST_00492
TICKET_0000651,STORE_06,2024-03-24 08:21:00,49.21,5,CUST_00560
TICKET_0000652,STORE_08,2024-02-07 13:27:00,10.36,1,CUST_00247
TICKET_0000653,STORE_02,2024-03-18 19:57:00,15.06,1,CUST_00911
TICKET_0000654,STORE_08,2024-03-07 20:22:00,20.11,2,CUST_00223
TICKET_0000655,STORE_03,2024-02-20 15:01:00,22.65,3,CUST_00113
TICKET_0000656,STORE_10,2024-03-31 08:37:00,32.88,3,CUST_00625
TICKET_0000657,STORE_10,2024-03-11 16:13:00,2.54,1,CUST_00166
TICKET_0000658,STORE_03,2024-03-26 14:27:00,22.75,2,CUST_00780
TICKET_0000659,STORE_06,2024-03-02 09:21:00,24.97,3,CUST_00915
TICKET_0000660,STORE_08,2024-03-10 09:39:00,4.27,1,CUST_00028
TICKET_0000661,STORE_09,2024-03-09 21:59:00,12.16,2,CUST_00114
TICKET_0000662,STORE_05,2024-03-13 21:40:00,3.51,1,CUST_00389
TICKET_0000663,STORE_02,2024-03-26 12:57:00,27.41,3,CUST_00126
TICKET_0000664,STORE_10,2024-01-01 14:56:00,27.36,3,CUST_00595
TICKET_0000665,STORE_04,2024-01-03 19:35:00,2.37,1,CUST_00885
TICKET_0000666,STORE_08,2024-03-25 14:15:00,8.74,1,CUST_00224
TICKET_0000667,STORE_08,2024-01-05 08:23:00,20.85,2,CUST_00770
TICKET_0000668,STORE_08,2024-01-05 19:47:00,2.58,1,CUST_00325
TICKET_0000669,STORE_09,2024-02-12 18:23:00,8.42,2,CUST_00178
TICKET_0000670,STORE_02,2024-02-13 16:03:00,2.68,1,CUST_00993
TICKET_0000671,STORE_10,2024-01-22 08:58:00,22.61,4,CUST_00550
TICKET_0000672,STORE_05,2024-03-23 12:05:00,59.39,5,CUST_00381
TICKET_0000673,STORE_10,2024-03-03 20:01:00,25.35,2,CUST_00362
TICKET_0000674,STORE_02,2024-01-09 14:05:00,11.46,2,CUST_00472
TICKET_0000675,STORE_10,2024-01-24 16:31:00,15.08,2,CUST_00759
TICKET_0000676,STORE_07,2024-03-11 21:46:00,29.95,4,CUST_00858
TICKET_0000677,STORE_01,2024-02-03 21:33:00,18.03,2,CUST_00869
TICKET_0000678,STORE_08,2024-01-21 14:32:00,18.18,2,CUST_00026
TICKET_0000679,STORE_07,2024-01-10 10:09:00,33.77,4,CUST_00498
TICKET_0000680,STORE_06,2024-01-15 07:40:00,23.75,2,CUST_00740
TICKET_0000681,STORE_01,2024-02-04 09:14:00,2.95,1,CUST_00097
TICKET_0000682,STORE_01,2024-02-05 10:54:00,20.45,3,CUST_00629
TICKET_0000683,STORE_06,2024-03-03 12:26:00,13.65,1,CUST_00298
TICKET_0000684,STORE_10,2024-01-29 08:40:00,3.69,1,CUST_00648
TICKET_0000685,STORE_07,2024-02-15 10:03:00,26.94,4,CUST_00149
TICKET_0000686,STORE_02,2024-03-22 07:00:00,17.44,2,CUST_00336
TICKET_0000687,STORE_08,2024-02-24 16:33:00,7.33,1,CUST_00397
TICKET_0000688,STORE_10,2024-01-02 21:16:00,10.43,2,CUST_00323
TICKET_0000689,STORE_04,2024-03-04 21:27:00,19.78,2,CUST_00329
TICKET_0000690,STORE_09,2024-02-14 13:16:00,38.8,4,CUST_00291
TICKET_0000691,STORE_09,2024-02-16 10:24:00,6.18,1,CUST_00675
TICKET_0000692,STORE_02,2024-02-26 10:17:00,31.59,4,CUST_00407
TICKET_0000693,STORE_03,2024-01-12 11:54:00,4.37,1,CUST_00897
TICKET_0000694,STORE_05,2024-01-30 08:59:00,5.01,1,CUST_00037
TICKET_0000695,STORE_10,2024-03-04 16:05:00,4.72,1,CUST_00820
TICKET_0000696,STORE_10,2024-03-14 13:22:00,5.29,2,CUST_00611
TICKET_0000697,STORE_06,2024-01-11 20:32:00,23.34,3,CUST_00653
TICKET_0000698,STORE_09,2024-01-17 07:34:00,7.74,1,CUST_00229
TICKET_0000699,STORE_09,2024-01-20 10:03:00,9.01,1,CUST_00121
TICKET_0000700,STORE_05,2024-03-16 20:22:00,44.27,5,CUST_00513
TICKET_0000701,STORE_04,2024-03-30 19:45:00,13.34,2,CUST_00779
TICKET_0000702,STORE_02,2024-03-17 18:35:00,2.26,1,CUST_00911
TICKET_0000703,STORE_03,2024-01-07 12:02:00,30.11,3,CUST_00476
TICKET_0000704,STORE_04,2024-02-18 19:21:00,9.84,1,CUST_00353
TICKET_0000705,STORE_09,2024-02-16 16:37:00,5.99,1,CUST_00980
TICKET_0000706,STORE_08,2024-01-04 14:46:00,56.12,6,CUST_00853
TICKET_0000707,STORE_01,2024-02-29 12:14:00,2.7,1,CUST_00265
TICKET_0000708,STORE_08,2024-03-09 21:22:00,14.95,2,CUST_00947
TICKET_0000709,STORE_03,2024-02-28 09:11:00,20.12,4,CUST_00129
TICKET_0000710,STORE_10,2024-02-03 18:10:00,14.08,1,CUST_00540
TICKET_0000711,STORE_04,2024-03-27 10:07:00,12.63,2,CUST_00619
TICKET_0000712,STORE_02,2024-02-24 08:45:00,5.28,1,CUST_00237
TICKET_0000713,STORE_07,2024-01-26 20:24:00,20.57,2,CUST_00115
TICKET_0000714,STORE_07,2024-03-21 17:42:00,18.22,4,CUST_00777
TICKET_0000715,STORE_09,2024-03-31 17:00:00,25.31,3,CUST_00600
TICKET_0000716,STORE_01,2024-03-25 19:50:00,21.59,3,CUST_00587
TICKET_0000717,STORE_06,2024-01-16 21:15:00,16.54,2,CUST_00588
TICKET_0000718,STORE_04,2024-02-16 12:42:00,4.64,1,CUST_00105
TICKET_0000719,STORE_10,2024-03-23 20:25:00,7.25,1,CUST_00814
TICKET_0000720,STORE_07,2024-03-17 10:48:00,31.34,4,CUST_00326
TICKET_0000721,STORE_08,2024-03-18 21:26:00,9.74,1,CUST_00482
TICKET_0000722,STORE_05,2024-02-13 16:32:00,16.6,2,CUST_00084
TICKET_0000723,STORE_08,2024-01-05 10:33:00,13.13,2,CUST_00985
TICKET_0000724,STORE_01,2024-03-06 16:55:00,7.84,1,CUST_00007
TICKET_0000725,STORE_03,2024-03-10 12:53:00,12.1,2,CUST_00784
TICKET_0000726,STORE_08,2024-01-15 15:51:00,8.68,1,CUST_00152
TICKET_0000727,STORE_04,2024-01-12 21:06:00,12.26,2,CUST_00017
TICKET_0000728,STORE_02,2024-03-20 08:31:00,7.82,1,CUST_00268
TICKET_0000729,STORE_03,2024-01-03 18:23:00,12.46,1,CUST_00512
TICKET_0000730,STORE_08,2024-03-26 19:31:00,19.8,2,CUST_00802
TICKET_0000731,STORE_05,2024-01-10 18:17:00,13.15,1,CUST_00290
TICKET_0000732,STORE_04,2024-02-24 15:46:00,6.18,1,CUST_00758
TICKET_0000733,STORE_06,2024-02-12 19:24:00,18.74,3,CUST_00673
TICKET_0000734,STORE_07,2024-01-11 16:02:00,23.76,3,CUST_00757
TICKET_0000735,STORE_01,2024-01-25 16:11:00,7.57,1,CUST_00286
TICKET_0000736,STORE_03,2024-02-14 07:44:00,3.2,1,CUST_00279
TICKET_0000737,STORE_01,2024-03-16 21:42:00,26.78,3,CUST_00882
TICKET_0000738,STORE_10,2024-01-20 18:43:00,14.25,2,CUST_00991
TICKET_0000739,STORE_02,2024-02-04 07:15:00,7.28,1,CUST_00624
TICKET_0000740,STORE_03,2024-01-11 14:01:00,14.11,1,CUST_00050
TICKET_0000741,STORE_05,2024-02-28 16:00:00,24.6,3,CUST_00253
TICKET_0000742,STORE_09,2024-01-05 21:06:00,25.32,2,CUST_00984
TICKET_0000743,STORE_05,2024-01-16 17:10:00,31.36,3,CUST_00533
TICKET_0000744,STORE_03,2024-02-06 21:10:00,18.04,3,CUST_00955
TICKET_0000745,STORE_04,2024-03-22 21:06:00,3.49,1,CUST_00089
TICKET_0000746,STORE_07,2024-01-22 21:38:00,3.61,1,CUST_00434
TICKET_0000747,STORE_10,2024-01-02 20:07:00,21.73,2,CUST_00356
TICKET_0000748,STORE_03,2024-01-17 17:07:00,8.47,1,CUST_00184
TICKET_0000749,STORE_08,2024-03-13 08:27:00,4.43,1,CUST_00002
TICKET_0000750,STORE_09,2024-01-04 15:14:00,39.31,4,CUST_00315
TICKET_0000751,STORE_08,2024-01-19 14:59:00,5.78,1,CUST_00099
TICKET_0000752,STORE_04,2024-01-07 21:35:00,4.75,1,CUST_00405
TICKET_0000753,STORE_09,2024-03-03 09:42:00,17.67,2,CUST_00284
TICKET_0000754,STORE_02,2024-01-23 09:01:00,20.15,3,CUST_00908
TICKET_0000755,STORE_05,2024-01-29 13:54:00,13.32,2,CUST_00055
TICKET_0000756,STORE_04,2024-01-17 21:14:00,14.12,1,CUST_00257
TICKET_0000757,STORE_08,2024-03-31 11:06:00,30.05,2,CUST_00579
TICKET_0000758,STORE_08,2024-01-02 17:51:00,9.09,1,CUST_00692
TICKET_0000759,STORE_07,2024-02-17 14:24:00,25.78,3,CUST_00025
TICKET_0000760,STORE_09,2024-02-06 20:20:00,18.13,2,CUST_00705
TICKET_0000761,STORE_01,2024-02-01 11:50:00,9.46,1,CUST_00962
TICKET_0000762,STORE_08,2024-03-04 15:25:00,11.81,1,CUST_00462
TICKET_0000763,STORE_05,2024-02-17 11:55:00,19.38,3,CUST_00423
TICKET_0000764,STORE_10,2024-02-14 15:49:00,13.29,2,CUST_00252
TICKET_0000765,STORE_09,2024-01-23 09:34:00,18.37,3,CUST_00353
TICKET_0000766,STORE_06,2024-03-15 19:38:00,7.72,1,CUST_00846
TICKET_0000767,STORE_04,2024-03-20 17:53:00,36.21,4,CUST_00498
TICKET_0000768,STORE_01,2024-03-22 16:52:00,6.2,1,CUST_00737
TICKET_0000769,STORE_09,2024-02-27 21:38:00,49.18,5,CUST_00870
TICKET_0000770,STORE_02,2024-03-19 19:11:00,16.41,3,CUST_00565
TICKET_0000771,STORE_10,2024-02-22 13:59:00,11.71,2,CUST_00941
TICKET_0000772,STORE_01,2024-02-25 11:49:00,14.15,2,CUST_00305
TICKET_0000773,STORE_05,2024-01-03 16:01:00,17.48,2,CUST_00826
TICKET_0000774,STORE_06,2024-01-28 09:15:00,7.98,1,CUST_00392
TICKET_0000775,STORE_04,2024-02-03 19:56:00,13.52,2,CUST_00395
TICKET_0000776,STORE_03,2024-02-04 20:28:00,15.65,3,CUST_00351
TICKET_0000777,STORE_10,2024-03-11 19:30:00,7.39,2,CUST_00568
TICKET_0000778,STORE_05,2024-03-06 07:31:00,5.72,2,CUST_00276
TICKET_0000779,STORE_07,2024-01-22 12:03:00,14.09,2,CUST_00828
TICKET_0000780,STORE_02,2024-02-15 07:57:00,42.16,4,CUST_00825
TICKET_0000781,STORE_06,2024-01-04 14:08:00,31.57,4,CUST_00542
TICKET_0000782,STORE_08,2024-03-22 10:45:00,12.68,1,CUST_00790
TICKET_0000783,STORE_01,2024-01-19 16:58:00,28.02,3,CUST_00829
TICKET_0000784,STORE_10,2024-02-26 19:51:00,4.53,1,CUST_00859
TICKET_0000785,STORE_09,2024-02-16 18:38:00,12.6,2,CUST_00004
TICKET_0000786,STORE_05,2024-01-30 18:07:00,9.74,1,CUST_00325
TICKET_0000787,STORE_07,2024-01-26 14:59:00,38.11,4,CUST_00059
TICKET_0000788,STORE_10,2024-02-10 10:06:00,28.11,2,CUST_00447
TICKET_0000789,STORE_02,2024-02-29 07:43:00,12.64,2,CUST_00166
TICKET_0000790,STORE_05,2024-01-21 16:10:00,10.29,3,CUST_00986
TICKET_0000791,STORE_07,2024-02-07 17:44:00,20.35,4,CUST_00132
TICKET_0000792,STORE_07,2024-01-24 15:04:00,16.86,3,CUST_00761
TICKET_0000793,STORE_10,2024-03-21 10:16:00,14.62,1,CUST_00783
TICKET_0000794,STORE_09,2024-02-03 21:54:00,21.17,2,CUST_00091
TICKET_0000795,STORE_04,2024-03-21 09:34:00,19.11,2,CUST_00302
TICKET_0000796,STORE_06,2024-02-02 11:48:00,8.99,2,CUST_00954
TICKET_0000797,STORE_05,2024-03-08 08:41:00,37.16,4,CUST_00101
TICKET_0000798,STORE_02,2024-02-05 10:49:00,6.05,1,CUST_00143
TICKET_0000799,STORE_08,2024-01-25 21:44:00,4.22,1,CUST_00493
TICKET_0000800,STORE_07,2024-01-27 11:16:00,27.45,4,CUST_00986
TICKET_0000801,STORE_01,2024-03-26 11:30:00,14.96,3,CUST_00016
TICKET_0000802,STORE_06,2024-01-08 13:24:00,8.06,1,CUST_00734
TICKET_0000803,STORE_02,2024-01-24 11:20:00,13.76,3,CUST_00952
TICKET_0000804,STORE_10,2024-03-02 16:38:00,15.88,2,CUST_00740
TICKET_0000805,STORE_06,2024-02-07 16:21:00,25.95,3,CUST_00164
TICKET_0000806,STORE_10,2024-03-06 07:11:00,14.31,1,CUST_00285
TICKET_0000807,STORE_07,2024-02-05 08:42:00,16.85,2,CUST_00073
TICKET_0000808,STORE_08,2024-03-10 19:19:00,2.63,1,CUST_00783
TICKET_0000809,STORE_10,2024-03-14 08:51:00,35.79,4,CUST_00046
TICKET_0000810,STORE_07,2024-02-05 11:38:00,29.09,2,CUST_00129
TICKET_0000811,STORE_03,2024-02-09 17:25:00,29.82,4,CUST_00593
TICKET_0000812,STORE_09,2024-03-05 14:46:00,4.49,1,CUST_00854
TICKET_0000813,STORE_03,2024-01-14 17:14:00,9.74,1,CUST_00359
TICKET_0000814,STORE_10,2024-02-05 12:51:00,30.56,3,CUST_00621
TICKET_0000815,STORE_02,2024-03-27 07:00:00,2.4,1,CUST_00151
TICKET_0000816,STORE_10,2024-01-17 07:23:00,26.76,3,CUST_00203
TICKET_0000817,STORE_04,2024-02-21 17:53:00,12.92,2,CUST_00959
TICKET_0000818,STORE_06,2024-03-22 10:47:00,7.09,1,CUST_00532
TICKET_0000819,STORE_08,2024-02-16 11:04:00,31.22,4,CUST_00171
TICKET_0000820,STORE_01,2024-02-06 11:13:00,9.71,1,CUST_00744
TICKET_0000821,STORE_03,2024-03-06 09:18:00,19.67,2,CUST_00649
TICKET_0000822,STORE_03,2024-01-27 14:10:00,22.72,2,CUST_00492
TICKET_0000823,STORE_02,2024-02-04 21:50:00,25.1,5,CUST_00747
TICKET_0000824,STORE_01,2024-01-27 16:43:00,8.4,1,CUST_00329
TICKET_0000825,STORE_08,2024-02-24 15:37:00,19.47,2,CUST_00597
TICKET_0000826,STORE_09,2024-01-05 07:28:00,9.51,2,CUST_00208
TICKET_0000827,STORE_01,2024-02-21 20:18:00,31.36,3,CUST_00521
TICKET_0000828,STORE_07,2024-01-25 15:50:00,27.25,4,CUST_00434
TICKET_0000829,STORE_09,2024-01-10 15:19:00,26.22,3,CUST_00631
TICKET_0000830,STORE_05,2024-02-25 11:30:00,14.16,2,CUST_00921
TICKET_0000831,STORE_02,2024-02-23 09:00:00,3.49,1,CUST_00486
TICKET_0000832,STORE_05,2024-02-13 18:44:00,16.25,2,CUST_00784
TICKET_0000833,STORE_07,2024-01-16 13:46:00,2.96,1,CUST_00245
TICKET_0000834,STORE_06,2024-03-17 20:59:00,21.0,3,CUST_00952
TICKET_0000835,STORE_09,2024-02-04 21:59:00,16.97,2,CUST_00480
TICKET_0000836,STORE_05,2024-01-29 10:19:00,23.92,4,CUST_00721
TICKET_0000837,STORE_10,2024-03-21 10:53:00,55.17,5,CUST_00306
TICKET_0000838,STORE_06,2024-01-27 14:39:00,19.71,2,CUST_00703
TICKET_0000839,STORE_03,2024-03-27 15:07:00,9.29,1,CUST_00552
TICKET_0000840,STORE_07,2024-01-31 15:03:00,23.03,3,CUST_00335
TICKET_0000841,STORE_05,2024-01-15 11:38:00,32.84,3,CUST_00484
TICKET_0000842,STORE_05,2024-01-07 11:12:00,23.03,3,CUST_00367
TICKET_0000843,STORE_04,2024-03-24 14:36:00,18.92,2,CUST_00073
TICKET_0000844,STORE_02,2024-03-19 19:12:00,17.91,3,CUST_00561
TICKET_0000845,STORE_01,2024-03-14 17:15:00,33.83,3,CUST_00953
TICKET_0000846,STORE_06,2024-03-27 07:12:00,39.01,4,CUST_00042
TICKET_0000847,STORE_09,2024-01-06 15:49:00,37.08,3,CUST_00278
TICKET_0000848,STORE_08,2024-02-14 14:22:00,20.01,3,CUST_00110
TICKET_0000849,STORE_05,2024-03-31 07:28:00,33.16,3,CUST_00029
TICKET_0000850,STORE_05,2024-02-16 18:18:00,13.58,2,CUST_00229
TICKET_0000851,STORE_10,2024-03-27 16:49:00,6.77,2,CUST_00799
TICKET_0000852,STORE_03,2024-01-25 10:28:00,20.08,3,CUST_00211
TICKET_0000853,STORE_04,2024-01-19 08:14:00,24.15,2,CUST_00131
TICKET_0000854,STORE_05,2024-01-26 16:08:00,3.63,1,CUST_00078
TICKET_0000855,STORE_01,2024-02-05 13:48:00,9.99,1,CUST_00680
TICKET_0000856,STORE_04,2024-01-11 13:34:00,14.38,1,CUST_00219
TICKET_0000857,STORE_05,2024-01-05 17:00:00,22.75,4,CUST_00508
TICKET_0000858,STORE_06,2024-01-28 14:22:00,3.12,1,CUST_00462
TICKET_0000859,STORE_02,2024-02-15 20:25:00,12.09,2,CUST_00754
TICKET_0000860,STORE_07,2024-03-18 07:38:00,27.57,3,CUST_00803
TICKET_0000861,STORE_01,2024-02-19 07:58:00,9.93,1,CUST_00184
TICKET_0000862,STORE_07,2024-03-10 09:20:00,30.38,4,CUST_00735
TICKET_0000863,STORE_10,2024-01-12 17:11:00,9.1,2,CUST_00903
TICKET_0000864,STORE_10,2024-01-28 18:43:00,14.74,1,CUST_00466
TICKET_0000865,STORE_10,2024-01-06 12:34:00,14.88,4,CUST_00547
TICKET_0000866,STORE_04,2024-02-29 21:50:00,18.73,3,CUST_00864
TICKET_0000867,STORE_04,2024-03-31 11:55:00,37.89,3,CUST_00811
TICKET_0000868,STORE_04,2024-01-23 13:13:00,9.22,1,CUST_00339
TICKET_0000869,STORE_06,2024-01-29 21:50:00,35.97,4,CUST_00169
TICKET_0000870,STORE_04,2024-03-31 13:14:00,15.09,2,CUST_00959
TICKET_0000871,STORE_01,2024-03-31 16:51:00,16.01,3,CUST_00448
TICKET_0000872,STORE_01,2024-02-29 15:14:00,15.08,2,CUST_00598
TICKET_0000873,STORE_04,2024-01-07 18:04:00,24.73,2,CUST_00288
TICKET_0000874,STORE_01,2024-02-13 13:25:00,17.05,2,CUST_00934
TICKET_0000875,STORE_10,2024-02-23 20:54:00,2.55,1,CUST_00636
TICKET_0000876,STORE_04,2024-02-02 08:26:00,19.81,3,CUST_00733
TICKET_0000877,STORE_07,2024-02-27 15:35:00,9.58,1,CUST_00198
TICKET_0000878,STORE_07,2024-03-17 18:22:00,24.78,3,CUST_00777
TICKET_0000879,STORE_10,2024-02-17 09:42:00,22.43,3,CUST_00322
TICKET_0000880,STORE_09,2024-01-02 10:42:00,14.4,1,CUST_00170
TICKET_0000881,STORE_07,2024-01-26 16:36:00,16.32,3,CUST_00176
TICKET_0000882,STORE_01,2024-03-28 11:28:00,15.9,3,CUST_00219
TICKET_0000883,STORE_03,2024-02-23 13:00:00,14.62,2,CUST_00555
TICKET_0000884,STORE_06,2024-01-17 07:06:00,30.51,3,CUST_00888
TICKET_0000885,STORE_01,2024-03-23 10:04:00,20.97,4,CUST_00777
TICKET_0000886,STORE_02,2024-01-15 10:18:00,15.99,3,CUST_00948
TICKET_0000887,STORE_07,2024-01-09 19:38:00,9.95,1,CUST_00330
TICKET_0000888,STORE_10,2024-01-16 19:57:00,12.23,2,CUST_00382
TICKET_0000889,STORE_04,2024-01-03 12:28:00,4.83,1,CUST_00786
TICKET_0000890,STORE_01,2024-02-14 16:20:00,19.72,2,CUST_00737
TICKET_0000891,STORE_10,2024-03-23 09:08:00,17.77,2,CUST_00994
TICKET_0000892,STORE_03,2024-03-28 15:42:00,26.95,4,CUST_00973
TICKET_0000893,STORE_10,2024-01-06 15:51:00,4.31,1,CUST_00760
TICKET_0000894,STORE_02,2024-03-08 19:55:00,16.54,2,CUST_00733
TICKET_0000895,STORE_08,2024-01-21 09:27:00,9.3,1,CUST_00935
TICKET_0000896,STORE_09,2024-02-16 08:46:00,12.56,1,CUST_00010
TICKET_0000897,STORE_07,2024-01-31 08:19:00,34.32,4,CUST_00233
TICKET_0000898,STORE_04,2024-02-24 09:51:00,14.97,1,CUST_00279
TICKET_0000899,STORE_10,2024-01-18 07:27:00,11.82,1,CUST_00504
TICKET_0000900,STORE_08,2024-02-09 11:34:00,27.96,3,CUST_00283
TICKET_0000901,STORE_10,2024-01-10 12:01:00,25.87,3,CUST_00731
TICKET_0000902,STORE_06,2024-02-23 09:35:00,28.13,4,CUST_00641
TICKET_0000903,STORE_05,2024-02-15 18:50:00,10.13,3,CUST_00029
TICKET_0000904,STORE_04,2024-02-14 12:35:00,9.71,1,CUST_00895
TICKET_0000905,STORE_04,2024-02-01 21:10:00,4.54,1,CUST_00196
TICKET_0000906,STORE_09,2024-02-09 19:51:00,22.07,2,CUST_00442
TICKET_0000907,STORE_04,2024-03-26 08:18:00,11.8,2,CUST_00833
TICKET_0000908,STORE_07,2024-03-17 11:01:00,9.02,1,CUST_00805
TICKET_0000909,STORE_08,2024-02-01 11:53:00,19.51,2,CUST_00722
TICKET_0000910,STORE_07,2024-03-20 17:07:00,24.71,3,CUST_00871
TICKET_0000911,STORE_04,2024-01-22 14:37:00,17.15,2,CUST_00897
TICKET_0000912,STORE_05,2024-03-07 19:42:00,19.01,3,CUST_00281
TICKET_0000913,STORE_02,2024-02-06 09:13:00,20.62,3,CUST_00590
TICKET_0000914,STORE_09,2024-02-06 17:13:00,41.18,5,CUST_00373
TICKET_0000915,STORE_07,2024-01-31 18:49:00,39.3,4,CUST_00539
TICKET_0000916,STORE_06,2024-01-04 14:43:00,36.08,3,CUST_00288
TICKET_0000917,STORE_03,2024-03-25 07:30:00,12.34,3,CUST_00356
TICKET_0000918,STORE_05,2024-01-01 09:46:00,31.34,4,CUST_00438
TICKET_0000919,STORE_06,2024-01-31 08:49:00,34.98,3,CUST_00979
TICKET_0000920,STORE_05,2024-03-31 19:13:00,40.29,5,CUST_00899
TICKET_0000921,STORE_06,2024-03-02 11:45:00,4.25,1,CUST_00607
TICKET_0000922,STORE_10,2024-01-12 09:31:00,11.9,1,CUST_00331
TICKET_0000923,STORE_03,2024-03-22 17:21:00,20.91,2,CUST_00951
TICKET_0000924,STORE_03,2024-03-25 10:39:00,41.49,5,CUST_00660
TICKET_0000925,STORE_03,2024-01-15 16:56:00,21.77,2,CUST_00055
TICKET_0000926,STORE_10,2024-02-12 15:25:00,2.53,1,CUST_00686
TICKET_0000927,STORE_08,2024-03-27 08:28:00,12.73,1,CUST_00439
TICKET_0000928,STORE_02,2024-01-30 20:37:00,12.46,2,CUST_00653
TICKET_0000929,STORE_04,2024-03-20 10:32:00,13.3,2,CUST_00678
TICKET_0000930,STORE_01,2024-01-09 19:27:00,6.45,1,CUST_00300
TICKET_0000931,STORE_03,2024-02-22 14:53:00,10.05,1,CUST_00366
TICKET_0000932,STORE_08,2024-01-16 13:19:00,15.08,1,CUST_00643
TICKET_0000933,STORE_07,2024-02-23 18:15:00,60.5,5,CUST_00283
TICKET_0000934,STORE_03,2024-03-31 09:27:00,18.29,3,CUST_00906
TICKET_0000935,STORE_01,2024-03-26 16:42:00,11.81,1,CUST_00843
TICKET_0000936,STORE_01,2024-01-12 12:40:00,4.51,1,CUST_00717
TICKET_0000937,STORE_09,2024-01-16 12:17:00,8.13,1,CUST_00579
TICKET_0000938,STORE_05,2024-01-11 09:31:00,37.83,5,CUST_00987
TICKET_0000939,STORE_03,2024-02-06 09:47:00,18.95,2,CUST_00649
TICKET_0000940,STORE_05,2024-03-18 19:57:00,14.81,2,CUST_00359
TICKET_0000941,STORE_01,2024-02-06 11:32:00,9.4,1,CUST_00221
TICKET_0000942,STORE_09,2024-02-09 17:49:00,10.78,2,CUST_00892
TICKET_0000943,STORE_03,2024-01-03 14:33:00,21.69,2,CUST_00358
TICKET_0000944,STORE_01,2024-01-15 18:55:00,6.87,1,CUST_00845
TICKET_0000945,STORE_04,2024-01-25 11:55:00,12.7,1,CUST_00598
TICKET_0000946,STORE_04,2024-03-20 12:52:00,9.62,1,CUST_00379
TICKET_0000947,STORE_05,2024-02-22 07:51:00,26.48,2,CUST_00076
TICKET_0000948,STORE_04,2024-02-02 08:47:00,9.5,2,CUST_00587
TICKET_0000949,STORE_06,2024-03-13 21:32:00,5.95,1,CUST_00462
TICKET_0000950,STORE_07,2024-02-29 12:29:00,34.55,4,CUST_00341
TICKET_0000951,STORE_08,2024-02-20 07:38:00,23.57,3,CUST_00660
TICKET_0000952,STORE_10,2024-01-24 21:23:00,19.65,4,CUST_00858
TICKET_0000953,STORE_01,2024-01-02 13:00:00,4.54,1,CUST_00110
TICKET_0000954,STORE_04,2024-03-21 18:41:00,13.48,1,CUST_00559
TICKET_0000955,STORE_07,2024-01-08 13:32:00,10.45,2,CUST_00031
TICKET_0000956,STORE_10,2024-02-06 17:34:00,26.35,3,CUST_00530
TICKET_0000957,STORE_06,2024-03-13 18:11:00,17.96,3,CUST_00834
TICKET_0000958,STORE_03,2024-03-15 13:38:00,6.64,1,CUST_00897
TICKET_0000959,STORE_06,2024-02-28 13:59:00,37.35,5,CUST_00350
TICKET_0000960,STORE_01,2024-02-10 12:03:00,5.94,1,CUST_00549
TICKET_0000961,STORE_01,2024-03-12 16:28:00,19.66,2,CUST_00719
TICKET_0000962,STORE_01,2024-02-08 09:58:00,9.68,1,CUST_00696
TICKET_0000963,STORE_08,2024-03-22 15:19:00,24.95,3,CUST_00579
TICKET_0000964,STORE_09,2024-03-11 14:05:00,17.71,2,CUST_00230
TICKET_0000965,STORE_08,2024-02-03 11:20:00,28.72,3,CUST_00877
TICKET_0000966,STORE_03,2024-03-18 19:39:00,37.53,5,CUST_00746
TICKET_0000967,STORE_10,2024-02-11 20:43:00,7.65,2,CUST_00045
TICKET_0000968,STORE_01,2024-02-05 21:39:00,38.68,5,CUST_00508
TICKET_0000969,STORE_03,2024-02-13 11:12:00,22.48,2,CUST_00213
TICKET_0000970,STORE_07,2024-02-18 15:43:00,46.04,5,CUST_00376
TICKET_0000971,STORE_01,2024-03-20 10:38:00,5.84,1,CUST_00989
TICKET_0000972,STORE_01,2024-01-01 19:16:00,8.62,1,CUST_00344
TICKET_0000973,STORE_08,2024-01-26 18:44:00,14.29,1,CUST_00437
TICKET_0000974,STORE_02,2024-03-03 18:24:00,23.37,2,CUST_00691
TICKET_0000975,STORE_09,2024-03-24 12:20:00,3.04,1,CUST_00288
TICKET_0000976,STORE_10,2024-02-27 19:59:00,9.63,1,CUST_00447
TICKET_0000977,STORE_01,2024-03-04 10:03:00,8.23,1,CUST_00019
TICKET_0000978,STORE_03,2024-01-09 15:00:00,23.21,2,CUST_00705
TICKET_0000979,STORE_07,2024-03-21 08:46:00,12.31,3,CUST_00641
TICKET_0000980,STORE_04,2024-02-20 11:57:00,25.78,3,CUST_00926
TICKET_0000981,STORE_09,2024-02-09 21:14:00,14.8,2,CUST_00934
TICKET_0000982,STORE_10,2024-02-21 13:41:00,11.11,2,CUST_00657
TICKET_0000983,STORE_01,2024-02-11 08:07:00,4.56,1,CUST_00323
TICKET_0000984,STORE_09,2024-02-03 13:06:00,49.1,4,CUST_00900
TICKET_0000985,STORE_06,2024-01-06 07:16:00,17.14,2,CUST_00648
TICKET_0000986,STORE_05,2024-03-24 18:23:00,19.67,3,CUST_00345
TICKET_0000987,STORE_01,2024-02-29 17:49:00,31.28,5,CUST_00476
TICKET_0000988,STORE_02,2024-01-30 09:45:00,34.59,5,CUST_00381
TICKET_0000989,STORE_08,2024-01-21 17:53:00,14.51,2,CUST_00668
TICKET_0000990,STORE_06,2024-02-09 08:15:00,11.95,1,CUST_00338
TICKET_0000991,STORE_08,2024-01-15 09:43:00,14.7,2,CUST_00311
TICKET_0000992,STORE_01,2024-03-03 08:16:00,7.04,1,CUST_00923
TICKET_0000993,STORE_05,2024-03-12 09:58:00,8.3,2,CUST_00474
TICKET_0000994,STORE_08,2024-02-03 14:05:00,12.64,1,CUST_00628
TICKET_0000995,STORE_06,2024-03-07 20:46:00,26.55,4,CUST_00316
TICKET_0000996,STORE_10,2024-01-19 17:44:00,2.89,1,CUST_00394
TICKET_0000997,STORE_03,2024-01-21 20:50:00,20.52,2,CUST_00408
TICKET_0000998,STORE_05,2024-02-09 18:11:00,4.41,1,CUST_00201
TICKET_0000999,STORE_04,2024-01-09 16:37:00,3.45,1,CUST_00934
TICKET_0001000,STORE_09,2024-03-27 14:47:00,2.58,1,CUST_00556
TICKET_0001001,STORE_08,2024-03-10 18:43:00,4.61,1,CUST_00687
TICKET_0001002,STORE_09,2024-02-22 14:18:00,21.25,3,CUST_00644
TICKET_0001003,STORE_01,2024-03-25 11:59:00,7.9,2,CUST_00923
TICKET_0001004,STORE_06,2024-03-15 19:37:00,46.65,5,CUST_00620
TICKET_0001005,STORE_04,2024-03-12 21:51:00,5.04,2,CUST_00045
TICKET_0001006,STORE_07,2024-01-04 19:09:00,40.05,4,CUST_00811
TICKET_0001007,STORE_04,2024-03-11 15:30:00,12.1,1,CUST_00706
TICKET_0001008,STORE_02,2024-02-03 16:35:00,2.29,1,CUST_00051
TICKET_0001009,STORE_10,2024-01-17 11:55:00,14.97,2,CUST_00202
TICKET_0001010,STORE_02,2024-02-08 10:08:00,22.95,3,CUST_00899
TICKET_0001011,STORE_02,2024-01-14 15:11:00,11.9,2,CUST_00804
TICKET_0001012,STORE_08,2024-01-23 20:53:00,12.87,2,CUST_00471
TICKET_0001013,STORE_02,2024-01-05 09:45:00,11.14,2,CUST_00642
TICKET_0001014,STORE_04,2024-03-31 09:30:00,18.44,3,CUST_00558
TICKET_0001015,STORE_06,2024-02-08 07:11:00,5.62,1,CUST_00746
TICKET_0001016,STORE_08,2024-01-18 08:53:00,25.46,4,CUST_00842
TICKET_0001017,STORE_05,2024-01-19 09:03:00,11.39,2,CUST_00243
TICKET_0001018,STORE_10,2024-03-15 14:32:00,11.89,2,CUST_00313
TICKET_0001019,STORE_04,2024-03-12 08:10:00,7.93,1,CUST_00162
TICKET_0001020,STORE_10,2024-03-31 16:19:00,15.39,3,CUST_00014
TICKET_0001021,STORE_08,2024-02-22 08:37:00,10.51,1,CUST_00251
TICKET_0001022,STORE_02,2024-01-16 15:28:00,12.46,1,CUST_00380
TICKET_0001023,STORE_05,2024-03-04 08:33:00,9.49,1,CUST_00317
TICKET_0001024,STORE_02,2024-01-09 16:01:00,28.26,4,CUST_00976
TICKET_0001025,STORE_04,2024-01-08 12:27:00,25.59,4,CUST_00858
TICKET_0001026,STORE_07,2024-03-21 10:53:00,21.16,3,CUST_00776
TICKET_0001027,STORE_02,2024-01-15 16:24:00,13.95,2,CUST_00140
TICKET_0001028,STORE_04,2024-01-08 10:36:00,5.54,2,CUST_00386
TICKET_0001029,STORE_09,2024-02-18 15:40:00,18.0,2,CUST_00313
TICKET_0001030,STORE_01,2024-02-18 11:03:00,5.81,1,CUST_00247
TICKET_0001031,STORE_03,2024-01-31 19:00:00,17.49,3,CUST_00903
TICKET_0001032,STORE_07,2024-03-05 15:13:00,2.92,1,CUST_00473
TICKET_0001033,STORE_01,2024-01-09 07:33:00,2.81,1,CUST_00380
TICKET_0001034,STORE_10,2024-01-21 12:44:00,9.42,1,CUST_00995
TICKET_0001035,STORE_01,2024-03-30 14:27:00,7.81,1,CUST_00405
TICKET_0001036,STORE_01,2024-01-25 15:01:00,16.93,3,CUST_00735
TICKET_0001037,STORE_10,2024-02-05 12:35:00,35.71,5,CUST_00239
TICKET_0001038,STORE_07,2024-03-29 07:55:00,3.01,1,CUST_00595
TICKET_0001039,STORE_05,2024-01-29 16:53:00,56.79,5,CUST_00423
TICKET_0001040,STORE_08,2024-03-04 18:29:00,20.16,3,CUST_00649
TICKET_0001041,STORE_01,2024-03-24 18:45:00,17.03,2,CUST_00767
TICKET_0001042,STORE_01,2024-02-11 11:37:00,20.05,2,CUST_00278
TICKET_0001043,STORE_10,2024-02-17 11:05:00,11.56,1,CUST_00589
TICKET_0001044,STORE_10,2024-01-28 07:32:00,21.62,3,CUST_00652
TICKET_0001045,STORE_07,2024-02-14 13:02:00,15.15,2,CUST_00319
TICKET_0001046,STORE_10,2024-01-24 14:33:00,23.58,3,CUST_00051
TICKET_0001047,STORE_03,2024-03-06 18:32:00,8.77,1,CUST_00585
TICKET_0001048,STORE_08,2024-02-07 10:49:00,21.42,3,CUST_00974
TICKET_0001049,STORE_06,2024-02-08 20:35:00,7.86,2,CUST_00182
TICKET_0001050,STORE_05,2024-03-15 20:17:00,13.19,3,CUST_00932
TICKET_0001051,STORE_05,2024-02-25 09:03:00,29.19,4,CUST_00169
TICKET_0001052,STORE_09,2024-03-27 20:52:00,19.26,2,CUST_00185
TICKET_0001053,STORE_06,2024-03-24 15:18:00,38.15,5,CUST_00316
TICKET_0001054,STORE_03,2024-02-01 17:57:00,6.73,1,CUST_00624
TICKET_0001055,STORE_03,2024-02-16 11:57:00,35.64,4,CUST_00825
TICKET_0001056,STORE_09,2024-02-15 17:28:00,9.7,2,CUST_00578
TICKET_0001057,STORE_05,2024-03-15 20:14:00,24.94,3,CUST_00060
TICKET_0001058,STORE_06,2024-01-08 07:17:00,2.56,1,CUST_00698
TICKET_0001059,STORE_06,2024-03-09 11:53:00,26.29,2,CUST_00844
TICKET_0001060,STORE_02,2024-02-06 07:19:00,21.19,3,CUST_00658
TICKET_0001061,STORE_09,2024-02-10 13:49:00,28.06,4,CUST_00037
TICKET_0001062,STORE_04,2024-02-20 07:23:00,36.26,5,CUST_00306
TICKET_0001063,STORE_06,2024-01-17 14:31:00,14.76,2,CUST_00954
TICKET_0001064,STORE_01,2024-02-07 20:40:00,19.19,3,CUST_00780
TICKET_0001065,STORE_07,2024-03-07 13:10:00,41.74,5,CUST_00997
TICKET_0001066,STORE_04,2024-03-28 10:14:00,27.39,3,CUST_00001
TICKET_0001067,STORE_08,2024-02-19 20:47:00,20.39,3,CUST_00062
TICKET_0001068,STORE_10,2024-02-27 13:05:00,14.96,2,CUST_00417
TICKET_0001069,STORE_08,2024-01-04 10:59:00,13.16,1,CUST_00829
TICKET_0001070,STORE_06,2024-03-21 13:10:00,9.34,1,CUST_00711
TICKET_0001071,STORE_10,2024-02-27 13:16:00,13.31,1,CUST_00197
TICKET_0001072,STORE_03,2024-03-29 21:44:00,24.71,3,CUST_00002
TICKET_0001073,STORE_04,2024-03-27 20:09:00,21.33,3,CUST_00530
TICKET_0001074,STORE_06,2024-03-25 20:39:00,20.06,3,CUST_00183
TICKET_0001075,STORE_02,2024-02-27 15:41:00,9.68,2,CUST_00620
TICKET_0001076,STORE_09,2024-01-02 12:07:00,37.46,5,CUST_00996
TICKET_0001077,STORE_07,2024-01-21 15:08:00,6.49,2,CUST_00454
TICKET_0001078,STORE_07,2024-01-05 09:51:00,25.4,4,CUST_00467
TICKET_0001079,STORE_05,2024-01-03 11:33:00,6.07,1,CUST_00289
TICKET_0001080,STORE_09,2024-03-31 16:11:00,19.66,3,CUST_00560
TICKET_0001081,STORE_04,2024-02-24 09:34:00,13.77,1,CUST_00814
TICKET_0001082,STORE_04,2024-01-05 14:13:00,6.72,2,CUST_00995
TICKET_0001083,STORE_07,2024-03-02 09:21:00,46.36,5,CUST_00432
TICKET_0001084,STORE_08,2024-02-01 14:19:00,12.53,1,CUST_00093
TICKET_0001085,STORE_10,2024-02-28 18:37:00,17.42,2,CUST_00285
TICKET_0001086,STORE_09,2024-01-21 10:12:00,10.8,2,CUST_00797
TICKET_0001087,STORE_10,2024-02-08 14:26:00,31.53,3,CUST_00326
TICKET_0001088,STORE_03,2024-02-13 10:46:00,13.43,3,CUST_00377
TICKET_0001089,STORE_02,2024-01-09 14:48:00,7.81,1,CUST_00226
TICKET_0001090,STORE_01,2024-01-28 14:40:00,12.09,2,CUST_00108
TICKET_0001091,STORE_04,2024-01-29 07:22:00,12.93,1,CUST_00904
TICKET_0001092,STORE_01,2024-02-25 10:37:00,5.69,1,CUST_00164
TICKET_0001093,STORE_01,2024-01-13 15:55:00,6.76,1,CUST_00797
TICKET_0001094,STORE_08,2024-02-10 14:39:00,16.07,2,CUST_00285
TICKET_0001095,STORE_04,2024-02-04 09:02:00,11.53,2,CUST_01000
TICKET_0001096,STORE_03,2024-01-29 15:39:00,11.54,2,CUST_00632
TICKET_0001097,STORE_10,2024-01-29 08:52:00,6.99,1,CUST_00599
TICKET_0001098,STORE_06,2024-03-03 11:42:00,7.6,2,CUST_00522
TICKET_0001099,STORE_02,2024-03-09 18:00:00,14.38,1,CUST_00806
TICKET_0001100,STORE_05,2024-01-18 15:00:00,13.58,2,CUST_00136
TICKET_0001101,STORE_02,2024-03-29 17:36:00,19.69,2,CUST_00556
TICKET_0001102,STORE_08,2024-01-06 21:10:00,5.95,2,CUST_00520
TICKET_0001103,STORE_07,2024-03-04 17:01:00,13.04,1,CUST_00940
TICKET_0001104,STORE_08,2024-01-13 14:51:00,10.7,2,CUST_00741
TICKET_0001105,STORE_01,2024-03-13 09:11:00,23.11,2,CUST_00007
TICKET_0001106,STORE_09,2024-03-24 14:51:00,12.37,2,CUST_00875
TICKET_0001107,STORE_01,2024-01-07 17:21:00,2.41,1,CUST_00279
TICKET_0001108,STORE_09,2024-03-19 09:35:00,22.54,3,CUST_00078
TICKET_0001109,STORE_04,2024-01-04 21:31:00,11.66,1,CUST_00349
TICKET_0001110,STORE_06,2024-03-12 08:37:00,10.25,2,CUST_00746
TICKET_0001111,STORE_09,2024-03-02 09:05:00,14.99,2,CUST_00606
TICKET_0001112,STORE_06,2024-03-12 13:38:00,5.14,1,CUST_00333
TICKET_0001113,STORE_08,2024-01-22 18:01:00,13.4,2,CUST_00482
TICKET_0001114,STORE_08,2024-01-07 21:27:00,14.6,1,CUST_00793
TICKET_0001115,STORE_07,2024-02-25 17:44:00,16.47,3,CUST_00741
TICKET_0001116,STORE_09,2024-03-27 14:51:00,24.92,2,CUST_00974
TICKET_0001117,STORE_02,2024-01-13 20:55:00,2.87,1,CUST_00112
TICKET_0001118,STORE_05,2024-02-27 19:46:00,3.26,1,CUST_00698
TICKET_0001119,STORE_01,2024-02-17 07:00:00,20.62,2,CUST_00879
TICKET_0001120,STORE_04,2024-01-28 09:28:00,5.07,1,CUST_00096
TICKET_0001121,STORE_08,2024-01-23 12:14:00,27.53,3,CUST_00424
TICKET_0001122,STORE_02,2024-01-18 19:10:00,14.86,2,CUST_00360
TICKET_0001123,STORE_03,2024-03-21 16:13:00,39.32,4,CUST_00457
TICKET_0001124,STORE_07,2024-03-27 21:11:00,4.67,1,CUST_00665
TICKET_0001125,STORE_06,2024-03-26 15:01:00,25.76,2,CUST_00950
TICKET_0001126,STORE_08,2024-03-10 15:00:00,17.03,2,CUST_00586
TICKET_0001127,STORE_09,2024-01-31 09:51:00,14.99,1,CUST_00443
TICKET_0001128,STORE_05,2024-02-06 11:39:00,38.24,4,CUST_00434
TICKET_0001129,STORE_01,2024-02-01 21:31:00,8.58,1,CUST_00865
TICKET_0001130,STORE_04,2024-03-24 21:56:00,18.49,3,CUST_00261
TICKET_0001131,STORE_02,2024-03-02 14:33:00,14.15,1,CUST_00834
TICKET_0001132,STORE_04,2024-03-03 18:44:00,4.99,2,CUST_00905
TICKET_0001133,STORE_03,2024-01-14 11:46:00,30.32,4,CUST_00372
TICKET_0001134,STORE_03,2024-01-30 17:55:00,15.09,2,CUST_00962
TICKET_0001135,STORE_08,2024-03-10 08:35:00,38.52,5,CUST_00699
TICKET_0001136,STORE_01,2024-03-10 17:47:00,14.27,3,CUST_00361
TICKET_0001137,STORE_03,2024-02-22 19:00:00,10.81,2,CUST_00700
TICKET_0001138,STORE_01,2024-01-30 13:14:00,12.95,2,CUST_00364
TICKET_0001139,STORE_06,2024-03-02 08:20:00,32.38,4,CUST_00884
TICKET_0001140,STORE_04,2024-02-13 10:22:00,12.77,1,CUST_00503
TICKET_0001141,STORE_07,2024-03-06 07:47:00,8.04,1,CUST_00539
TICKET_0001142,STORE_04,2024-02-20 13:28:00,10.43,1,CUST_00451
TICKET_0001143,STORE_03,2024-01-08 19:58:00,33.49,4,CUST_00169
TICKET_0001144,STORE_10,2024-02-01 07:31:00,17.38,3,CUST_00029
TICKET_0001145,STORE_10,2024-03-30 08:43:00,7.48,2,CUST_00910
TICKET_0001146,STORE_09,2024-03-29 21:28:00,7.5,1,CUST_00463
TICKET_0001147,STORE_01,2024-02-19 20:04:00,9.71,1,CUST_00394
TICKET_0001148,STORE_09,2024-02-16 21:03:00,14.68,2,CUST_00414
TICKET_0001149,STORE_01,2024-03-20 11:46:00,16.47,2,CUST_00137
TICKET_0001150,STORE_06,2024-02-06 20:08:00,11.58,3,CUST_00427
TICKET_0001151,STORE_01,2024-03-10 14:46:00,13.49,1,CUST_00897
TICKET_0001152,STORE_10,2024-02-26 10:37:00,11.7,1,CUST_00912
TICKET_0001153,STORE_04,2024-01-25 12:00:00,14.55,1,CUST_00128
TICKET_0001154,STORE_01,2024-03-12 09:08:00,44.45,5,CUST_00367
TICKET_0001155,STORE_08,2024-02-24 16:40:00,20.1,2,CUST_00888
TICKET_0001156,STORE_05,2024-02-21 19:04:00,7.49,2,CUST_00100
TICKET_0001157,STORE_06,2024-02-26 10:33:00,7.26,2,CUST_00620
TICKET_0001158,STORE_02,2024-03-22 09:17:00,45.69,4,CUST_00877
TICKET_0001159,STORE_05,2024-01-26 10:02:00,32.43,5,CUST_00974
TICKET_0001160,STORE_07,2024-02-23 12:12:00,20.17,2,CUST_00988
TICKET_0001161,STORE_05,2024-03-27 08:20:00,25.01,3,CUST_00734
TICKET_0001162,STORE_10,2024-03-30 15:47:00,26.59,2,CUST_00303
TICKET_0001163,STORE_08,2024-03-01 21:15:00,3.35,1,CUST_00184
TICKET_0001164,STORE_03,2024-03-27 17:49:00,22.3,3,CUST_00665
TICKET_0001165,STORE_01,2024-03-27 14:31:00,7.48,1,CUST_00896
TICKET_0001166,STORE_08,2024-01-18 17:50:00,9.67,2,CUST_00474
TICKET_0001167,STORE_04,2024-03-10 16:13:00,19.5,3,CUST_00367
TICKET_0001168,STORE_07,2024-02-04 07:38:00,11.66,1,CUST_00623
TICKET_0001169,STORE_10,2024-01-21 07:32:00,2.56,1,CUST_00440
TICKET_0001170,STORE_07,2024-01-20 09:00:00,21.8,4,CUST_00341
TICKET_0001171,STORE_06,2024-01-17 07:46:00,14.89,1,CUST_00670
TICKET_0001172,STORE_02,2024-02-22 08:24:00,6.93,1,CUST_00394
TICKET_0001173,STORE_08,2024-02-07 08:56:00,33.28,4,CUST_00530
TICKET_0001174,STORE_01,2024-03-30 21:56:00,37.56,4,CUST_00068
TICKET_0001175,STORE_09,2024-03-12 18:37:00,18.39,2,CUST_00360
TICKET_0001176,STORE_06,2024-02-21 16:54:00,3.27,1,CUST_00155
TICKET_0001177,STORE_07,2024-03-30 20:48:00,17.75,3,CUST_00428
TICKET_0001178,STORE_01,2024-03-06 11:56:00,9.72,1,CUST_00597
TICKET_0001179,STORE_06,2024-01-22 16:37:00,24.46,2,CUST_00275
TICKET_0001180,STORE_04,2024-03-07 11:38:00,18.61,2,CUST_00887
TICKET_0001181,STORE_03,2024-03-14 11:13:00,16.87,2,CUST_00265
TICKET_0001182,STORE_04,2024-01-05 10:53:00,10.32,1,CUST_00758
TICKET_0001183,STORE_03,2024-03-01 17:25:00,31.18,3,CUST_00869
TICKET_0001184,STORE_10,2024-01-05 17:33:00,8.79,2,CUST_00096
TICKET_0001185,STORE_04,2024-03-22 10:37:00,13.48,1,CUST_00231
TICKET_0001186,STORE_09,2024-03-10 11:12:00,28.28,3,CUST_00998
TICKET_0001187,STORE_03,2024-02-14 07:33:00,6.72,1,CUST_00569
TICKET_0001188,STORE_01,2024-03-20 20:38:00,22.24,2,CUST_00959
TICKET_0001189,STORE_05,2024-01-05 10:54:00,17.03,2,CUST_00074
TICKET_0001190,STORE_10,2024-02-06 17:49:00,4.8,1,CUST_00923
TICKET_0001191,STORE_07,2024-02-03 18:28:00,27.93,3,CUST_00721
TICKET_0001192,STORE_05,2024-02-13 11:30:00,22.48,3,CUST_00059
TICKET_0001193,STORE_02,2024-02-03 21:07:00,11.29,2,CUST_00957
TICKET_0001194,STORE_03,2024-02-23 17:38:00,13.98,2,CUST_00226
TICKET_0001195,STORE_02,2024-03-25 14:27:00,6.48,1,CUST_00637
TICKET_0001196,STORE_07,2024-03-14 20:06:00,22.37,2,CUST_00202
TICKET_0001197,STORE_05,2024-02-09 12:51:00,21.92,4,CUST_00174
TICKET_0001198,STORE_03,2024-03-18 16:18:00,43.69,4,CUST_00505
TICKET_0001199,STORE_10,2024-03-26 16:30:00,18.79,3,CUST_00225
TICKET_0001200,STORE_05,2024-03-31 08:50:00,10.91,3,CUST_00973
TICKET_0001201,STORE_03,2024-01-23 18:05:00,23.61,3,CUST_00497
TICKET_0001202,STORE_10,2024-01-18 12:36:00,21.93,2,CUST_00538
TICKET_0001203,STORE_07,2024-03-25 07:12:00,16.63,2,CUST_00197
TICKET_0001204,STORE_07,2024-02-21 17:04:00,25.66,3,CUST_00728
TICKET_0001205,STORE_10,2024-03-15 10:16:00,32.18,5,CUST_00037
TICKET_0001206,STORE_05,2024-02-09 08:27:00,3.65,1,CUST_00219
TICKET_0001207,STORE_07,2024-03-09 17:26:00,43.19,5,CUST_00239
TICKET_0001208,STORE_10,2024-03-13 20:46:00,21.29,2,CUST_00202
TICKET_0001209,STORE_07,2024-02-25 15:25:00,21.02,3,CUST_00342
TICKET_0001210,STORE_07,2024-03-04 11:11:00,10.89,2,CUST_00132
TICKET_0001211,STORE_01,2024-03-06 11:03:00,14.47,1,CUST_00463
TICKET_0001212,STORE_03,2024-01-05 08:10:00,33.46,4,CUST_00933
TICKET_0001213,STORE_09,2024-01-06 09:19:00,11.23,2,CUST_00034
TICKET_0001214,STORE_04,2024-01-09 15:43:00,14.26,1,CUST_00809
TICKET_0001215,STORE_03,2024-03-18 14:13:00,21.8,3,CUST_00547
TICKET_0001216,STORE_01,2024-01-23 21:01:00,4.53,1,CUST_00410
TICKET_0001217,STORE_03,2024-02-14 10:53:00,21.06,2,CUST_00829
TICKET_0001218,STORE_10,2024-01-04 12:11:00,5.55,1,CUST_00823
TICKET_0001219,STORE_07,2024-03-10 08:23:00,13.83,2,CUST_00769
TICKET_0001220,STORE_06,2024-01-21 20:34:00,17.61,2,CUST_00376
TICKET_0001221,STORE_09,2024-03-28 13:05:00,21.36,3,CUST_00182
TICKET_0001222,STORE_07,2024-01-29 13:47:00,36.11,4,CUST_00441
TICKET_0001223,STORE_02,2024-01-26 14:00:00,14.79,2,CUST_00491
TICKET_0001224,STORE_04,2024-01-17 19:06:00,3.0,1,CUST_00515
TICKET_0001225,STORE_08,2024-01-16 16:14:00,5.21,1,CUST_00577
TICKET_0001226,STORE_08,2024-03-27 09:36:00,11.02,1,CUST_00031
TICKET_0001227,STORE_10,2024-01-04 19:49:00,30.07,3,CUST_00734
TICKET_0001228,STORE_01,2024-01-17 20:17:00,6.7,2,CUST_00902
TICKET_0001229,STORE_07,2024-03-07 08:29:00,7.2,1,CUST_00279
TICKET_0001230,STORE_09,2024-03-17 15:32:00,7.95,1,CUST_00004
TICKET_0001231,STORE_06,2024-03-13 19:03:00,9.5,1,CUST_00441
TICKET_0001232,STORE_07,2024-02-05 07:20:00,14.57,2,CUST_00827
TICKET_0001233,STORE_10,2024-03-02 13:38:00,8.01,2,CUST_00360
TICKET_0001234,STORE_08,2024-02-18 12:15:00,19.51,2,CUST_00490
TICKET_0001235,STORE_05,2024-01-16 12:38:00,21.65,3,CUST_00550
TICKET_0001236,STORE_05,2024-01-13 16:27:00,18.21,2,CUST_00046
TICKET_0001237,STORE_02,2024-03-09 08:46:00,14.88,1,CUST_00496
TICKET_0001238,STORE_07,2024-01-15 19:43:00,29.76,5,CUST_00134
TICKET_0001239,STORE_10,2024-02-13 13:23:00,14.66,2,CUST_00458
TICKET_0001240,STORE_03,2024-03-07 20:30:00,7.18,2,CUST_00913
TICKET_0001241,STORE_03,2024-03-27 15:46:00,18.81,4,CUST_00113
TICKET_0001242,STORE_04,2024-03-09 09:19:00,25.99,3,CUST_00465
TICKET_0001243,STORE_03,2024-02-20 19:11:00,4.29,1,CUST_00208
TICKET_0001244,STORE_10,2024-02-08 11:57:00,4.58,1,CUST_00570
TICKET_0001245,STORE_09,2024-03-01 21:52:00,33.44,3,CUST_00226
TICKET_0001246,STORE_01,2024-02-27 09:19:00,17.21,2,CUST_00147
TICKET_0001247,STORE_01,2024-01-06 15:17:00,13.11,1,CUST_00164
TICKET_0001248,STORE_07,2024-03-24 13:23:00,9.73,1,CUST_00356
TICKET_0001249,STORE_07,2024-01-10 21:24:00,32.58,3,CUST_00416
TICKET_0001250,STORE_09,2024-01-04 10:05:00,22.96,4,CUST_00988
TICKET_0001251,STORE_03,2024-03-30 12:50:00,11.9,2,CUST_00875
TICKET_0001252,STORE_09,2024-02-20 19:58:00,32.67,4,CUST_00112
TICKET_0001253,STORE_01,2024-02-15 08:17:00,9.15,1,CUST_00018
TICKET_0001254,STORE_02,2024-03-21 17:28:00,8.51,2,CUST_00704
TICKET_0001255,STORE_09,2024-01-31 12:46:00,34.62,3,CUST_00438
TICKET_0001256,STORE_08,2024-01-01 13:22:00,17.01,2,CUST_00053
TICKET_0001257,STORE_01,2024-03-29 20:24:00,21.67,2,CUST_00392
TICKET_0001258,STORE_08,2024-03-23 09:52:00,28.33,2,CUST_00662
TICKET_0001259,STORE_06,2024-02-03 16:12:00,34.28,3,CUST_00382
TICKET_0001260,STORE_06,2024-02-05 14:50:00,29.93,3,CUST_00409
TICKET_0001261,STORE_01,2024-01-07 18:36:00,7.0,1,CUST_00646
TICKET_0001262,STORE_07,2024-03-26 17:36:00,39.38,4,CUST_00428
TICKET_0001263,STORE_02,2024-02-14 09:48:00,12.0,2,CUST_00031
TICKET_0001264,STORE_08,2024-02-26 09:08:00,16.72,2,CUST_00695
TICKET_0001265,STORE_03,2024-03-31 18:34:00,24.47,2,CUST_00873
TICKET_0001266,STORE_06,2024-02-20 07:28:00,5.92,1,CUST_00589
TICKET_0001267,STORE_07,2024-02-06 21:50:00,43.72,5,CUST_00560
TICKET_0001268,STORE_08,2024-01-01 12:26:00,33.24,4,CUST_00434
TICKET_0001269,STORE_03,2024-03-14 07:47:00,18.32,2,CUST_00805
TICKET_0001270,STORE_05,2024-01-15 20:39:00,24.68,4,CUST_00747
TICKET_0001271,STORE_07,2024-02-23 20:04:00,4.78,1,CUST_00343
TICKET_0001272,STORE_07,2024-02-05 15:28:00,24.8,2,CUST_00681
TICKET_0001273,STORE_07,2024-03-11 14:43:00,7.9,1,CUST_00259
TICKET_0001274,STORE_03,2024-03-15 20:25:00,21.4,2,CUST_00795
TICKET_0001275,STORE_09,2024-01-10 20:55:00,26.46,3,CUST_00634
TICKET_0001276,STORE_07,2024-02-06 14:38:00,14.48,2,CUST_00356
TICKET_0001277,STORE_07,2024-03-03 07:22:00,30.47,3,CUST_00572
TICKET_0001278,STORE_06,2024-02-14 15:12:00,20.65,3,CUST_00648
TICKET_0001279,STORE_07,2024-02-24 11:48:00,20.75,2,CUST_00182
TICKET_0001280,STORE_03,2024-02-27 09:16:00,10.24,1,CUST_00587
TICKET_0001281,STORE_08,2024-03-10 19:48:00,13.41,2,CUST_00958
TICKET_0001282,STORE_08,2024-03-23 08:44:00,20.46,3,CUST_00845
TICKET_0001283,STORE_06,2024-01-16 19:10:00,23.78,3,CUST_00562
TICKET_0001284,STORE_07,2024-02-11 11:00:00,10.56,2,CUST_00895
TICKET_0001285,STORE_01,2024-03-14 11:59:00,2.58,1,CUST_00414
TICKET_0001286,STORE_05,2024-03-27 19:49:00,35.99,5,CUST_00057
TICKET_0001287,STORE_06,2024-03-27 21:28:00,9.64,1,CUST_00365
TICKET_0001288,STORE_05,2024-03-04 19:44:00,7.49,2,CUST_00222
TICKET_0001289,STORE_07,2024-02-20 09:21:00,25.28,2,CUST_00959
TICKET_0001290,STORE_04,2024-03-07 09:27:00,13.81,2,CUST_00335
TICKET_0001291,STORE_03,2024-01-13 09:50:00,14.21,1,CUST_00401
TICKET_0001292,STORE_04,2024-03-27 12:16:00,15.09,2,CUST_00821
TICKET_0001293,STORE_08,2024-03-10 21:56:00,27.42,3,CUST_00629
TICKET_0001294,STORE_08,2024-02-26 08:53:00,16.68,2,CUST_00527
TICKET_0001295,STORE_08,2024-02-27 15:18:00,21.4,3,CUST_00084
TICKET_0001296,STORE_02,2024-01-07 10:54:00,38.72,4,CUST_00888
TICKET_0001297,STORE_03,2024-01-14 16:55:00,17.11,2,CUST_00049
TICKET_0001298,STORE_04,2024-01-14 12:31:00,23.23,3,CUST_00531
TICKET_0001299,STORE_09,2024-01-31 07:12:00,16.57,2,CUST_00369
TICKET_0001300,STORE_06,2024-01-02 11:14:00,14.61,2,CUST_00572
TICKET_0001301,STORE_05,2024-03-24 15:18:00,26.62,3,CUST_00101
TICKET_0001302,STORE_06,2024-02-04 13:42:00,30.87,5,CUST_00533
TICKET_0001303,STORE_04,2024-03-26 13:56:00,13.86,2,CUST_00258
TICKET_0001304,STORE_07,2024-03-17 09:53:00,12.15,3,CUST_00695
TICKET_0001305,STORE_02,2024-03-23 11:37:00,3.11,1,CUST_00166
TICKET_0001306,STORE_10,2024-02-12 18:56:00,13.99,2,CUST_00503
TICKET_0001307,STORE_10,2024-01-28 12:14:00,17.74,2,CUST_00066
TICKET_0001308,STORE_04,2024-01-12 07:48:00,21.66,3,CUST_00484
TICKET_0001309,STORE_03,2024-03-13 15:37:00,5.87,1,CUST_00511
TICKET_0001310,STORE_05,2024-03-08 09:25:00,43.58,4,CUST_00640
TICKET_0001311,STORE_05,2024-03-20 13:04:00,18.77,3,CUST_00359
TICKET_0001312,STORE_06,2024-03-20 13:23:00,31.1,4,CUST_00884
TICKET_0001313,STORE_09,2024-03-23 20:31:00,15.44,3,CUST_00242
TICKET_0001314,STORE_03,2024-01-04 19:49:00,7.33,2,CUST_00503
TICKET_0001315,STORE_08,2024-02-29 08:00:00,56.94,5,CUST_00385
TICKET_0001316,STORE_03,2024-02-27 18:25:00,25.35,2,CUST_00510
TICKET_0001317,STORE_01,2024-01-29 20:28:00,8.75,2,CUST_00634
TICKET_0001318,STORE_06,2024-01-24 10:49:00,12.7,1,CUST_00909
TICKET_0001319,STORE_03,2024-01-23 19:24:00,27.53,3,CUST_00520
TICKET_0001320,STORE_07,2024-02-26 21:45:00,34.46,4,CUST_00816
TICKET_0001321,STORE_08,2024-01-25 21:28:00,13.64,2,CUST_00249
TICKET_0001322,STORE_01,2024-01-24 07:19:00,35.96,3,CUST_00647
TICKET_0001323,STORE_09,2024-03-23 13:12:00,29.69,2,CUST_00056
TICKET_0001324,STORE_05,2024-03-25 16:03:00,5.25,1,CUST_00448
TICKET_0001325,STORE_06,2024-02-12 14:11:00,52.3,5,CUST_00176
TICKET_0001326,STORE_01,2024-01-13 07:18:00,13.99,2,CUST_00193
TICKET_0001327,STORE_03,2024-01-04 12:40:00,6.49,2,CUST_00481
TICKET_0001328,STORE_02,2024-02-10 18:01:00,11.9,2,CUST_00380
TICKET_0001329,STORE_04,2024-02-29 16:30:00,10.47,1,CUST_00221
TICKET_0001330,STORE_10,2024-02-28 12:05:00,24.38,2,CUST_00458
TICKET_0001331,STORE_10,2024-02-14 12:10:00,17.43,2,CUST_00625
TICKET_0001332,STORE_09,2024-02-24 09:52:00,18.91,2,CUST_00030
TICKET_0001333,STORE_10,2024-01-31 20:58:00,26.16,3,CUST_00035
TICKET_0001334,STORE_01,2024-01-30 19:36:00,5.79,1,CUST_00862
TICKET_0001335,STORE_10,2024-02-23 16:28:00,18.58,2,CUST_00953
TICKET_0001336,STORE_09,2024-03-16 08:24:00,18.08,2,CUST_00213
TICKET_0001337,STORE_02,2024-02-07 20:51:00,27.93,3,CUST_00485
TICKET_0001338,STORE_06,2024-01-23 16:05:00,5.83,1,CUST_00123
TICKET_0001339,STORE_02,2024-03-13 12:05:00,20.97,2,CUST_00395
TICKET_0001340,STORE_10,2024-02-09 17:27:00,3.53,1,CUST_00809
TICKET_0001341,STORE_05,2024-03-27 10:45:00,4.83,1,CUST_00837
TICKET_0001342,STORE_01,2024-01-03 11:01:00,2.26,1,CUST_00463
TICKET_0001343,STORE_03,2024-02-26 09:37:00,7.25,1,CUST_00972
TICKET_0001344,STORE_10,2024-01-02 20:24:00,8.64,1,CUST_00226
TICKET_0001345,STORE_04,2024-02-11 17:07:00,24.85,2,CUST_00524
TICKET_0001346,STORE_06,2024-01-08 13:56:00,5.47,2,CUST_00292
TICKET_0001347,STORE_09,2024-01-27 10:31:00,9.65,1,CUST_00680
TICKET_0001348,STORE_09,2024-01-29 15:49:00,8.72,1,CUST_00864
TICKET_0001349,STORE_10,2024-03-12 07:30:00,13.53,1,CUST_00197
TICKET_0001350,STORE_10,2024-01-08 19:52:00,23.91,3,CUST_00709
TICKET_0001351,STORE_10,2024-01-20 08:37:00,13.58,1,CUST_00797
TICKET_0001352,STORE_07,2024-02-20 14:42:00,67.32,5,CUST_00773
TICKET_0001353,STORE_09,2024-01-05 16:53:00,6.99,1,CUST_00460
TICKET_0001354,STORE_02,2024-01-09 15:35:00,6.94,1,CUST_00479
TICKET_0001355,STORE_02,2024-03-13 15:47:00,9.04,2,CUST_00114
TICKET_0001356,STORE_06,2024-02-18 17:20:00,23.53,3,CUST_00781
TICKET_0001357,STORE_06,2024-03-12 16:45:00,26.36,3,CUST_00596
TICKET_0001358,STORE_08,2024-02-26 14:29:00,5.28,1,CUST_00532
TICKET_0001359,STORE_09,2024-01-29 11:01:00,26.36,2,CUST_00629
TICKET_0001360,STORE_10,2024-02-20 08:40:00,22.29,3,CUST_00536
TICKET_0001361,STORE_03,2024-02-09 13:09:00,5.24,1,CUST_00864
TICKET_0001362,STORE_05,2024-03-21 13:10:00,29.68,4,CUST_00133
TICKET_0001363,STORE_03,2024-02-04 11:15:00,19.77,2,CUST_00647
TICKET_0001364,STORE_07,2024-03-06 19:48:00,6.66,1,CUST_00147
TICKET_0001365,STORE_01,2024-01-14 16:49:00,9.52,3,CUST_00928
TICKET_0001366,STORE_09,2024-02-26 19:19:00,26.51,4,CUST_00982
TICKET_0001367,STORE_06,2024-01-05 08:44:00,9.46,1,CUST_00876
TICKET_0001368,STORE_07,2024-01-23 19:14:00,21.48,2,CUST_00550
TICKET_0001369,STORE_09,2024-01-02 07:20:00,5.25,1,CUST_00710
TICKET_0001370,STORE_07,2024-02-25 19:55:00,38.15,5,CUST_00969
TICKET_0001371,STORE_02,2024-02-29 19:57:00,37.1,5,CUST_00976
TICKET_0001372,STORE_01,2024-02-10 13:22:00,2.67,1,CUST_00248
TICKET_0001373,STORE_08,2024-03-05 14:16:00,29.31,3,CUST_00694
TICKET_0001374,STORE_10,2024-03-24 18:36:00,15.66,2,CUST_00347
TICKET_0001375,STORE_06,2024-01-28 17:46:00,19.62,2,CUST_00457
TICKET_0001376,STORE_07,2024-01-31 12:24:00,27.76,3,CUST_00204
TICKET_0001377,STORE_08,2024-02-22 18:13:00,20.11,3,CUST_00819
TICKET_0001378,STORE_02,2024-01-07 13:56:00,11.99,2,CUST_00044
TICKET_0001379,STORE_05,2024-01-02 21:48:00,9.41,1,CUST_00065
TICKET_0001380,STORE_10,2024-02-18 17:04:00,32.46,3,CUST_00621
TICKET_0001381,STORE_03,2024-03-07 12:29:00,12.13,1,CUST_00478
TICKET_0001382,STORE_04,2024-02-08 11:53:00,2.9,1,CUST_00809
TICKET_0001383,STORE_03,2024-03-31 09:52:00,4.27,1,CUST_00934
TICKET_0001384,STORE_01,2024-02-10 10:52:00,9.96,1,CUST_00625
TICKET_0001385,STORE_07,2024-02-24 08:05:00,14.73,1,CUST_00282
TICKET_0001386,STORE_10,2024-03-02 20:33:00,30.32,5,CUST_00467
TICKET_0001387,STORE_08,2024-02-04 16:06:00,21.95,3,CUST_00852
TICKET_0001388,STORE_01,2024-02-03 18:23:00,17.4,2,CUST_00594
TICKET_0001389,STORE_07,2024-03-20 11:39:00,27.85,3,CUST_00582
TICKET_0001390,STORE_02,2024-01-19 07:07:00,7.04,1,CUST_00865
TICKET_0001391,STORE_07,2024-01-23 11:55:00,5.99,1,CUST_00479
TICKET_0001392,STORE_10,2024-03-15 08:27:00,5.81,1,CUST_00160
TICKET_0001393,STORE_05,2024-01-13 21:36:00,36.16,4,CUST_00109
TICKET_0001394,STORE_06,2024-02-05 19:40:00,41.44,5,CUST_00547
TICKET_0001395,STORE_09,2024-03-05 12:20:00,53.32,5,CUST_00825
TICKET_0001396,STORE_08,2024-01-13 20:11:00,6.94,1,CUST_00339
TICKET_0001397,STORE_07,2024-03-23 17:16:00,27.56,5,CUST_00036
TICKET_0001398,STORE_10,2024-03-02 15:30:00,7.93,1,CUST_00815
TICKET_0001399,STORE_10,2024-02-08 12:59:00,11.67,2,CUST_00402
TICKET_0001400,STORE_05,2024-02-07 08:04:00,23.37,2,CUST_00277
TICKET_0001401,STORE_06,2024-01-18 17:03:00,24.34,4,CUST_00898
TICKET_0001402,STORE_04,2024-03-28 21:17:00,22.36,3,CUST_00724
TICKET_0001403,STORE_06,2024-03-01 17:22:00,18.4,2,CUST_00021
TICKET_0001404,STORE_06,2024-01-10 15:28:00,31.37,3,CUST_00175
TICKET_0001405,STORE_10,2024-01-26 08:42:00,14.72,2,CUST_00634
TICKET_0001406,STORE_03,2024-02-20 09:08:00,12.96,2,CUST_00091
TICKET_0001407,STORE_08,2024-02-09 12:29:00,6.19,1,CUST_00718
TICKET_0001408,STORE_10,2024-03-29 19:10:00,29.85,3,CUST_00748
TICKET_0001409,STORE_03,2024-02-06 21:21:00,37.22,6,CUST_00035
TICKET_0001410,STORE_10,2024-01-08 20:18:00,14.49,1,CUST_00822
TICKET_0001411,STORE_01,2024-01-17 07:15:00,11.82,2,CUST_00852
TICKET_0001412,STORE_09,2024-02-13 13:17:00,23.53,2,CUST_00296
TICKET_0001413,STORE_10,2024-01-06 17:46:00,23.58,2,CUST_00474
TICKET_0001414,STORE_02,2024-02-23 07:40:00,5.68,1,CUST_00437
TICKET_0001415,STORE_01,2024-01-08 11:10:00,16.05,2,CUST_00092
TICKET_0001416,STORE_01,2024-02-17 11:11:00,7.56,1,CUST_00887
TICKET_0001417,STORE_08,2024-01-11 09:49:00,20.6,2,CUST_00926
TICKET_0001418,STORE_06,2024-02-26 19:09:00,24.46,2,CUST_00478
TICKET_0001419,STORE_09,2024-01-08 12:32:00,14.49,2,CUST_00215
TICKET_0001420,STORE_04,2024-01-20 13:14:00,22.77,2,CUST_00795
TICKET_0001421,STORE_01,2024-01-13 15:05:00,14.47,1,CUST_00210
TICKET_0001422,STORE_02,2024-02-15 16:43:00,22.49,2,CUST_00724
TICKET_0001423,STORE_10,2024-01-22 11:57:00,6.14,1,CUST_00339
TICKET_0001424,STORE_10,2024-03-19 20:11:00,60.68,6,CUST_00348
TICKET_0001425,STORE_10,2024-02-14 19:54:00,19.21,2,CUST_00785
TICKET_0001426,STORE_04,2024-03-02 21:44:00,16.69,2,CUST_00872
TICKET_0001427,STORE_08,2024-01-21 19:58:00,29.83,3,CUST_00830
TICKET_0001428,STORE_03,2024-01-02 21:27:00,13.67,2,CUST_00510
TICKET_0001429,STORE_06,2024-02-29 17:06:00,32.94,3,CUST_00780
TICKET_0001430,STORE_07,2024-01-14 14:18:00,47.84,5,CUST_00059
TICKET_0001431,STORE_01,2024-01-02 21:40:00,13.58,2,CUST_00139
TICKET_0001432,STORE_03,2024-02-28 19:05:00,8.39,1,CUST_00436
TICKET_0001433,STORE_03,2024-01-27 15:30:00,22.15,2,CUST_00348
TICKET_0001434,STORE_09,2024-02-02 07:52:00,12.31,1,CUST_00443
TICKET_0001435,STORE_05,2024-01-02 16:54:00,18.64,3,CUST_00441
TICKET_0001436,STORE_04,2024-02-01 14:53:00,13.02,3,CUST_00976
TICKET_0001437,STORE_06,2024-02-18 08:29:00,38.18,4,CUST_00285
TICKET_0001438,STORE_08,2024-02-10 17:16:00,21.95,3,CUST_00997
TICKET_0001439,STORE_06,2024-03-13 20:58:00,4.36,1,CUST_00441
TICKET_0001440,STORE_05,2024-01-05 14:39:00,9.65,1,CUST_00763
TICKET_0001441,STORE_08,2024-03-13 12:11:00,20.87,3,CUST_00591
TICKET_0001442,STORE_09,2024-01-20 20:10:00,25.45,2,CUST_00323
TICKET_0001443,STORE_02,2024-01-07 10:58:00,9.63,1,CUST_00540
TICKET_0001444,STORE_07,2024-02-11 12:07:00,10.51,2,CUST_00533
TICKET_0001445,STORE_03,2024-01-21 11:52:00,11.75,1,CUST_00779
TICKET_0001446,STORE_05,2024-01-02 10:31:00,9.5,1,CUST_00694
TICKET_0001447,STORE_10,2024-01-20 21:58:00,11.9,2,CUST_00195
TICKET_0001448,STORE_01,2024-02-26 19:11:00,14.89,1,CUST_00919
TICKET_0001449,STORE_05,2024-02-17 07:08:00,7.44,1,CUST_00301
TICKET_0001450,STORE_05,2024-03-05 14:29:00,24.22,2,CUST_00987
TICKET_0001451,STORE_04,2024-02-28 13:36:00,5.82,1,CUST_00737
TICKET_0001452,STORE_08,2024-01-15 07:29:00,7.33,1,CUST_00025
TICKET_0001453,STORE_10,2024-02-22 08:28:00,17.3,2,CUST_00427
TICKET_0001454,STORE_01,2024-01-22 12:22:00,12.93,1,CUST_00567
TICKET_0001455,STORE_03,2024-03-19 18:55:00,11.45,2,CUST_00917
TICKET_0001456,STORE_04,2024-01-24 10:12:00,9.08,1,CUST_00034
TICKET_0001457,STORE_08,2024-03-18 08:29:00,26.28,4,CUST_00881
TICKET_0001458,STORE_07,2024-02-01 12:10:00,6.1,1,CUST_00745
TICKET_0001459,STORE_09,2024-03-25 11:14:00,2.49,1,CUST_00594
TICKET_0001460,STORE_04,2024-02-06 13:26:00,8.74,1,CUST_00885
TICKET_0001461,STORE_04,2024-02-17 18:55:00,25.92,2,CUST_00230
TICKET_0001462,STORE_07,2024-01-08 10:51:00,48.18,5,CUST_00932
TICKET_0001463,STORE_02,2024-03-16 11:38:00,19.7,2,CUST_00495
TICKET_0001464,STORE_05,2024-03-20 20:26:00,2.26,1,CUST_00616
TICKET_0001465,STORE_06,2024-03-05 09:56:00,35.48,5,CUST_00817
TICKET_0001466,STORE_06,2024-02-14 08:46:00,55.66,6,CUST_00735
TICKET_0001467,STORE_08,2024-02-05 08:25:00,35.1,4,CUST_00979
TICKET_0001468,STORE_04,2024-01-05 13:15:00,9.59,1,CUST_00414
TICKET_0001469,STORE_07,2024-01-28 18:55:00,17.31,2,CUST_00355
TICKET_0001470,STORE_03,2024-01-24 10:58:00,7.17,1,CUST_00053
TICKET_0001471,STORE_03,2024-02-02 21:43:00,7.08,2,CUST_00972
TICKET_0001472,STORE_09,2024-02-02 19:58:00,7.28,2,CUST_00722
TICKET_0001473,STORE_06,2024-02-05 18:10:00,13.01,2,CUST_00709
TICKET_0001474,STORE_04,2024-02-06 21:58:00,37.78,4,CUST_00063
TICKET_0001475,STORE_07,2024-02-22 08:31:00,14.32,1,CUST_00663
TICKET_0001476,STORE_02,2024-01-12 10:05:00,21.03,3,CUST_00061
TICKET_0001477,STORE_01,2024-02-26 18:33:00,21.81,3,CUST_00500
TICKET_0001478,STORE_04,2024-01-26 19:34:00,2.48,1,CUST_00482
TICKET_0001479,STORE_05,2024-01-08 07:34:00,10.0,1,CUST_00768
TICKET_0001480,STORE_01,2024-02-19 08:00:00,17.71,2,CUST_00424
TICKET_0001481,STORE_04,2024-01-14 15:50:00,8.69,1,CUST_00162
TICKET_0001482,STORE_03,2024-01-28 18:55:00,15.94,2,CUST_00555
TICKET_0001483,STORE_07,2024-03-12 08:38:00,23.28,2,CUST_00660
TICKET_0001484,STORE_01,2024-02-09 16:49:00,4.56,1,CUST_00290
TICKET_0001485,STORE_05,2024-02-15 17:15:00,20.81,2,CUST_00521
TICKET_0001486,STORE_06,2024-01-08 11:57:00,32.98,3,CUST_00054
TICKET_0001487,STORE_01,2024-03-20 07:32:00,4.57,1,CUST_00154
TICKET_0001488,STORE_06,2024-02-12 08:32:00,26.43,3,CUST_00039
TICKET_0001489,STORE_02,2024-01-18 13:48:00,20.61,2,CUST_00829
TICKET_0001490,STORE_04,2024-03-24 17:34:00,6.04,1,CUST_00451
TICKET_0001491,STORE_10,2024-03-27 16:05:00,8.41,1,CUST_00951
TICKET_0001492,STORE_03,2024-02-25 14:50:00,39.28,5,CUST_00176
TICKET_0001493,STORE_03,2024-03-02 16:16:00,5.8,1,CUST_00753
TICKET_0001494,STORE_10,2024-03-23 20:46:00,10.63,2,CUST_00767
TICKET_0001495,STORE_10,2024-03-05 09:16:00,4.39,1,CUST_00270
TICKET_0001496,STORE_06,2024-02-05 09:30:00,15.42,2,CUST_00252
TICKET_0001497,STORE_05,2024-01-27 13:54:00,8.64,1,CUST_00706
TICKET_0001498,STORE_07,2024-03-28 07:37:00,26.43,3,CUST_00052
TICKET_0001499,STORE_01,2024-01-26 17:04:00,12.55,2,CUST_00250
TICKET_0001500,STORE_01,2024-01-31 12:51:00,10.04,1,CUST_00983
TICKET_0001501,STORE_08,2024-01-29 16:39:00,4.36,1,CUST_00460
TICKET_0001502,STORE_07,2024-03-02 21:56:00,21.03,4,CUST_00807
TICKET_0001503,STORE_07,2024-01-31 20:51:00,28.83,3,CUST_00871
TICKET_0001504,STORE_09,2024-02-10 09:03:00,25.06,3,CUST_00898
TICKET_0001505,STORE_02,2024-01-19 20:28:00,11.07,2,CUST_00792
TICKET_0001506,STORE_07,2024-01-11 10:45:00,2.26,1,CUST_00333
TICKET_0001507,STORE_03,2024-03-27 11:07:00,7.73,1,CUST_00466
TICKET_0001508,STORE_09,2024-02-19 20:34:00,22.57,4,CUST_00547
TICKET_0001509,STORE_05,2024-01-27 11:57:00,35.97,4,CUST_00369
TICKET_0001510,STORE_05,2024-03-15 17:41:00,37.98,4,CUST_00369
TICKET_0001511,STORE_08,2024-01-12 17:40:00,20.72,2,CUST_00074
TICKET_0001512,STORE_03,2024-01-26 10:39:00,11.93,2,CUST_00625
TICKET_0001513,STORE_10,2024-01-15 07:14:00,22.22,4,CUST_00324
TICKET_0001514,STORE_06,2024-02-29 15:50:00,8.04,1,CUST_00771
TICKET_0001515,STORE_01,2024-01-22 14:43:00,10.94,2,CUST_00009
TICKET_0001516,STORE_10,2024-02-06 14:34:00,30.16,4,CUST_00035
TICKET_0001517,STORE_08,2024-03-12 20:10:00,2.29,1,CUST_00301
TICKET_0001518,STORE_08,2024-03-08 09:36:00,5.65,2,CUST_00072
TICKET_0001519,STORE_02,2024-03-01 14:24:00,33.92,3,CUST_00641
TICKET_0001520,STORE_06,2024-02-10 12:53:00,16.7,3,CUST_00488
TICKET_0001521,STORE_07,2024-01-29 19:46:00,5.16,1,CUST_00423
TICKET_0001522,STORE_09,2024-03-10 07:14:00,20.78,3,CUST_00147
TICKET_0001523,STORE_02,2024-02-06 10:09:00,26.23,3,CUST_00185
TICKET_0001524,STORE_09,2024-03-21 15:13:00,3.09,1,CUST_00247
TICKET_0001525,STORE_04,2024-03-16 13:32:00,3.07,1,CUST_00010
TICKET_0001526,STORE_08,2024-03-27 07:55:00,19.24,2,CUST_00936
TICKET_0001527,STORE_03,2024-03-16 17:18:00,18.16,2,CUST_00922
TICKET_0001528,STORE_07,2024-03-07 20:43:00,6.05,2,CUST_00190
TICKET_0001529,STORE_03,2024-01-20 09:33:00,8.45,1,CUST_00584
TICKET_0001530,STORE_03,2024-01-30 09:35:00,10.92,2,CUST_00722
TICKET_0001531,STORE_10,2024-01-14 10:58:00,9.38,2,CUST_00272
TICKET_0001532,STORE_06,2024-02-16 09:31:00,29.79,4,CUST_00661
TICKET_0001533,STORE_03,2024-03-02 17:42:00,8.41,1,CUST_00465
TICKET_0001534,STORE_02,2024-02-02 19:39:00,4.76,1,CUST_00919
TICKET_0001535,STORE_07,2024-03-01 20:31:00,29.49,4,CUST_00127
TICKET_0001536,STORE_01,2024-01-16 09:08:00,12.05,1,CUST_00868
TICKET_0001537,STORE_01,2024-03-16 07:31:00,9.07,1,CUST_00924
TICKET_0001538,STORE_06,2024-01-06 19:01:00,20.09,3,CUST_00975
TICKET_0001539,STORE_08,2024-01-23 13:56:00,12.52,2,CUST_00798
TICKET_0001540,STORE_02,2024-03-17 21:46:00,9.04,1,CUST_00820
TICKET_0001541,STORE_06,2024-02-10 12:29:00,39.67,4,CUST_00424
TICKET_0001542,STORE_01,2024-03-15 07:17:00,16.5,2,CUST_00105
TICKET_0001543,STORE_06,2024-02-27 08:40:00,24.49,4,CUST_00415
TICKET_0001544,STORE_01,2024-01-29 12:52:00,4.69,1,CUST_00556
TICKET_0001545,STORE_01,2024-02-04 17:48:00,6.47,1,CUST_00245
TICKET_0001546,STORE_10,2024-01-12 08:13:00,24.6,3,CUST_00478
TICKET_0001547,STORE_04,2024-01-10 18:30:00,23.17,2,CUST_00453
TICKET_0001548,STORE_09,2024-01-29 17:46:00,18.88,2,CUST_00081
TICKET_0001549,STORE_05,2024-02-11 12:58:00,9.03,1,CUST_00850
TICKET_0001550,STORE_09,2024-02-07 15:46:00,12.23,2,CUST_00888
TICKET_0001551,STORE_08,2024-01-09 13:24:00,29.2,3,CUST_00345
TICKET_0001552,STORE_06,2024-03-03 15:36:00,33.95,5,CUST_00069
TICKET_0001553,STORE_09,2024-01-31 18:45:00,15.88,2,CUST_00857
TICKET_0001554,STORE_02,2024-03-23 08:03:00,26.67,3,CUST_00627
TICKET_0001555,STORE_01,2024-03-05 14:38:00,19.04,2,CUST_00753
TICKET_0001556,STORE_08,2024-03-14 17:58:00,9.29,1,CUST_00486
TICKET_0001557,STORE_02,2024-03-24 11:21:00,27.08,4,CUST_00981
TICKET_0001558,STORE_06,2024-01-24 18:34:00,22.67,4,CUST_00525
TICKET_0001559,STORE_08,2024-02-20 12:05:00,10.49,2,CUST_00576
TICKET_0001560,STORE_07,2024-03-09 14:26:00,22.61,3,CUST_00190
TICKET_0001561,STORE_04,2024-02-18 14:48:00,17.29,2,CUST_00894
TICKET_0001562,STORE_07,2024-01-04 20:08:00,6.14,1,CUST_00909
TICKET_0001563,STORE_01,2024-01-17 14:07:00,5.02,1,CUST_00437
TICKET_0001564,STORE_08,2024-02-13 18:20:00,12.38,1,CUST_00015
TICKET_0001565,STORE_03,2024-01-16 10:03:00,9.75,1,CUST_00237
TICKET_0001566,STORE_07,2024-03-12 18:07:00,5.01,1,CUST_00336
TICKET_0001567,STORE_09,2024-02-17 14:28:00,2.39,1,CUST_00150
TICKET_0001568,STORE_10,2024-01-24 18:25:00,22.9,2,CUST_00096
TICKET_0001569,STORE_09,2024-03-21 09:19:00,24.34,5,CUST_00756
TICKET_0001570,STORE_02,2024-03-04 20:51:00,11.3,1,CUST_00618
TICKET_0001571,STORE_02,2024-02-18 20:30:00,11.98,1,CUST_00530
TICKET_0001572,STORE_09,2024-02-13 19:55:00,27.65,4,CUST_00438
TICKET_0001573,STORE_10,2024-02-16 20:35:00,4.35,1,CUST_00304
TICKET_0001574,STORE_04,2024-02-06 16:00:00,29.91,4,CUST_00300
TICKET_0001575,STORE_07,2024-03-13 19:28:00,3.67,1,CUST_00735
TICKET_0001576,STORE_02,2024-01-28 13:22:00,7.31,2,CUST_00750
TICKET_0001577,STORE_01,2024-03-10 10:42:00,10.0,1,CUST_00789
TICKET_0001578,STORE_04,2024-03-14 21:23:00,19.26,2,CUST_00353
TICKET_0001579,STORE_05,2024-03-31 12:25:00,22.85,2,CUST_00182
TICKET_0001580,STORE_09,2024-03-25 16:12:00,10.53,2,CUST_00234
TICKET_0001581,STORE_10,2024-01-24 10:17:00,31.44,4,CUST_00421
TICKET_0001582,STORE_06,2024-03-04 19:40:00,19.0,3,CUST_00757
TICKET_0001583,STORE_03,2024-01-26 13:43:00,23.37,3,CUST_00963
TICKET_0001584,STORE_07,2024-01-02 10:43:00,25.33,4,CUST_00915
TICKET_0001585,STORE_01,2024-01-31 07:57:00,2.68,1,CUST_00657
TICKET_0001586,STORE_09,2024-01-14 09:54:00,5.67,2,CUST_00385
TICKET_0001587,STORE_10,2024-03-20 20:07:00,21.86,2,CUST_00038
TICKET_0001588,STORE_03,2024-02-08 12:13:00,16.19,2,CUST_00169
TICKET_0001589,STORE_04,2024-02-05 08:41:00,4.71,1,CUST_00938
TICKET_0001590,STORE_08,2024-03-05 13:23:00,45.55,5,CUST_00498
TICKET_0001591,STORE_07,2024-02-08 07:14:00,30.28,4,CUST_00560
TICKET_0001592,STORE_10,2024-02-09 13:19:00,14.66,1,CUST_00322
TICKET_0001593,STORE_08,2024-02-06 09:52:00,12.24,2,CUST_00585
TICKET_0001594,STORE_09,2024-01-20 11:13:00,9.25,1,CUST_00352
TICKET_0001595,STORE_07,2024-01-26 14:08:00,38.77,3,CUST_00390
TICKET_0001596,STORE_08,2024-01-25 09:01:00,12.09,2,CUST_00872
TICKET_0001597,STORE_03,2024-02-08 20:30:00,6.97,1,CUST_00272
TICKET_0001598,STORE_06,2024-02-29 11:31:00,21.7,3,CUST_00928
TICKET_0001599,STORE_04,2024-02-21 18:17:00,13.65,1,CUST_00366
TICKET_0001600,STORE_03,2024-03-19 08:57:00,28.79,2,CUST_00414
TICKET_0001601,STORE_08,2024-03-22 07:44:00,24.15,2,CUST_00648
TICKET_0001602,STORE_01,2024-03-29 18:32:00,12.35,2,CUST_00989
TICKET_0001603,STORE_06,2024-01-29 13:24:00,32.02,3,CUST_00676
TICKET_0001604,STORE_08,2024-03-14 18:28:00,14.13,2,CUST_00763
TICKET_0001605,STORE_01,2024-02-27 15:53:00,12.15,2,CUST_00118
TICKET_0001606,STORE_02,2024-02-03 13:22:00,13.78,1,CUST_00481
TICKET_0001607,STORE_06,2024-02-10 16:56:00,9.94,2,CUST_00835
TICKET_0001608,STORE_02,2024-01-25 10:57:00,6.38,1,CUST_00237
TICKET_0001609,STORE_03,2024-02-07 15:25:00,30.02,4,CUST_00086
TICKET_0001610,STORE_10,2024-01-03 11:33:00,2.99,1,CUST_00209
TICKET_0001611,STORE_07,2024-03-22 21:09:00,9.49,1,CUST_00513
TICKET_0001612,STORE_04,2024-03-31 13:36:00,4.76,1,CUST_00136
TICKET_0001613,STORE_07,2024-02-01 12:13:00,31.2,3,CUST_00116
TICKET_0001614,STORE_09,2024-01-15 14:25:00,29.65,4,CUST_00782
TICKET_0001615,STORE_04,2024-03-02 14:42:00,13.36,1,CUST_00674
TICKET_0001616,STORE_06,2024-03-14 17:12:00,40.69,4,CUST_00376
TICKET_0001617,STORE_07,2024-03-23 08:25:00,48.98,5,CUST_00057
TICKET_0001618,STORE_01,2024-03-03 21:08:00,24.64,2,CUST_00583
TICKET_0001619,STORE_06,2024-03-02 14:35:00,25.93,2,CUST_00695
TICKET_0001620,STORE_09,2024-01-01 21:05:00,33.94,4,CUST_00112
TICKET_0001621,STORE_03,2024-01-24 16:02:00,8.93,1,CUST_00214
TICKET_0001622,STORE_05,2024-01-30 20:50:00,3.56,1,CUST_00227
TICKET_0001623,STORE_07,2024-03-08 18:28:00,14.04,1,CUST_00972
TICKET_0001624,STORE_10,2024-02-18 12:33:00,5.91,1,CUST_00030
TICKET_0001625,STORE_02,2024-02-11 07:32:00,17.57,2,CUST_00082
TICKET_0001626,STORE_04,2024-02-23 07:41:00,7.5,1,CUST_00668
TICKET_0001627,STORE_08,2024-02-23 12:06:00,14.94,1,CUST_00191
TICKET_0001628,STORE_10,2024-02-03 18:02:00,16.23,2,CUST_00276
TICKET_0001629,STORE_05,2024-02-06 10:08:00,8.29,1,CUST_00918
TICKET_0001630,STORE_03,2024-01-26 07:47:00,5.97,1,CUST_00672
TICKET_0001631,STORE_05,2024-02-27 09:51:00,36.07,3,CUST_00123
TICKET_0001632,STORE_09,2024-03-20 14:33:00,3.07,1,CUST_00108
TICKET_0001633,STORE_09,2024-03-12 20:28:00,15.49,2,CUST_00304
TICKET_0001634,STORE_02,2024-02-10 19:54:00,14.2,1,CUST_00294
TICKET_0001635,STORE_04,2024-01-08 11:59:00,11.0,2,CUST_00562
TICKET_0001636,STORE_05,2024-01-21 16:52:00,40.02,5,CUST_00536
TICKET_0001637,STORE_03,2024-01-12 15:29:00,14.61,2,CUST_00953
TICKET_0001638,STORE_09,2024-02-08 19:25:00,6.99,1,CUST_00153
TICKET_0001639,STORE_08,2024-02-13 09:38:00,18.33,2,CUST_00796
TICKET_0001640,STORE_09,2024-01-17 18:44:00,10.14,1,CUST_00178
TICKET_0001641,STORE_08,2024-02-11 17:46:00,2.85,1,CUST_00173
TICKET_0001642,STORE_01,2024-03-30 08:29:00,18.94,3,CUST_00287
TICKET_0001643,STORE_02,2024-01-07 11:22:00,7.61,1,CUST_00414
TICKET_0001644,STORE_08,2024-02-04 09:45:00,13.16,2,CUST_00096
TICKET_0001645,STORE_01,2024-01-28 12:15:00,4.77,1,CUST_00184
TICKET_0001646,STORE_04,2024-03-08 21:03:00,14.89,2,CUST_00222
TICKET_0001647,STORE_02,2024-02-25 07:32:00,14.39,1,CUST_00203
TICKET_0001648,STORE_10,2024-01-23 13:41:00,33.19,4,CUST_00483
TICKET_0001649,STORE_10,2024-03-07 14:50:00,15.94,2,CUST_00455
TICKET_0001650,STORE_03,2024-02-28 18:05:00,5.67,1,CUST_00465
TICKET_0001651,STORE_04,2024-03-19 13:42:00,19.4,2,CUST_00197
TICKET_0001652,STORE_02,2024-01-15 09:12:00,17.11,2,CUST_00509
TICKET_0001653,STORE_09,2024-03-02 21:43:00,9.26,1,CUST_00843
TICKET_0001654,STORE_10,2024-02-15 10:10:00,17.01,2,CUST_00165
TICKET_0001655,STORE_02,2024-03-14 19:02:00,15.63,2,CUST_00001
TICKET_0001656,STORE_07,2024-01-27 17:49:00,37.97,3,CUST_00111
TICKET_0001657,STORE_04,2024-01-27 09:00:00,10.15,2,CUST_00401
TICKET_0001658,STORE_03,2024-03-13 14:26:00,3.64,1,CUST_00828
TICKET_0001659,STORE_08,2024-02-15 17:37:00,27.77,2,CUST_00668
TICKET_0001660,STORE_10,2024-03-06 19:51:00,12.06,1,CUST_00836
TICKET_0001661,STORE_01,2024-02-08 19:45:00,9.25,1,CUST_00792
TICKET_0001662,STORE_10,2024-02-20 17:57:00,24.94,3,CUST_00905
TICKET_0001663,STORE_02,2024-03-16 20:49:00,29.63,2,CUST_00497
TICKET_0001664,STORE_05,2024-03-28 11:00:00,46.2,6,CUST_00713
TICKET_0001665,STORE_02,2024-01-05 09:02:00,38.75,4,CUST_00698
TICKET_0001666,STORE_06,2024-01-22 21:46:00,14.29,1,CUST_00875
TICKET_0001667,STORE_03,2024-01-16 18:58:00,8.79,1,CUST_00095
TICKET_0001668,STORE_08,2024-01-28 12:21:00,47.28,4,CUST_00058
TICKET_0001669,STORE_02,2024-02-06 20:01:00,34.07,5,CUST_00811
TICKET_0001670,STORE_02,2024-02-10 08:39:00,23.82,3,CUST_00594
TICKET_0001671,STORE_09,2024-01-03 13:48:00,14.57,1,CUST_00662
TICKET_0001672,STORE_06,2024-01-06 15:20:00,8.42,2,CUST_00578
TICKET_0001673,STORE_05,2024-02-02 10:06:00,35.41,3,CUST_00640
TICKET_0001674,STORE_02,2024-03-21 16:53:00,30.73,3,CUST_00488
TICKET_0001675,STORE_04,2024-02-05 19:00:00,14.9,1,CUST_00135
TICKET_0001676,STORE_05,2024-03-15 19:17:00,57.26,6,CUST_00899
TICKET_0001677,STORE_10,2024-03-17 08:42:00,27.17,3,CUST_00441
TICKET_0001678,STORE_06,2024-03-12 20:59:00,18.31,2,CUST_00663
TICKET_0001679,STORE_04,2024-01-30 20:57:00,6.48,1,CUST_00920
TICKET_0001680,STORE_10,2024-03-13 18:32:00,16.24,2,CUST_00788
TICKET_0001681,STORE_01,2024-02-14 14:03:00,5.75,1,CUST_00279
TICKET_0001682,STORE_06,2024-01-26 14:20:00,25.67,3,CUST_00853
TICKET_0001683,STORE_06,2024-03-06 18:36:00,48.76,5,CUST_00500
TICKET_0001684,STORE_06,2024-02-28 17:57:00,3.57,1,CUST_00094
TICKET_0001685,STORE_09,2024-03-19 11:11:00,19.46,2,CUST_00564
TICKET_0001686,STORE_05,2024-02-15 08:49:00,6.19,2,CUST_00846
TICKET_0001687,STORE_09,2024-02-09 17:53:00,15.9,2,CUST_00540
TICKET_0001688,STORE_01,2024-03-12 14:13:00,6.07,1,CUST_00436
TICKET_0001689,STORE_10,2024-01-17 14:01:00,52.67,5,CUST_00560
TICKET_0001690,STORE_05,2024-02-05 20:19:00,20.9,2,CUST_00185
TICKET_0001691,STORE_08,2024-02-24 12:48:00,9.68,1,CUST_00856
TICKET_0001692,STORE_01,2024-03-28 09:40:00,12.75,2,CUST_00478
TICKET_0001693,STORE_05,2024-02-06 09:44:00,3.37,1,CUST_00698
TICKET_0001694,STORE_08,2024-02-20 09:08:00,29.54,4,CUST_00407
TICKET_0001695,STORE_05,2024-02-24 13:08:00,16.43,2,CUST_00453
TICKET_0001696,STORE_03,2024-02-02 16:40:00,9.86,1,CUST_00904
TICKET_0001697,STORE_07,2024-03-16 20:12:00,9.51,1,CUST_00320
TICKET_0001698,STORE_03,2024-01-19 09:34:00,13.08,1,CUST_00019
TICKET_0001699,STORE_06,2024-03-14 15:32:00,7.79,1,CUST_00964
TICKET_0001700,STORE_04,2024-03-15 13:10:00,19.53,3,CUST_00388
TICKET_0001701,STORE_10,2024-03-18 11:57:00,8.08,2,CUST_00869
TICKET_0001702,STORE_01,2024-01-17 10:29:00,9.03,1,CUST_00499
TICKET_0001703,STORE_09,2024-01-18 12:50:00,33.5,4,CUST_00155
TICKET_0001704,STORE_10,2024-01-25 14:22:00,17.19,3,CUST_00345
TICKET_0001705,STORE_09,2024-01-03 15:29:00,13.17,1,CUST_00003
TICKET_0001706,STORE_07,2024-02-27 20:33:00,18.02,2,CUST_00024
TICKET_0001707,STORE_08,2024-02-15 15:14:00,7.29,2,CUST_00738
TICKET_0001708,STORE_01,2024-03-23 14:05:00,8.07,1,CUST_00394
TICKET_0001709,STORE_03,2024-02-06 13:08:00,17.95,2,CUST_00099
TICKET_0001710,STORE_07,2024-03-02 21:17:00,45.98,4,CUST_00186
TICKET_0001711,STORE_04,2024-03-17 10:57:00,21.56,2,CUST_00589
TICKET_0001712,STORE_03,2024-02-14 21:02:00,22.39,2,CUST_00559
TICKET_0001713,STORE_07,2024-02-06 19:29:00,29.01,4,CUST_00370
TICKET_0001714,STORE_01,2024-02-01 20:13:00,14.81,1,CUST_00166
TICKET_0001715,STORE_07,2024-02-20 19:34:00,10.03,2,CUST_00303
TICKET_0001716,STORE_03,2024-01-03 08:19:00,21.41,3,CUST_00861
TICKET_0001717,STORE_02,2024-03-15 12:30:00,16.81,2,CUST_00998
TICKET_0001718,STORE_09,2024-01-02 09:32:00,11.41,2,CUST_00784
TICKET_0001719,STORE_01,2024-03-02 14:26:00,24.22,2,CUST_00310
TICKET_0001720,STORE_05,2024-01-03 10:19:00,18.78,2,CUST_00429
TICKET_0001721,STORE_05,2024-03-01 17:07:00,16.14,3,CUST_00149
TICKET_0001722,STORE_06,2024-03-14 14:30:00,13.96,2,CUST_00273
TICKET_0001723,STORE_03,2024-03-27 15:36:00,8.95,1,CUST_00141
TICKET_0001724,STORE_05,2024-03-26 18:36:00,29.92,4,CUST_00011
TICKET_0001725,STORE_02,2024-02-20 17:23:00,16.48,2,CUST_00658
TICKET_0001726,STORE_09,2024-01-12 14:22:00,8.91,2,CUST_00902
TICKET_0001727,STORE_08,2024-03-06 07:31:00,5.94,1,CUST_00552
TICKET_0001728,STORE_01,2024-03-21 18:14:00,21.58,2,CUST_00764
TICKET_0001729,STORE_06,2024-01-03 20:25:00,9.22,1,CUST_00787
TICKET_0001730,STORE_01,2024-01-17 18:23:00,2.7,1,CUST_00729
TICKET_0001731,STORE_07,2024-01-28 12:22:00,18.22,2,CUST_00718
TICKET_0001732,STORE_07,2024-03-09 18:19:00,22.86,3,CUST_00024
TICKET_0001733,STORE_09,2024-01-15 17:57:00,8.88,1,CUST_00047
TICKET_0001734,STORE_08,2024-02-13 09:19:00,11.94,2,CUST_00642
TICKET_0001735,STORE_04,2024-01-07 09:24:00,17.25,2,CUST_00882
TICKET_0001736,STORE_02,2024-01-03 08:26:00,30.19,4,CUST_00373
TICKET_0001737,STORE_08,2024-01-13 09:27:00,3.29,1,CUST_00607
TICKET_0001738,STORE_10,2024-03-01 13:17:00,14.58,2,CUST_00003
TICKET_0001739,STORE_04,2024-03-15 17:07:00,16.63,2,CUST_00506
TICKET_0001740,STORE_02,2024-03-23 17:01:00,18.82,3,CUST_00465
TICKET_0001741,STORE_03,2024-03-24 18:31:00,8.04,1,CUST_00116
TICKET_0001742,STORE_10,2024-03-21 07:16:00,23.57,3,CUST_00691
TICKET_0001743,STORE_10,2024-01-06 07:51:00,19.4,4,CUST_00138
TICKET_0001744,STORE_09,2024-02-21 21:46:00,22.01,2,CUST_00079
TICKET_0001745,STORE_08,2024-01-19 08:06:00,15.35,2,CUST_00389
TICKET_0001746,STORE_04,2024-01-20 14:07:00,8.38,1,CUST_00897
TICKET_0001747,STORE_07,2024-03-06 13:00:00,29.79,3,CUST_00930
TICKET_0001748,STORE_05,2024-02-04 21:47:00,8.12,1,CUST_00584
TICKET_0001749,STORE_02,2024-01-22 12:51:00,46.97,4,CUST_00851
TICKET_0001750,STORE_09,2024-02-03 19:42:00,4.98,1,CUST_00092
TICKET_0001751,STORE_02,2024-01-02 15:10:00,22.37,2,CUST_00801
TICKET_0001752,STORE_09,2024-03-26 11:44:00,12.24,2,CUST_00742
TICKET_0001753,STORE_02,2024-01-16 11:10:00,15.38,2,CUST_00720
TICKET_0001754,STORE_10,2024-01-19 10:10:00,17.17,2,CUST_00620
TICKET_0001755,STORE_10,2024-02-01 13:42:00,12.99,2,CUST_00928
TICKET_0001756,STORE_04,2024-03-20 09:49:00,9.16,1,CUST_00313
TICKET_0001757,STORE_08,2024-02-14 08:50:00,16.4,2,CUST_00417
TICKET_0001758,STORE_10,2024-01-16 16:26:00,30.81,3,CUST_00420
TICKET_0001759,STORE_05,2024-01-30 20:53:00,27.08,2,CUST_00211
TICKET_0001760,STORE_04,2024-03-30 18:11:00,14.44,1,CUST_00028
TICKET_0001761,STORE_08,2024-02-15 07:34:00,7.67,2,CUST_00528
TICKET_0001762,STORE_07,2024-01-03 13:25:00,13.45,2,CUST_00045
TICKET_0001763,STORE_06,2024-02-05 15:49:00,29.02,3,CUST_00641
TICKET_0001764,STORE_03,2024-03-06 12:00:00,9.6,1,CUST_00605
TICKET_0001765,STORE_08,2024-03-23 20:06:00,35.17,4,CUST_00547
TICKET_0001766,STORE_05,2024-01-26 10:59:00,9.41,1,CUST_00641
TICKET_0001767,STORE_09,2024-03-15 18:49:00,2.61,1,CUST_00908
TICKET_0001768,STORE_10,2024-02-03 17:52:00,23.93,4,CUST_00283
TICKET_0001769,STORE_04,2024-03-19 18:38:00,8.48,1,CUST_00168
TICKET_0001770,STORE_09,2024-02-14 08:29:00,13.9,3,CUST_00362
TICKET_0001771,STORE_05,2024-01-03 19:07:00,7.96,1,CUST_00462
TICKET_0001772,STORE_09,2024-01-01 14:38:00,8.97,1,CUST_00023
TICKET_0001773,STORE_09,2024-01-21 18:36:00,31.14,3,CUST_00039
TICKET_0001774,STORE_06,2024-03-24 16:43:00,31.06,5,CUST_00113
TICKET_0001775,STORE_09,2024-02-04 12:19:00,14.91,2,CUST_00757
TICKET_0001776,STORE_08,2024-03-20 21:04:00,16.21,2,CUST_00167
TICKET_0001777,STORE_04,2024-02-27 14:37:00,3.68,1,CUST_00266
TICKET_0001778,STORE_01,2024-03-20 07:13:00,3.37,1,CUST_00669
TICKET_0001779,STORE_10,2024-01-30 12:59:00,2.87,1,CUST_00540
TICKET_0001780,STORE_02,2024-01-28 20:49:00,11.95,3,CUST_00703
TICKET_0001781,STORE_08,2024-01-10 15:09:00,20.8,3,CUST_00667
TICKET_0001782,STORE_10,2024-02-21 16:07:00,16.47,2,CUST_00038
TICKET_0001783,STORE_07,2024-03-14 12:38:00,30.13,3,CUST_00926
TICKET_0001784,STORE_07,2024-01-14 12:29:00,37.7,4,CUST_00609
TICKET_0001785,STORE_02,2024-02-08 19:34:00,3.41,1,CUST_00635
TICKET_0001786,STORE_01,2024-01-18 15:51:00,9.73,1,CUST_00325
TICKET_0001787,STORE_03,2024-01-28 16:47:00,19.66,2,CUST_00320
TICKET_0001788,STORE_01,2024-03-29 19:21:00,14.29,1,CUST_00429
TICKET_0001789,STORE_05,2024-03-11 21:58:00,32.39,5,CUST_00315
TICKET_0001790,STORE_04,2024-03-04 18:30:00,9.64,2,CUST_00656
TICKET_0001791,STORE_06,2024-02-07 10:55:00,61.84,6,CUST_00291
TICKET_0001792,STORE_03,2024-01-11 21:44:00,30.81,3,CUST_00126
TICKET_0001793,STORE_03,2024-03-26 18:39:00,23.79,2,CUST_00579
TICKET_0001794,STORE_10,2024-02-02 10:30:00,7.09,1,CUST_00429
TICKET_0001795,STORE_04,2024-02-10 12:05:00,17.73,2,CUST_00647
TICKET_0001796,STORE_05,2024-02-09 16:19:00,25.51,3,CUST_00560
TICKET_0001797,STORE_06,2024-01-15 21:57:00,18.06,2,CUST_00914
TICKET_0001798,STORE_07,2024-03-27 21:43:00,38.28,5,CUST_00533
TICKET_0001799,STORE_01,2024-01-19 16:00:00,6.58,1,CUST_00501
TICKET_0001800,STORE_04,2024-01-21 07:43:00,22.85,2,CUST_00010
TICKET_0001801,STORE_01,2024-03-06 16:42:00,3.08,1,CUST_00246
TICKET_0001802,STORE_08,2024-02-02 14:51:00,11.63,2,CUST_00208
TICKET_0001803,STORE_09,2024-01-30 19:33:00,14.23,2,CUST_00204
TICKET_0001804,STORE_05,2024-01-08 16:12:00,7.89,3,CUST_00629
TICKET_0001805,STORE_04,2024-01-19 12:50:00,10.62,2,CUST_00371
TICKET_0001806,STORE_07,2024-01-03 09:40:00,22.0,2,CUST_00844
TICKET_0001807,STORE_09,2024-03-20 10:55:00,7.07,2,CUST_00400
TICKET_0001808,STORE_06,2024-01-27 15:56:00,14.39,2,CUST_00697
TICKET_0001809,STORE_06,2024-01-27 14:26:00,23.0,4,CUST_00370
TICKET_0001810,STORE_05,2024-01-31 08:21:00,18.4,2,CUST_00148
TICKET_0001811,STORE_06,2024-03-18 12:02:00,6.2,1,CUST_00544
TICKET_0001812,STORE_08,2024-02-07 17:31:00,29.81,3,CUST_00361
TICKET_0001813,STORE_03,2024-03-27 12:38:00,24.7,4,CUST_00416
TICKET_0001814,STORE_02,2024-01-29 19:19:00,14.03,1,CUST_00219
TICKET_0001815,STORE_02,2024-01-23 10:55:00,8.66,1,CUST_00164
TICKET_0001816,STORE_02,2024-03-01 16:46:00,12.96,2,CUST_00787
TICKET_0001817,STORE_04,2024-03-15 10:55:00,13.1,1,CUST_00736
TICKET_0001818,STORE_05,2024-03-02 17:54:00,27.61,2,CUST_00607
TICKET_0001819,STORE_03,2024-03-01 15:18:00,11.5,2,CUST_00535
TICKET_0001820,STORE_08,2024-02-19 18:46:00,13.46,1,CUST_00988
TICKET_0001821,STORE_07,2024-03-02 21:29:00,29.41,3,CUST_00471
TICKET_0001822,STORE_09,2024-03-17 20:15:00,19.91,2,CUST_00447
TICKET_0001823,STORE_10,2024-02-17 21:40:00,13.4,2,CUST_00038
TICKET_0001824,STORE_04,2024-01-23 18:08:00,5.09,1,CUST_00850
TICKET_0001825,STORE_10,2024-03-20 11:17:00,12.25,2,CUST_00992
TICKET_0001826,STORE_08,2024-03-04 14:46:00,53.19,4,CUST_00370
TICKET_0001827,STORE_05,2024-01-20 19:58:00,20.28,2,CUST_00900
TICKET_0001828,STORE_01,2024-03-20 10:55:00,8.69,1,CUST_00322
TICKET_0001829,STORE_02,2024-01-23 15:48:00,26.11,3,CUST_00972
TICKET_0001830,STORE_04,2024-01-06 16:16:00,4.43,1,CUST_00658
TICKET_0001831,STORE_08,2024-02-05 09:20:00,18.39,2,CUST_00412
TICKET_0001832,STORE_06,2024-02-20 16:50:00,24.63,4,CUST_00644
TICKET_0001833,STORE_08,2024-01-07 18:17:00,21.85,3,CUST_00069
TICKET_0001834,STORE_02,2024-03-16 08:05:00,22.11,2,CUST_00678
TICKET_0001835,STORE_04,2024-03-06 07:05:00,14.16,2,CUST_00262
TICKET_0001836,STORE_03,2024-01-18 19:13:00,6.07,1,CUST_00413
TICKET_0001837,STORE_02,2024-02-27 08:20:00,2.85,1,CUST_00639
TICKET_0001838,STORE_02,2024-03-01 17:51:00,18.34,2,CUST_00947
TICKET_0001839,STORE_05,2024-01-05 21:20:00,22.7,4,CUST_00898
TICKET_0001840,STORE_03,2024-03-19 15:35:00,16.6,2,CUST_00461
TICKET_0001841,STORE_06,2024-03-23 13:21:00,31.35,4,CUST_00030
TICKET_0001842,STORE_10,2024-02-19 16:09:00,19.29,3,CUST_00222
TICKET_0001843,STORE_09,2024-01-24 18:37:00,32.76,4,CUST_00500
TICKET_0001844,STORE_09,2024-02-06 13:35:00,8.42,1,CUST_00417
TICKET_0001845,STORE_09,2024-01-05 20:56:00,10.47,2,CUST_00271
TICKET_0001846,STORE_06,2024-01-26 09:46:00,11.37,1,CUST_00130
TICKET_0001847,STORE_08,2024-01-03 14:27:00,24.77,2,CUST_00730
TICKET_0001848,STORE_07,2024-02-09 21:33:00,13.07,2,CUST_00312
TICKET_0001849,STORE_08,2024-03-27 09:24:00,27.04,3,CUST_00826
TICKET_0001850,STORE_08,2024-02-02 20:52:00,7.27,1,CUST_00334
TICKET_0001851,STORE_09,2024-02-10 17:33:00,15.18,2,CUST_00866
TICKET_0001852,STORE_10,2024-03-13 13:00:00,19.85,2,CUST_00255
TICKET_0001853,STORE_04,2024-02-19 08:47:00,39.03,4,CUST_00987
TICKET_0001854,STORE_04,2024-01-18 15:38:00,7.72,1,CUST_00288
TICKET_0001855,STORE_10,2024-02-27 13:19:00,22.28,3,CUST_00017
TICKET_0001856,STORE_06,2024-03-06 21:06:00,30.98,3,CUST_00021
TICKET_0001857,STORE_03,2024-02-17 07:27:00,22.56,2,CUST_00755
TICKET_0001858,STORE_05,2024-03-23 14:35:00,47.86,6,CUST_00842
TICKET_0001859,STORE_10,2024-02-03 08:04:00,8.37,1,CUST_00785
TICKET_0001860,STORE_09,2024-01-25 12:16:00,18.87,2,CUST_00581
TICKET_0001861,STORE_04,2024-01-03 16:34:00,7.96,2,CUST_00843
TICKET_0001862,STORE_04,2024-02-04 15:54:00,17.25,2,CUST_00755
TICKET_0001863,STORE_10,2024-03-24 12:56:00,17.59,2,CUST_00964
TICKET_0001864,STORE_02,2024-03-22 13:12:00,33.53,4,CUST_00930
TICKET_0001865,STORE_07,2024-01-22 19:57:00,37.86,4,CUST_00334
TICKET_0001866,STORE_03,2024-03-30 17:33:00,12.33,2,CUST_00077
TICKET_0001867,STORE_03,2024-02-09 08:47:00,18.99,3,CUST_00593
TICKET_0001868,STORE_02,2024-03-08 16:52:00,4.15,1,CUST_00549
TICKET_0001869,STORE_03,2024-01-06 08:42:00,3.06,1,CUST_00314
TICKET_0001870,STORE_05,2024-02-04 08:59:00,23.39,3,CUST_00316
TICKET_0001871,STORE_01,2024-01-07 11:22:00,9.55,2,CUST_00615
TICKET_0001872,STORE_05,2024-01-19 14:25:00,6.87,1,CUST_00065
TICKET_0001873,STORE_10,2024-03-21 14:26:00,22.45,3,CUST_00504
TICKET_0001874,STORE_09,2024-01-15 10:35:00,26.5,4,CUST_00315
TICKET_0001875,STORE_06,2024-02-18 14:29:00,2.93,1,CUST_00029
TICKET_0001876,STORE_09,2024-02-08 14:13:00,9.17,1,CUST_00674
TICKET_0001877,STORE_02,2024-01-24 15:20:00,28.99,3,CUST_00572
TICKET_0001878,STORE_07,2024-01-22 08:27:00,36.46,5,CUST_00357
TICKET_0001879,STORE_07,2024-01-02 16:13:00,30.9,4,CUST_00109
TICKET_0001880,STORE_04,2024-01-27 13:42:00,6.08,2,CUST_00195
TICKET_0001881,STORE_03,2024-02-03 13:26:00,18.64,3,CUST_00038
TICKET_0001882,STORE_02,2024-03-24 19:42:00,18.4,2,CUST_00983
TICKET_0001883,STORE_03,2024-03-13 19:26:00,2.72,1,CUST_00599
TICKET_0001884,STORE_04,2024-02-10 18:33:00,15.04,1,CUST_00781
TICKET_0001885,STORE_05,2024-02-22 17:04:00,12.46,1,CUST_00430
TICKET_0001886,STORE_02,2024-02-17 08:38:00,16.59,2,CUST_00023
TICKET_0001887,STORE_05,2024-03-03 08:16:00,16.04,2,CUST_00118
TICKET_0001888,STORE_05,2024-03-29 11:24:00,34.01,4,CUST_00038
TICKET_0001889,STORE_05,2024-02-19 14:17:00,60.37,5,CUST_00673
TICKET_0001890,STORE_04,2024-02-28 21:17:00,26.74,3,CUST_00228
TICKET_0001891,STORE_08,2024-02-06 16:15:00,26.61,3,CUST_00677
TICKET_0001892,STORE_03,2024-02-03 14:14:00,7.29,2,CUST_00089
TICKET_0001893,STORE_10,2024-02-29 09:45:00,12.45,2,CUST_00891
TICKET_0001894,STORE_03,2024-01-18 13:31:00,18.07,2,CUST_00307
TICKET_0001895,STORE_03,2024-03-12 16:00:00,2.35,1,CUST_00887
TICKET_0001896,STORE_03,2024-01-14 19:59:00,21.46,3,CUST_00259
TICKET_0001897,STORE_04,2024-02-07 07:12:00,31.36,3,CUST_00470
TICKET_0001898,STORE_04,2024-02-22 20:01:00,26.8,3,CUST_00509
TICKET_0001899,STORE_05,2024-01-28 11:06:00,44.49,4,CUST_00699
TICKET_0001900,STORE_01,2024-02-13 09:59:00,5.07,1,CUST_00201
TICKET_0001901,STORE_09,2024-01-30 11:04:00,10.07,2,CUST_01000
TICKET_0001902,STORE_06,2024-03-12 21:13:00,6.3,1,CUST_00194
TICKET_0001903,STORE_04,2024-02-09 10:23:00,7.98,1,CUST_00517
TICKET_0001904,STORE_06,2024-01-20 09:54:00,22.11,3,CUST_00663
TICKET_0001905,STORE_03,2024-01-02 18:25:00,9.24,1,CUST_00605
TICKET_0001906,STORE_02,2024-01-29 08:11:00,21.88,2,CUST_00823
TICKET_0001907,STORE_03,2024-03-20 11:35:00,18.99,2,CUST_00333
TICKET_0001908,STORE_02,2024-01-22 09:25:00,27.22,3,CUST_00112
TICKET_0001909,STORE_07,2024-03-08 16:57:00,35.98,5,CUST_00011
TICKET_0001910,STORE_10,2024-02-03 12:16:00,4.86,1,CUST_00575
TICKET_0001911,STORE_06,2024-03-24 08:48:00,39.0,5,CUST_00104
TICKET_0001912,STORE_02,2024-03-07 21:17:00,19.48,2,CUST_00309
TICKET_0001913,STORE_08,2024-02-15 13:07:00,9.28,1,CUST_00458
TICKET_0001914,STORE_10,2024-03-17 11:06:00,20.59,2,CUST_00140
TICKET_0001915,STORE_07,2024-02-08 12:58:00,28.07,2,CUST_00765
TICKET_0001916,STORE_08,2024-02-27 09:44:00,13.22,1,CUST_00936
TICKET_0001917,STORE_10,2024-03-15 10:14:00,15.94,2,CUST_00048
TICKET_0001918,STORE_09,2024-01-13 07:47:00,38.45,4,CUST_00335
TICKET_0001919,STORE_06,2024-02-29 12:13:00,4.78,1,CUST_00808
TICKET_0001920,STORE_03,2024-02-17 17:05:00,27.31,3,CUST_00240
TICKET_0001921,STORE_09,2024-03-10 14:21:00,18.64,3,CUST_00652
TICKET_0001922,STORE_05,2024-01-03 09:07:00,11.92,1,CUST_00104
TICKET_0001923,STORE_07,2024-01-10 07:48:00,39.5,4,CUST_00069
TICKET_0001924,STORE_05,2024-02-23 19:50:00,8.93,1,CUST_00554
TICKET_0001925,STORE_02,2024-03-13 18:48:00,14.62,2,CUST_00608
TICKET_0001926,STORE_02,2024-01-18 20:46:00,14.09,2,CUST_00336
TICKET_0001927,STORE_07,2024-01-28 12:17:00,31.44,3,CUST_00273
TICKET_0001928,STORE_01,2024-03-13 17:19:00,8.49,1,CUST_00759
TICKET_0001929,STORE_03,2024-01-23 14:47:00,37.22,4,CUST_00790
TICKET_0001930,STORE_08,2024-02-15 19:52:00,13.24,2,CUST_00994
TICKET_0001931,STORE_10,2024-02-01 20:13:00,27.76,4,CUST_00776
TICKET_0001932,STORE_08,2024-01-26 14:07:00,13.06,1,CUST_00613
TICKET_0001933,STORE_01,2024-02-25 17:36:00,15.37,2,CUST_00696
TICKET_0001934,STORE_01,2024-01-31 10:57:00,41.87,4,CUST_00542
TICKET_0001935,STORE_09,2024-02-04 08:19:00,8.03,1,CUST_00554
TICKET_0001936,STORE_01,2024-02-25 13:07:00,18.46,2,CUST_00757
TICKET_0001937,STORE_09,2024-02-20 10:47:00,41.84,5,CUST_00562
TICKET_0001938,STORE_05,2024-03-22 16:32:00,9.41,1,CUST_00707
TICKET_0001939,STORE_04,2024-01-05 21:49:00,7.63,1,CUST_00854
TICKET_0001940,STORE_03,2024-01-06 20:00:00,5.87,1,CUST_00577
TICKET_0001941,STORE_05,2024-01-14 15:05:00,30.84,4,CUST_00423
TICKET_0001942,STORE_10,2024-03-26 19:45:00,6.0,2,CUST_00628
TICKET_0001943,STORE_09,2024-03-14 17:58:00,3.12,1,CUST_00667
TICKET_0001944,STORE_04,2024-01-27 08:02:00,10.51,1,CUST_00971
TICKET_0001945,STORE_10,2024-02-06 13:27:00,18.09,4,CUST_00362
TICKET_0001946,STORE_06,2024-02-20 11:37:00,13.87,3,CUST_00829
TICKET_0001947,STORE_03,2024-01-29 19:00:00,8.98,1,CUST_00335
TICKET_0001948,STORE_09,2024-01-10 13:00:00,4.18,1,CUST_00907
TICKET_0001949,STORE_05,2024-03-29 17:17:00,23.77,3,CUST_00551
TICKET_0001950,STORE_09,2024-02-20 14:34:00,10.37,1,CUST_00439
TICKET_0001951,STORE_06,2024-01-22 18:11:00,2.58,1,CUST_00869
TICKET_0001952,STORE_03,2024-02-23 18:09:00,12.61,2,CUST_00805
TICKET_0001953,STORE_09,2024-03-11 16:39:00,22.17,4,CUST_00987
TICKET_0001954,STORE_04,2024-02-05 07:55:00,10.96,2,CUST_00672
TICKET_0001955,STORE_09,2024-03-19 18:45:00,4.9,1,CUST_00128
TICKET_0001956,STORE_05,2024-01-21 08:17:00,34.14,4,CUST_00036
TICKET_0001957,STORE_03,2024-01-08 08:28:00,4.74,1,CUST_00274
TICKET_0001958,STORE_05,2024-03-07 18:34:00,24.4,4,CUST_00441
TICKET_0001959,STORE_03,2024-02-07 07:50:00,8.92,1,CUST_00275
TICKET_0001960,STORE_04,2024-03-17 16:05:00,17.79,3,CUST_00420
TICKET_0001961,STORE_03,2024-01-07 07:55:00,13.04,2,CUST_00964
TICKET_0001962,STORE_06,2024-02-07 17:06:00,37.61,5,CUST_00428
TICKET_0001963,STORE_08,2024-01-14 15:20:00,14.36,2,CUST_00290
TICKET_0001964,STORE_10,2024-02-21 15:23:00,14.12,3,CUST_00969
TICKET_0001965,STORE_03,2024-03-05 21:17:00,20.02,2,CUST_00265
TICKET_0001966,STORE_07,2024-03-30 08:28:00,20.68,2,CUST_00735
TICKET_0001967,STORE_09,2024-01-21 15:49:00,16.05,2,CUST_00588
TICKET_0001968,STORE_07,2024-02-29 20:41:00,5.02,1,CUST_00093
TICKET_0001969,STORE_05,2024-01-06 11:48:00,20.85,3,CUST_00171
TICKET_0001970,STORE_06,2024-03-09 13:29:00,33.14,3,CUST_00067
TICKET_0001971,STORE_07,2024-02-08 21:10:00,11.66,1,CUST_00844
TICKET_0001972,STORE_06,2024-03-06 16:19:00,37.02,4,CUST_00083
TICKET_0001973,STORE_10,2024-02-08 10:03:00,2.26,1,CUST_00333
TICKET_0001974,STORE_03,2024-02-09 13:00:00,12.27,1,CUST_00384
TICKET_0001975,STORE_07,2024-03-17 11:32:00,18.76,2,CUST_00319
TICKET_0001976,STORE_07,2024-02-29 12:37:00,12.9,1,CUST_00172
TICKET_0001977,STORE_08,2024-02-06 12:17:00,20.86,4,CUST_00661
TICKET_0001978,STORE_04,2024-02-02 15:29:00,11.58,2,CUST_00732
TICKET_0001979,STORE_04,2024-02-14 07:02:00,9.34,1,CUST_00231
TICKET_0001980,STORE_05,2024-01-29 10:33:00,7.42,2,CUST_00038
TICKET_0001981,STORE_08,2024-02-14 15:10:00,17.15,3,CUST_00588
TICKET_0001982,STORE_05,2024-01-04 18:59:00,6.02,1,CUST_00850
TICKET_0001983,STORE_05,2024-02-12 07:45:00,9.31,1,CUST_00316
TICKET_0001984,STORE_08,2024-02-21 18:20:00,28.44,3,CUST_00951
TICKET_0001985,STORE_08,2024-02-03 16:58:00,15.3,2,CUST_00982
TICKET_0001986,STORE_10,2024-02-15 18:20:00,35.18,4,CUST_00407
TICKET_0001987,STORE_08,2024-01-15 15:44:00,18.74,2,CUST_00843
TICKET_0001988,STORE_09,2024-03-28 08:37:00,20.65,2,CUST_00282
TICKET_0001989,STORE_03,2024-01-26 14:42:00,3.54,1,CUST_00672
TICKET_0001990,STORE_06,2024-01-17 18:27:00,23.89,3,CUST_00853
TICKET_0001991,STORE_04,2024-02-07 12:20:00,8.99,1,CUST_00162
TICKET_0001992,STORE_02,2024-01-15 14:22:00,15.27,3,CUST_00470
TICKET_0001993,STORE_08,2024-02-16 13:16:00,24.64,3,CUST_00967
TICKET_0001994,STORE_02,2024-01-21 09:46:00,33.48,4,CUST_00373
TICKET_0001995,STORE_01,2024-01-06 20:27:00,14.57,1,CUST_00836
TICKET_0001996,STORE_03,2024-01-20 12:01:00,5.69,1,CUST_00564
TICKET_0001997,STORE_01,2024-01-15 11:49:00,22.13,2,CUST_00975
TICKET_0001998,STORE_03,2024-02-15 13:51:00,18.44,2,CUST_00531
TICKET_0001999,STORE_09,2024-03-26 10:21:00,33.25,4,CUST_00306
TICKET_0002000,STORE_05,2024-03-03 17:13:00,17.13,2,CUST_00799
TICKET_0002001,STORE_06,2024-01-24 18:44:00,33.3,4,CUST_00419
TICKET_0002002,STORE_08,2024-01-23 18:41:00,32.91,4,CUST_00086
TICKET_0002003,STORE_09,2024-02-04 14:19:00,13.94,1,CUST_00922
TICKET_0002004,STORE_05,2024-01-16 09:29:00,18.26,2,CUST_00779
TICKET_0002005,STORE_06,2024-01-18 12:45:00,26.37,3,CUST_00295
TICKET_0002006,STORE_02,2024-01-25 13:37:00,2.89,1,CUST_00180
TICKET_0002007,STORE_04,2024-02-16 16:54:00,5.73,1,CUST_00821
TICKET_0002008,STORE_05,2024-01-08 12:58:00,4.42,1,CUST_00904
TICKET_0002009,STORE_03,2024-02-18 14:07:00,15.32,2,CUST_00158
TICKET_0002010,STORE_04,2024-02-28 13:27:00,28.25,4,CUST_00183
TICKET_0002011,STORE_01,2024-03-15 16:18:00,22.29,2,CUST_00286
TICKET_0002012,STORE_07,2024-02-22 12:13:00,2.97,1,CUST_00642
TICKET_0002013,STORE_02,2024-01-13 18:16:00,18.02,2,CUST_00161
TICKET_0002014,STORE_07,2024-03-11 21:59:00,3.57,1,CUST_00327
TICKET_0002015,STORE_05,2024-03-13 09:01:00,19.74,2,CUST_00819
TICKET_0002016,STORE_04,2024-03-22 12:00:00,24.35,2,CUST_00444
TICKET_0002017,STORE_07,2024-02-02 17:08:00,5.02,1,CUST_00011
TICKET_0002018,STORE_02,2024-01-10 08:39:00,17.35,2,CUST_00932
TICKET_0002019,STORE_02,2024-01-31 19:41:00,36.51,3,CUST_00294
TICKET_0002020,STORE_02,2024-03-22 14:34:00,16.39,2,CUST_00901
TICKET_0002021,STORE_03,2024-01-29 21:58:00,19.66,2,CUST_00890
TICKET_0002022,STORE_09,2024-03-01 15:51:00,10.31,1,CUST_00493
TICKET_0002023,STORE_03,2024-01-03 14:06:00,21.22,4,CUST_00890
TICKET_0002024,STORE_06,2024-03-09 09:30:00,43.49,5,CUST_00653
TICKET_0002025,STORE_08,2024-03-23 17:38:00,11.95,1,CUST_00581
TICKET_0002026,STORE_08,2024-03-08 13:43:00,4.76,1,CUST_00401
TICKET_0002027,STORE_07,2024-01-13 20:01:00,9.64,2,CUST_00733
TICKET_0002028,STORE_07,2024-01-01 20:20:00,5.71,1,CUST_00555
TICKET_0002029,STORE_10,2024-02-12 13:43:00,29.42,2,CUST_00990
TICKET_0002030,STORE_10,2024-01-31 20:38:00,13.72,1,CUST_00995
TICKET_0002031,STORE_02,2024-01-31 17:32:00,20.74,3,CUST_00688
TICKET_0002032,STORE_06,2024-01-24 09:41:00,5.56,1,CUST_00535
TICKET_0002033,STORE_03,2024-02-07 08:52:00,32.29,3,CUST_00981
TICKET_0002034,STORE_10,2024-01-28 09:27:00,20.12,3,CUST_00338
TICKET_0002035,STORE_04,2024-01-27 07:33:00,2.88,1,CUST_00243
TICKET_0002036,STORE_07,2024-03-03 11:17:00,40.31,4,CUST_00858
TICKET_0002037,STORE_03,2024-02-16 18:48:00,24.87,3,CUST_00576
TICKET_0002038,STORE_01,2024-02-10 12:23:00,12.42,1,CUST_00600
TICKET_0002039,STORE_02,2024-02-29 07:38:00,20.14,2,CUST_00947
TICKET_0002040,STORE_07,2024-01-20 20:01:00,35.43,5,CUST_00297
TICKET_0002041,STORE_10,2024-02-20 10:05:00,18.33,2,CUST_00437
TICKET_0002042,STORE_08,2024-01-20 18:22:00,8.13,1,CUST_00705
TICKET_0002043,STORE_03,2024-02-20 10:05:00,9.19,1,CUST_00208
TICKET_0002044,STORE_02,2024-01-15 17:11:00,17.53,2,CUST_00901
TICKET_0002045,STORE_06,2024-01-02 10:32:00,22.33,3,CUST_00644
TICKET_0002046,STORE_09,2024-01-26 12:41:00,19.66,2,CUST_00578
TICKET_0002047,STORE_03,2024-03-26 18:05:00,11.91,1,CUST_00994
TICKET_0002048,STORE_04,2024-03-28 14:17:00,16.13,2,CUST_00028
TICKET_0002049,STORE_06,2024-02-04 09:37:00,12.74,2,CUST_00197
TICKET_0002050,STORE_01,2024-01-15 11:23:00,23.59,3,CUST_00044
TICKET_0002051,STORE_07,2024-03-17 09:24:00,17.15,2,CUST_00541
TICKET_0002052,STORE_07,2024-02-23 08:31:00,4.39,1,CUST_00761
TICKET_0002053,STORE_03,2024-03-09 10:10:00,16.46,2,CUST_00993
TICKET_0002054,STORE_05,2024-02-19 08:58:00,14.17,2,CUST_00193
TICKET_0002055,STORE_08,2024-01-30 17:54:00,17.83,2,CUST_00586
TICKET_0002056,STORE_06,2024-03-30 18:02:00,26.46,3,CUST_00791
TICKET_0002057,STORE_06,2024-01-01 12:11:00,22.18,2,CUST_00935
TICKET_0002058,STORE_08,2024-02-06 07:24:00,42.34,4,CUST_00098
TICKET_0002059,STORE_07,2024-03-25 13:52:00,12.32,1,CUST_00482
TICKET_0002060,STORE_10,2024-02-03 18:15:00,27.91,3,CUST_00900
TICKET_0002061,STORE_10,2024-01-04 08:50:00,18.78,2,CUST_00071
TICKET_0002062,STORE_07,2024-03-20 11:46:00,4.57,1,CUST_00038
TICKET_0002063,STORE_10,2024-03-22 13:51:00,15.65,2,CUST_00063
TICKET_0002064,STORE_10,2024-03-30 12:28:00,9.72,1,CUST_00366
TICKET_0002065,STORE_01,2024-02-08 10:12:00,5.97,1,CUST_00546
TICKET_0002066,STORE_03,2024-03-25 09:15:00,23.0,2,CUST_00263
TICKET_0002067,STORE_02,2024-01-31 20:59:00,9.38,1,CUST_00764
TICKET_0002068,STORE_06,2024-01-24 08:52:00,32.88,3,CUST_00557
TICKET_0002069,STORE_08,2024-03-03 08:53:00,2.29,1,CUST_00812
TICKET_0002070,STORE_03,2024-01-02 14:54:00,7.6,1,CUST_00925
TICKET_0002071,STORE_05,2024-01-06 07:16:00,11.39,1,CUST_00872
TICKET_0002072,STORE_02,2024-03-19 21:46:00,21.72,2,CUST_00318
TICKET_0002073,STORE_10,2024-02-22 09:53:00,27.92,2,CUST_00040
TICKET_0002074,STORE_03,2024-01-01 10:22:00,27.64,4,CUST_00996
TICKET_0002075,STORE_01,2024-01-31 10:34:00,2.51,1,CUST_00322
TICKET_0002076,STORE_02,2024-03-11 21:03:00,26.1,3,CUST_00831
TICKET_0002077,STORE_06,2024-01-07 14:29:00,59.38,5,CUST_00870
TICKET_0002078,STORE_04,2024-02-20 11:40:00,14.94,3,CUST_00321
TICKET_0002079,STORE_07,2024-02-20 11:01:00,30.29,4,CUST_00819
TICKET_0002080,STORE_03,2024-03-20 17:39:00,28.32,4,CUST_00998
TICKET_0002081,STORE_09,2024-02-14 19:17:00,17.23,2,CUST_00487
TICKET_0002082,STORE_07,2024-01-02 09:25:00,5.97,1,CUST_00254
TICKET_0002083,STORE_04,2024-02-04 12:14:00,20.18,2,CUST_00070
TICKET_0002084,STORE_10,2024-01-25 20:56:00,11.57,2,CUST_00353
TICKET_0002085,STORE_03,2024-02-25 20:25:00,28.52,3,CUST_00171
TICKET_0002086,STORE_09,2024-01-08 21:40:00,12.84,2,CUST_00086
TICKET_0002087,STORE_08,2024-01-01 17:10:00,17.53,3,CUST_00730
TICKET_0002088,STORE_02,2024-03-08 11:38:00,4.89,1,CUST_00949
TICKET_0002089,STORE_10,2024-02-20 20:03:00,6.54,2,CUST_00952
TICKET_0002090,STORE_04,2024-02-03 13:49:00,14.76,2,CUST_00447
TICKET_0002091,STORE_07,2024-03-28 18:09:00,51.64,6,CUST_00335
TICKET_0002092,STORE_06,2024-02-14 14:24:00,36.75,4,CUST_00030
TICKET_0002093,STORE_09,2024-03-24 13:19:00,11.37,2,CUST_00785
TICKET_0002094,STORE_09,2024-03-21 20:32:00,7.15,2,CUST_00874
TICKET_0002095,STORE_10,2024-02-01 15:53:00,8.73,2,CUST_00590
TICKET_0002096,STORE_09,2024-03-01 18:58:00,12.48,2,CUST_00462
TICKET_0002097,STORE_02,2024-01-08 08:40:00,14.55,1,CUST_00856
TICKET_0002098,STORE_08,2024-01-08 16:56:00,17.16,2,CUST_00514
TICKET_0002099,STORE_02,2024-02-14 19:54:00,17.21,2,CUST_00100
TICKET_0002100,STORE_08,2024-01-17 17:15:00,26.0,2,CUST_00096
TICKET_0002101,STORE_06,2024-01-05 14:07:00,2.86,1,CUST_00564
TICKET_0002102,STORE_10,2024-02-10 09:45:00,11.65,2,CUST_00222
TICKET_0002103,STORE_06,2024-03-01 12:11:00,15.16,2,CUST_00198
TICKET_0002104,STORE_06,2024-02-08 10:21:00,15.37,2,CUST_00714
TICKET_0002105,STORE_05,2024-02-17 09:39:00,15.76,2,CUST_00495
TICKET_0002106,STORE_07,2024-01-22 07:47:00,32.89,4,CUST_00541
TICKET_0002107,STORE_07,2024-02-13 10:49:00,25.17,3,CUST_00293
TICKET_0002108,STORE_09,2024-01-10 15:58:00,26.92,3,CUST_00129
TICKET_0002109,STORE_04,2024-01-17 11:39:00,14.82,2,CUST_00537
TICKET_0002110,STORE_03,2024-03-03 16:09:00,26.21,4,CUST_00961
TICKET_0002111,STORE_03,2024-01-30 11:37:00,24.77,2,CUST_00718
TICKET_0002112,STORE_10,2024-03-18 11:36:00,16.69,2,CUST_00878
TICKET_0002113,STORE_02,2024-03-09 20:15:00,12.48,3,CUST_00021
TICKET_0002114,STORE_06,2024-01-29 10:42:00,26.38,2,CUST_00516
TICKET_0002115,STORE_07,2024-01-08 10:56:00,21.35,3,CUST_00027
TICKET_0002116,STORE_10,2024-03-18 11:09:00,32.53,5,CUST_00112
TICKET_0002117,STORE_10,2024-01-27 19:45:00,36.47,5,CUST_00233
TICKET_0002118,STORE_10,2024-01-23 20:58:00,47.56,6,CUST_00773
TICKET_0002119,STORE_03,2024-01-13 18:36:00,16.94,2,CUST_00697
TICKET_0002120,STORE_08,2024-02-01 08:19:00,20.11,2,CUST_00345
TICKET_0002121,STORE_06,2024-03-13 07:42:00,16.7,2,CUST_00589
TICKET_0002122,STORE_09,2024-01-07 09:13:00,14.93,2,CUST_00372
TICKET_0002123,STORE_10,2024-01-31 07:57:00,12.56,2,CUST_00728
TICKET_0002124,STORE_01,2024-03-09 20:25:00,23.47,3,CUST_00786
TICKET_0002125,STORE_01,2024-01-13 14:41:00,16.45,2,CUST_00623
TICKET_0002126,STORE_03,2024-03-05 12:45:00,23.24,2,CUST_00644
TICKET_0002127,STORE_05,2024-02-28 12:58:00,19.1,2,CUST_00418
TICKET_0002128,STORE_06,2024-01-22 12:16:00,24.51,4,CUST_00104
TICKET_0002129,STORE_06,2024-03-08 14:53:00,30.06,4,CUST_00065
TICKET_0002130,STORE_04,2024-03-17 10:36:00,6.05,1,CUST_00757
TICKET_0002131,STORE_06,2024-01-20 20:24:00,28.2,4,CUST_00550
TICKET_0002132,STORE_07,2024-03-28 20:34:00,39.42,4,CUST_00712
TICKET_0002133,STORE_10,2024-02-07 11:59:00,37.11,4,CUST_00859
TICKET_0002134,STORE_01,2024-01-21 09:19:00,25.2,3,CUST_00013
TICKET_0002135,STORE_03,2024-02-06 21:45:00,4.94,1,CUST_00048
TICKET_0002136,STORE_04,2024-01-26 18:55:00,10.18,1,CUST_00440
TICKET_0002137,STORE_04,2024-03-04 16:27:00,17.37,2,CUST_00897
TICKET_0002138,STORE_03,2024-03-16 21:12:00,16.61,2,CUST_00191
TICKET_0002139,STORE_02,2024-02-11 13:02:00,38.41,4,CUST_00450
TICKET_0002140,STORE_01,2024-01-19 18:05:00,20.98,2,CUST_00666
TICKET_0002141,STORE_01,2024-02-06 21:41:00,10.32,1,CUST_00484
TICKET_0002142,STORE_05,2024-01-31 08:06:00,28.89,4,CUST_00851
TICKET_0002143,STORE_01,2024-02-18 20:08:00,16.16,2,CUST_00695
TICKET_0002144,STORE_10,2024-03-13 14:17:00,17.59,2,CUST_00483
TICKET_0002145,STORE_06,2024-02-03 17:42:00,32.78,4,CUST_00316
TICKET_0002146,STORE_02,2024-02-05 18:38:00,2.39,1,CUST_00603
TICKET_0002147,STORE_05,2024-02-13 11:26:00,4.55,1,CUST_00526
TICKET_0002148,STORE_10,2024-01-13 14:40:00,35.78,4,CUST_00851
TICKET_0002149,STORE_08,2024-01-31 18:40:00,26.24,2,CUST_00835
TICKET_0002150,STORE_08,2024-01-22 13:52:00,17.93,2,CUST_00984
TICKET_0002151,STORE_07,2024-01-03 16:13:00,19.78,2,CUST_00029
TICKET_0002152,STORE_10,2024-02-08 08:44:00,23.83,4,CUST_00295
TICKET_0002153,STORE_02,2024-01-22 10:00:00,20.51,2,CUST_00810
TICKET_0002154,STORE_01,2024-02-08 09:42:00,19.38,2,CUST_00084
TICKET_0002155,STORE_04,2024-03-10 13:08:00,35.93,3,CUST_00677
TICKET_0002156,STORE_10,2024-03-08 09:31:00,11.69,1,CUST_00968
TICKET_0002157,STORE_06,2024-03-02 21:56:00,8.65,1,CUST_00422
TICKET_0002158,STORE_07,2024-02-20 13:44:00,25.41,3,CUST_00927
TICKET_0002159,STORE_03,2024-02-15 21:46:00,21.37,3,CUST_00390
TICKET_0002160,STORE_07,2024-03-12 16:06:00,16.78,2,CUST_00644
TICKET_0002161,STORE_06,2024-01-10 13:27:00,22.52,2,CUST_00846
TICKET_0002162,STORE_06,2024-03-19 12:19:00,37.47,4,CUST_00842
TICKET_0002163,STORE_06,2024-03-09 19:06:00,18.86,3,CUST_00078
TICKET_0002164,STORE_09,2024-02-13 18:25:00,4.76,1,CUST_00636
TICKET_0002165,STORE_08,2024-02-19 14:29:00,20.26,2,CUST_00743
TICKET_0002166,STORE_10,2024-02-13 07:30:00,2.33,1,CUST_00805
TICKET_0002167,STORE_04,2024-02-08 20:42:00,17.61,2,CUST_00422
TICKET_0002168,STORE_09,2024-03-01 21:58:00,5.28,1,CUST_00765
TICKET_0002169,STORE_09,2024-03-13 12:43:00,2.23,1,CUST_00483
TICKET_0002170,STORE_05,2024-02-01 11:43:00,9.34,1,CUST_00225
TICKET_0002171,STORE_05,2024-02-14 15:06:00,19.89,2,CUST_00200
TICKET_0002172,STORE_03,2024-03-26 14:15:00,5.09,1,CUST_00916
TICKET_0002173,STORE_03,2024-03-25 19:59:00,28.79,4,CUST_00714
TICKET_0002174,STORE_05,2024-02-28 18:25:00,28.93,3,CUST_00986
TICKET_0002175,STORE_02,2024-01-08 09:40:00,25.52,3,CUST_00585
TICKET_0002176,STORE_05,2024-02-28 13:22:00,23.67,3,CUST_00367
TICKET_0002177,STORE_04,2024-01-02 18:08:00,17.88,3,CUST_00913
TICKET_0002178,STORE_08,2024-03-23 21:20:00,41.9,4,CUST_00407
TICKET_0002179,STORE_09,2024-02-23 16:52:00,6.47,1,CUST_00544
TICKET_0002180,STORE_02,2024-02-21 17:52:00,14.48,1,CUST_00189
TICKET_0002181,STORE_02,2024-01-11 12:35:00,14.61,2,CUST_00046
TICKET_0002182,STORE_07,2024-01-06 21:42:00,15.08,2,CUST_00124
TICKET_0002183,STORE_02,2024-01-03 18:01:00,14.17,2,CUST_00501
TICKET_0002184,STORE_02,2024-01-24 19:51:00,13.38,2,CUST_00614
TICKET_0002185,STORE_07,2024-03-06 07:15:00,21.9,3,CUST_00765
TICKET_0002186,STORE_04,2024-02-11 13:39:00,2.27,1,CUST_00822
TICKET_0002187,STORE_08,2024-03-19 20:05:00,20.2,4,CUST_00328
TICKET_0002188,STORE_02,2024-03-06 08:02:00,13.16,2,CUST_00414
TICKET_0002189,STORE_07,2024-01-07 16:52:00,21.35,2,CUST_00791
TICKET_0002190,STORE_02,2024-03-29 18:52:00,19.56,2,CUST_00860
TICKET_0002191,STORE_03,2024-03-19 15:08:00,21.11,3,CUST_00662
TICKET_0002192,STORE_05,2024-02-13 09:04:00,50.04,5,CUST_00560
TICKET_0002193,STORE_05,2024-01-08 09:53:00,8.73,3,CUST_00509
TICKET_0002194,STORE_02,2024-01-19 11:04:00,18.22,2,CUST_00478
TICKET_0002195,STORE_07,2024-01-31 11:50:00,13.29,1,CUST_00197
TICKET_0002196,STORE_08,2024-02-02 15:28:00,8.95,1,CUST_00499
TICKET_0002197,STORE_01,2024-03-02 07:10:00,24.84,2,CUST_00095
TICKET_0002198,STORE_01,2024-03-15 20:42:00,21.72,2,CUST_00887
TICKET_0002199,STORE_05,2024-03-09 07:22:00,10.77,3,CUST_00418
TICKET_0002200,STORE_04,2024-03-15 10:26:00,19.11,2,CUST_00436
TICKET_0002201,STORE_09,2024-02-11 19:23:00,33.62,4,CUST_00434
TICKET_0002202,STORE_08,2024-02-25 14:44:00,5.91,1,CUST_00583
TICKET_0002203,STORE_07,2024-02-04 19:10:00,17.8,3,CUST_00103
TICKET_0002204,STORE_06,2024-02-05 13:54:00,35.03,3,CUST_00653
TICKET_0002205,STORE_08,2024-01-19 18:00:00,25.42,3,CUST_00061
TICKET_0002206,STORE_08,2024-01-09 14:15:00,2.58,1,CUST_00914
TICKET_0002207,STORE_08,2024-02-13 20:49:00,16.85,3,CUST_00423
TICKET_0002208,STORE_04,2024-01-27 20:26:00,6.89,1,CUST_00465
TICKET_0002209,STORE_05,2024-01-18 11:49:00,25.0,5,CUST_00996
TICKET_0002210,STORE_02,2024-01-28 11:08:00,12.7,2,CUST_00255
TICKET_0002211,STORE_05,2024-01-03 15:38:00,37.78,4,CUST_00423
TICKET_0002212,STORE_04,2024-02-23 18:02:00,16.14,2,CUST_00775
TICKET_0002213,STORE_10,2024-03-05 12:31:00,17.18,3,CUST_00037
TICKET_0002214,STORE_03,2024-03-06 16:21:00,26.78,3,CUST_00873
TICKET_0002215,STORE_04,2024-02-24 11:36:00,7.62,2,CUST_00715
TICKET_0002216,STORE_01,2024-03-04 12:39:00,4.76,1,CUST_00874
TICKET_0002217,STORE_04,2024-03-15 21:07:00,25.55,4,CUST_00978
TICKET_0002218,STORE_05,2024-03-08 20:11:00,26.75,4,CUST_00306
TICKET_0002219,STORE_04,2024-01-11 19:12:00,3.62,1,CUST_00706
TICKET_0002220,STORE_01,2024-01-17 11:10:00,10.99,1,CUST_00558
TICKET_0002221,STORE_07,2024-03-24 09:33:00,13.52,3,CUST_00011
TICKET_0002222,STORE_04,2024-01-14 08:49:00,21.62,2,CUST_00731
TICKET_0002223,STORE_09,2024-03-27 18:24:00,14.82,1,CUST_00674
TICKET_0002224,STORE_10,2024-03-03 08:28:00,23.0,2,CUST_00020
TICKET_0002225,STORE_01,2024-02-26 17:57:00,8.02,1,CUST_00946
TICKET_0002226,STORE_04,2024-01-18 16:22:00,9.18,1,CUST_00496
TICKET_0002227,STORE_03,2024-02-09 12:15:00,43.43,5,CUST_00488
TICKET_0002228,STORE_07,2024-01-31 09:38:00,21.45,2,CUST_00105
TICKET_0002229,STORE_02,2024-01-07 21:03:00,15.15,1,CUST_00624
TICKET_0002230,STORE_10,2024-02-07 20:48:00,19.85,2,CUST_00652
TICKET_0002231,STORE_01,2024-02-08 20:22:00,8.64,1,CUST_00570
TICKET_0002232,STORE_01,2024-02-24 14:46:00,18.76,2,CUST_00992
TICKET_0002233,STORE_10,2024-02-06 21:50:00,25.35,3,CUST_00070
TICKET_0002234,STORE_04,2024-01-07 13:42:00,4.87,1,CUST_00592
TICKET_0002235,STORE_09,2024-03-31 11:59:00,29.86,3,CUST_00526
TICKET_0002236,STORE_02,2024-01-24 20:41:00,33.97,4,CUST_00689
TICKET_0002237,STORE_04,2024-02-01 21:00:00,4.67,2,CUST_00074
TICKET_0002238,STORE_03,2024-03-25 11:27:00,7.53,1,CUST_00564
TICKET_0002239,STORE_05,2024-03-17 07:44:00,21.87,3,CUST_00802
TICKET_0002240,STORE_02,2024-01-12 11:43:00,14.56,3,CUST_00242
TICKET_0002241,STORE_06,2024-01-15 07:54:00,7.52,1,CUST_00839
TICKET_0002242,STORE_03,2024-01-22 14:09:00,13.75,1,CUST_00084
TICKET_0002243,STORE_07,2024-02-15 17:46:00,2.86,1,CUST_00904
TICKET_0002244,STORE_10,2024-03-10 08:24:00,9.76,1,CUST_00074
TICKET_0002245,STORE_07,2024-03-10 19:30:00,24.87,4,CUST_00562
TICKET_0002246,STORE_04,2024-01-10 09:19:00,2.85,1,CUST_00912
TICKET_0002247,STORE_06,2024-01-28 16:49:00,27.2,4,CUST_00476
TICKET_0002248,STORE_01,2024-02-17 17:02:00,32.65,3,CUST_00227
TICKET_0002249,STORE_07,2024-03-03 19:19:00,19.32,2,CUST_00783
TICKET_0002250,STORE_02,2024-01-09 16:11:00,13.35,2,CUST_00627
TICKET_0002251,STORE_09,2024-01-05 10:38:00,15.08,3,CUST_00703
TICKET_0002252,STORE_03,2024-03-12 11:05:00,14.57,2,CUST_00863
TICKET_0002253,STORE_07,2024-01-08 14:48:00,10.17,1,CUST_00990
TICKET_0002254,STORE_08,2024-03-18 10:57:00,13.27,2,CUST_00568
TICKET_0002255,STORE_05,2024-01-20 17:02:00,14.63,3,CUST_00086
TICKET_0002256,STORE_06,2024-03-13 19:50:00,18.09,2,CUST_00830
TICKET_0002257,STORE_04,2024-02-29 11:20:00,23.07,2,CUST_00230
TICKET_0002258,STORE_01,2024-03-05 18:07:00,6.2,1,CUST_00893
TICKET_0002259,STORE_02,2024-02-01 08:28:00,17.63,2,CUST_00945
TICKET_0002260,STORE_09,2024-02-15 18:20:00,28.27,2,CUST_00889
TICKET_0002261,STORE_08,2024-03-05 14:19:00,7.38,1,CUST_00892
TICKET_0002262,STORE_02,2024-01-09 20:04:00,25.83,3,CUST_00424
TICKET_0002263,STORE_06,2024-03-09 07:41:00,14.48,2,CUST_00318
TICKET_0002264,STORE_09,2024-01-25 16:45:00,29.21,4,CUST_00883
TICKET_0002265,STORE_03,2024-01-17 12:01:00,43.81,4,CUST_00407
TICKET_0002266,STORE_04,2024-02-16 20:11:00,18.41,2,CUST_00152
TICKET_0002267,STORE_06,2024-02-13 18:02:00,21.39,2,CUST_00535
TICKET_0002268,STORE_09,2024-02-08 20:55:00,43.16,5,CUST_00976
TICKET_0002269,STORE_04,2024-03-01 13:50:00,4.45,1,CUST_00575
TICKET_0002270,STORE_03,2024-02-12 17:29:00,4.45,1,CUST_00781
TICKET_0002271,STORE_10,2024-01-09 13:39:00,2.4,1,CUST_00143
TICKET_0002272,STORE_04,2024-01-05 20:27:00,2.7,1,CUST_00799
TICKET_0002273,STORE_01,2024-03-12 08:55:00,16.53,2,CUST_00533
TICKET_0002274,STORE_03,2024-02-25 10:52:00,10.08,1,CUST_00048
TICKET_0002275,STORE_04,2024-01-17 17:44:00,15.19,1,CUST_00814
TICKET_0002276,STORE_01,2024-01-01 18:25:00,10.22,1,CUST_00801
TICKET_0002277,STORE_01,2024-02-14 13:57:00,10.6,2,CUST_00354
TICKET_0002278,STORE_09,2024-01-23 11:43:00,9.68,3,CUST_00733
TICKET_0002279,STORE_04,2024-01-25 17:05:00,8.81,1,CUST_00162
TICKET_0002280,STORE_04,2024-01-02 13:00:00,7.47,2,CUST_00279
TICKET_0002281,STORE_05,2024-02-25 11:47:00,7.47,1,CUST_00784
TICKET_0002282,STORE_01,2024-02-14 20:17:00,8.77,2,CUST_00848
TICKET_0002283,STORE_07,2024-03-24 14:56:00,14.38,2,CUST_00522
TICKET_0002284,STORE_07,2024-03-26 21:09:00,14.49,3,CUST_00654
TICKET_0002285,STORE_05,2024-01-07 10:45:00,9.63,1,CUST_00781
TICKET_0002286,STORE_03,2024-02-09 18:13:00,4.72,1,CUST_00218
TICKET_0002287,STORE_04,2024-03-24 21:57:00,12.24,1,CUST_00720
TICKET_0002288,STORE_03,2024-03-08 07:14:00,6.93,2,CUST_00102
TICKET_0002289,STORE_07,2024-01-19 16:59:00,6.03,1,CUST_00328
TICKET_0002290,STORE_06,2024-01-19 16:52:00,20.06,2,CUST_00158
TICKET_0002291,STORE_04,2024-01-14 07:10:00,4.96,2,CUST_00507
TICKET_0002292,STORE_08,2024-01-09 17:41:00,30.8,3,CUST_00699
TICKET_0002293,STORE_08,2024-03-13 11:28:00,3.63,1,CUST_00333
TICKET_0002294,STORE_06,2024-01-29 09:13:00,13.01,2,CUST_00099
TICKET_0002295,STORE_04,2024-03-22 09:40:00,3.12,1,CUST_00010
TICKET_0002296,STORE_05,2024-02-24 12:01:00,19.28,3,CUST_00406
TICKET_0002297,STORE_04,2024-03-24 17:14:00,21.57,3,CUST_00837
TICKET_0002298,STORE_07,2024-03-09 19:28:00,39.83,5,CUST_00060
TICKET_0002299,STORE_01,2024-02-03 07:04:00,4.96,1,CUST_00136
TICKET_0002300,STORE_06,2024-01-08 19:51:00,29.22,4,CUST_00075
TICKET_0002301,STORE_02,2024-01-03 20:43:00,6.81,2,CUST_00750
TICKET_0002302,STORE_05,2024-01-09 18:04:00,14.81,2,CUST_00875
TICKET_0002303,STORE_01,2024-03-22 20:23:00,8.25,1,CUST_00190
TICKET_0002304,STORE_08,2024-03-15 20:38:00,23.53,4,CUST_00514
TICKET_0002305,STORE_02,2024-03-04 14:11:00,7.54,1,CUST_00289
TICKET_0002306,STORE_07,2024-03-03 12:04:00,18.63,3,CUST_00037
TICKET_0002307,STORE_05,2024-01-30 09:05:00,3.19,1,CUST_00676
TICKET_0002308,STORE_08,2024-03-02 20:28:00,32.76,3,CUST_00474
TICKET_0002309,STORE_03,2024-03-08 10:48:00,37.47,3,CUST_00581
TICKET_0002310,STORE_04,2024-01-26 08:49:00,5.99,1,CUST_00108
TICKET_0002311,STORE_09,2024-03-05 19:52:00,13.49,2,CUST_00676
TICKET_0002312,STORE_05,2024-01-31 08:39:00,47.33,4,CUST_00745
TICKET_0002313,STORE_07,2024-01-03 13:27:00,33.74,3,CUST_00659
TICKET_0002314,STORE_09,2024-01-26 14:32:00,10.44,2,CUST_00216
TICKET_0002315,STORE_10,2024-01-11 20:53:00,4.31,1,CUST_00313
TICKET_0002316,STORE_08,2024-01-31 14:11:00,4.43,1,CUST_00841
TICKET_0002317,STORE_01,2024-03-03 15:48:00,7.33,2,CUST_00966
TICKET_0002318,STORE_03,2024-03-16 11:01:00,13.02,1,CUST_00528
TICKET_0002319,STORE_08,2024-01-28 14:18:00,21.7,2,CUST_00453
TICKET_0002320,STORE_03,2024-03-25 13:50:00,4.58,1,CUST_00872
TICKET_0002321,STORE_02,2024-02-27 17:33:00,17.05,2,CUST_00504
TICKET_0002322,STORE_04,2024-03-03 07:37:00,9.18,2,CUST_00287
TICKET_0002323,STORE_09,2024-01-07 15:00:00,36.96,3,CUST_00324
TICKET_0002324,STORE_08,2024-03-04 10:42:00,9.15,1,CUST_00214
TICKET_0002325,STORE_02,2024-02-03 17:49:00,13.97,2,CUST_00567
TICKET_0002326,STORE_05,2024-03-08 20:23:00,8.57,1,CUST_00050
TICKET_0002327,STORE_08,2024-02-04 21:16:00,9.46,1,CUST_00568
TICKET_0002328,STORE_09,2024-02-13 09:29:00,4.42,1,CUST_00806
TICKET_0002329,STORE_05,2024-03-02 07:51:00,22.65,2,CUST_00409
TICKET_0002330,STORE_05,2024-02-18 11:18:00,28.72,4,CUST_00174
TICKET_0002331,STORE_09,2024-02-19 16:49:00,20.58,2,CUST_00309
TICKET_0002332,STORE_06,2024-01-20 09:29:00,32.46,3,CUST_00428
TICKET_0002333,STORE_06,2024-03-30 16:52:00,8.34,2,CUST_00749
TICKET_0002334,STORE_08,2024-03-23 19:03:00,2.92,1,CUST_00266
TICKET_0002335,STORE_04,2024-02-10 07:19:00,18.56,2,CUST_00779
TICKET_0002336,STORE_03,2024-03-06 13:56:00,32.73,4,CUST_00281
TICKET_0002337,STORE_08,2024-03-14 11:55:00,14.5,1,CUST_00218
TICKET_0002338,STORE_01,2024-01-09 19:16:00,8.13,1,CUST_00495
TICKET_0002339,STORE_09,2024-01-11 13:49:00,12.39,2,CUST_00152
TICKET_0002340,STORE_04,2024-02-22 20:31:00,8.54,1,CUST_00704
TICKET_0002341,STORE_01,2024-01-27 17:59:00,6.03,2,CUST_00722
TICKET_0002342,STORE_10,2024-02-29 21:42:00,27.98,3,CUST_00300
TICKET_0002343,STORE_09,2024-02-03 14:46:00,7.82,1,CUST_00014
TICKET_0002344,STORE_08,2024-03-14 09:44:00,2.57,1,CUST_00937
TICKET_0002345,STORE_02,2024-01-06 18:27:00,2.33,1,CUST_00993
TICKET_0002346,STORE_10,2024-03-06 14:04:00,17.04,3,CUST_00979
TICKET_0002347,STORE_03,2024-03-20 13:07:00,14.6,3,CUST_00861
TICKET_0002348,STORE_04,2024-02-04 09:03:00,13.47,1,CUST_00707
TICKET_0002349,STORE_03,2024-01-05 09:31:00,34.95,3,CUST_00608
TICKET_0002350,STORE_09,2024-02-11 07:26:00,3.52,1,CUST_00286
TICKET_0002351,STORE_09,2024-03-02 10:49:00,9.01,1,CUST_00108
TICKET_0002352,STORE_04,2024-03-23 10:35:00,13.95,2,CUST_00862
TICKET_0002353,STORE_06,2024-01-16 08:03:00,38.44,5,CUST_00842
TICKET_0002354,STORE_03,2024-03-08 20:31:00,15.04,1,CUST_00089
TICKET_0002355,STORE_03,2024-01-21 19:55:00,8.37,1,CUST_00566
TICKET_0002356,STORE_07,2024-01-24 21:50:00,18.2,3,CUST_00776
TICKET_0002357,STORE_08,2024-01-05 16:21:00,16.07,2,CUST_00615
TICKET_0002358,STORE_10,2024-01-13 07:33:00,14.05,2,CUST_00611
TICKET_0002359,STORE_02,2024-03-28 17:07:00,21.41,3,CUST_00313
TICKET_0002360,STORE_07,2024-02-06 12:15:00,26.47,3,CUST_00327
TICKET_0002361,STORE_01,2024-02-13 12:21:00,16.37,2,CUST_00662
TICKET_0002362,STORE_05,2024-02-26 12:38:00,15.75,2,CUST_00685
TICKET_0002363,STORE_04,2024-03-22 08:02:00,10.66,2,CUST_00198
TICKET_0002364,STORE_02,2024-02-18 12:49:00,33.5,3,CUST_00700
TICKET_0002365,STORE_01,2024-02-28 17:08:00,24.57,3,CUST_00425
TICKET_0002366,STORE_07,2024-02-25 21:50:00,21.27,3,CUST_00638
TICKET_0002367,STORE_03,2024-03-22 07:07:00,9.36,1,CUST_00345
TICKET_0002368,STORE_02,2024-01-20 21:05:00,9.18,1,CUST_00924
TICKET_0002369,STORE_01,2024-01-24 20:46:00,16.84,2,CUST_00510
TICKET_0002370,STORE_09,2024-01-18 07:52:00,2.98,1,CUST_00117
TICKET_0002371,STORE_10,2024-01-22 21:20:00,29.95,3,CUST_00777
TICKET_0002372,STORE_06,2024-01-17 17:38:00,12.17,1,CUST_00563
TICKET_0002373,STORE_09,2024-01-07 16:53:00,25.32,3,CUST_00642
TICKET_0002374,STORE_07,2024-01-28 21:25:00,16.1,2,CUST_00594
TICKET_0002375,STORE_07,2024-02-07 14:27:00,28.23,3,CUST_00741
TICKET_0002376,STORE_07,2024-01-12 11:52:00,18.36,2,CUST_00595
TICKET_0002377,STORE_09,2024-01-11 12:53:00,8.67,1,CUST_00934
TICKET_0002378,STORE_02,2024-03-03 11:11:00,16.68,2,CUST_00797
TICKET_0002379,STORE_01,2024-01-29 12:32:00,5.96,1,CUST_00090
TICKET_0002380,STORE_03,2024-03-14 14:17:00,9.03,2,CUST_00758
TICKET_0002381,STORE_06,2024-03-06 10:57:00,28.01,2,CUST_00340
TICKET_0002382,STORE_03,2024-02-01 07:31:00,13.23,2,CUST_00485
TICKET_0002383,STORE_07,2024-03-22 12:12:00,13.6,1,CUST_00693
TICKET_0002384,STORE_03,2024-02-11 16:02:00,24.87,3,CUST_01000
TICKET_0002385,STORE_09,2024-01-09 09:36:00,39.28,4,CUST_00378
TICKET_0002386,STORE_10,2024-01-31 07:58:00,13.85,1,CUST_00383
TICKET_0002387,STORE_03,2024-02-17 19:17:00,17.35,2,CUST_00903
TICKET_0002388,STORE_05,2024-03-03 19:08:00,16.32,2,CUST_00510
TICKET_0002389,STORE_03,2024-01-06 11:22:00,12.6,2,CUST_00452
TICKET_0002390,STORE_06,2024-02-12 18:09:00,7.52,1,CUST_00723
TICKET_0002391,STORE_09,2024-03-23 07:46:00,13.29,2,CUST_00072
TICKET_0002392,STORE_03,2024-02-27 15:41:00,13.58,1,CUST_00201
TICKET_0002393,STORE_06,2024-03-25 16:37:00,14.8,1,CUST_00408
TICKET_0002394,STORE_07,2024-03-10 14:11:00,22.79,3,CUST_00782
TICKET_0002395,STORE_02,2024-01-21 12:24:00,20.58,3,CUST_00727
TICKET_0002396,STORE_07,2024-02-19 13:00:00,18.59,2,CUST_00772
TICKET_0002397,STORE_08,2024-01-20 13:32:00,24.15,3,CUST_00944
TICKET_0002398,STORE_02,2024-02-29 10:02:00,10.75,2,CUST_00916
TICKET_0002399,STORE_08,2024-01-28 07:06:00,28.88,3,CUST_00707
TICKET_0002400,STORE_06,2024-02-08 17:48:00,2.29,1,CUST_00522
TICKET_0002401,STORE_05,2024-03-31 13:11:00,60.94,6,CUST_00134
TICKET_0002402,STORE_08,2024-01-24 12:55:00,12.36,2,CUST_00744
TICKET_0002403,STORE_01,2024-02-11 18:05:00,43.27,5,CUST_00593
TICKET_0002404,STORE_05,2024-03-24 14:44:00,32.8,5,CUST_00373
TICKET_0002405,STORE_01,2024-02-14 11:08:00,28.06,5,CUST_00058
TICKET_0002406,STORE_09,2024-02-03 12:05:00,26.26,3,CUST_00909
TICKET_0002407,STORE_02,2024-02-27 20:23:00,25.76,3,CUST_00641
TICKET_0002408,STORE_09,2024-03-01 14:18:00,22.01,3,CUST_00148
TICKET_0002409,STORE_07,2024-02-24 17:30:00,3.39,1,CUST_00666
TICKET_0002410,STORE_10,2024-03-06 14:31:00,21.36,3,CUST_00632
TICKET_0002411,STORE_08,2024-02-21 18:09:00,31.05,4,CUST_00169
TICKET_0002412,STORE_06,2024-01-16 21:06:00,15.94,2,CUST_00525
TICKET_0002413,STORE_09,2024-03-05 18:33:00,35.41,3,CUST_00694
TICKET_0002414,STORE_06,2024-02-26 09:49:00,50.74,5,CUST_00036
TICKET_0002415,STORE_07,2024-01-01 14:17:00,32.19,4,CUST_00037
TICKET_0002416,STORE_05,2024-02-27 17:09:00,3.37,1,CUST_00667
TICKET_0002417,STORE_10,2024-01-18 19:30:00,15.0,2,CUST_00366
TICKET_0002418,STORE_03,2024-01-19 09:38:00,14.85,1,CUST_00822
TICKET_0002419,STORE_07,2024-01-11 08:05:00,33.04,4,CUST_00550
TICKET_0002420,STORE_07,2024-01-16 08:34:00,7.57,1,CUST_00719
TICKET_0002421,STORE_03,2024-03-04 08:36:00,28.57,3,CUST_00271
TICKET_0002422,STORE_05,2024-03-28 18:24:00,18.45,3,CUST_00931
TICKET_0002423,STORE_05,2024-02-21 08:13:00,23.99,2,CUST_00532
TICKET_0002424,STORE_05,2024-01-15 07:37:00,10.85,2,CUST_00790
TICKET_0002425,STORE_10,2024-03-03 19:19:00,12.45,2,CUST_00015
TICKET_0002426,STORE_05,2024-02-16 11:57:00,29.32,2,CUST_00405
TICKET_0002427,STORE_02,2024-03-30 12:44:00,8.88,1,CUST_00872
TICKET_0002428,STORE_06,2024-03-23 17:11:00,44.71,5,CUST_00513
TICKET_0002429,STORE_08,2024-02-04 20:21:00,5.99,1,CUST_00411
TICKET_0002430,STORE_10,2024-01-30 19:26:00,13.13,2,CUST_00948
TICKET_0002431,STORE_07,2024-01-12 20:44:00,11.83,2,CUST_00976
TICKET_0002432,STORE_08,2024-02-24 17:42:00,14.71,3,CUST_00791
TICKET_0002433,STORE_04,2024-02-10 07:32:00,18.1,2,CUST_00558
TICKET_0002434,STORE_01,2024-02-12 08:51:00,11.37,1,CUST_00308
TICKET_0002435,STORE_05,2024-02-13 08:41:00,4.45,1,CUST_00882
TICKET_0002436,STORE_08,2024-02-05 08:10:00,34.5,4,CUST_00350
TICKET_0002437,STORE_02,2024-02-17 10:21:00,32.33,3,CUST_00881
TICKET_0002438,STORE_03,2024-03-04 11:05:00,29.1,3,CUST_00689
TICKET_0002439,STORE_01,2024-01-20 14:01:00,22.12,2,CUST_00624
TICKET_0002440,STORE_04,2024-02-09 07:59:00,8.57,1,CUST_00309
TICKET_0002441,STORE_07,2024-02-03 14:16:00,13.42,2,CUST_00265
TICKET_0002442,STORE_05,2024-02-01 07:01:00,29.79,3,CUST_00953
TICKET_0002443,STORE_08,2024-03-26 10:40:00,16.88,2,CUST_00219
TICKET_0002444,STORE_10,2024-03-13 09:52:00,9.33,1,CUST_00094
TICKET_0002445,STORE_09,2024-02-22 09:02:00,4.54,1,CUST_00934
TICKET_0002446,STORE_05,2024-03-03 10:07:00,11.98,2,CUST_00561
TICKET_0002447,STORE_01,2024-02-02 19:25:00,41.53,5,CUST_00881
TICKET_0002448,STORE_10,2024-03-19 16:32:00,3.37,1,CUST_00792
TICKET_0002449,STORE_03,2024-02-26 08:43:00,17.31,2,CUST_00066
TICKET_0002450,STORE_08,2024-03-18 07:03:00,18.33,2,CUST_00044
TICKET_0002451,STORE_10,2024-01-04 12:17:00,18.61,2,CUST_00489
TICKET_0002452,STORE_07,2024-03-16 08:10:00,6.79,1,CUST_00863
TICKET_0002453,STORE_05,2024-02-27 12:41:00,3.04,1,CUST_00769
TICKET_0002454,STORE_04,2024-02-01 19:14:00,13.92,1,CUST_00943
TICKET_0002455,STORE_06,2024-01-13 14:26:00,7.87,1,CUST_00544
TICKET_0002456,STORE_09,2024-02-24 13:20:00,9.74,1,CUST_00676
TICKET_0002457,STORE_06,2024-02-22 08:15:00,8.44,1,CUST_00411
TICKET_0002458,STORE_03,2024-03-29 11:18:00,36.67,5,CUST_00782
TICKET_0002459,STORE_07,2024-01-22 10:43:00,9.58,1,CUST_00555
TICKET_0002460,STORE_07,2024-03-11 20:58:00,14.0,1,CUST_00324
TICKET_0002461,STORE_02,2024-03-19 21:02:00,21.28,2,CUST_00921
TICKET_0002462,STORE_10,2024-02-05 14:52:00,8.15,1,CUST_00868
TICKET_0002463,STORE_02,2024-01-03 07:06:00,26.36,3,CUST_00987
TICKET_0002464,STORE_04,2024-01-13 11:36:00,14.99,2,CUST_00330
TICKET_0002465,STORE_02,2024-02-15 16:42:00,7.34,1,CUST_00279
TICKET_0002466,STORE_09,2024-03-03 13:03:00,39.33,4,CUST_00699
TICKET_0002467,STORE_06,2024-02-24 10:45:00,10.0,2,CUST_00034
TICKET_0002468,STORE_10,2024-03-16 09:47:00,39.57,3,CUST_00141
TICKET_0002469,STORE_02,2024-03-10 16:44:00,12.82,1,CUST_00209
TICKET_0002470,STORE_08,2024-02-16 11:00:00,5.61,2,CUST_00256
TICKET_0002471,STORE_08,2024-02-24 14:08:00,30.78,3,CUST_00331
TICKET_0002472,STORE_07,2024-01-03 17:48:00,17.08,3,CUST_00212
TICKET_0002473,STORE_07,2024-01-04 12:14:00,18.93,3,CUST_00879
TICKET_0002474,STORE_05,2024-02-07 19:08:00,12.16,2,CUST_00170
TICKET_0002475,STORE_07,2024-03-09 15:57:00,18.4,3,CUST_00179
TICKET_0002476,STORE_07,2024-01-17 13:44:00,43.71,4,CUST_00842
TICKET_0002477,STORE_06,2024-03-18 15:07:00,11.24,2,CUST_00326
TICKET_0002478,STORE_10,2024-01-22 07:11:00,33.82,3,CUST_00695
TICKET_0002479,STORE_05,2024-03-28 20:53:00,2.62,1,CUST_00612
TICKET_0002480,STORE_01,2024-01-24 09:05:00,15.29,3,CUST_00034
TICKET_0002481,STORE_03,2024-01-13 10:43:00,34.89,4,CUST_00721
TICKET_0002482,STORE_08,2024-02-01 09:33:00,7.86,2,CUST_00798
TICKET_0002483,STORE_10,2024-01-22 08:09:00,19.58,3,CUST_00667
TICKET_0002484,STORE_06,2024-03-22 08:21:00,21.64,3,CUST_00881
TICKET_0002485,STORE_06,2024-03-12 16:45:00,42.17,4,CUST_00877
TICKET_0002486,STORE_07,2024-03-13 14:34:00,15.32,1,CUST_00169
TICKET_0002487,STORE_03,2024-03-26 15:06:00,42.16,4,CUST_00500
TICKET_0002488,STORE_10,2024-03-18 12:31:00,19.62,2,CUST_00087
TICKET_0002489,STORE_01,2024-01-11 21:48:00,16.62,2,CUST_00134
TICKET_0002490,STORE_03,2024-01-29 21:40:00,8.69,1,CUST_00749
TICKET_0002491,STORE_08,2024-01-31 17:44:00,8.19,1,CUST_00572
TICKET_0002492,STORE_01,2024-01-02 07:21:00,9.13,1,CUST_00742
TICKET_0002493,STORE_09,2024-02-20 11:08:00,14.15,2,CUST_00444
TICKET_0002494,STORE_10,2024-03-14 19:29:00,16.18,2,CUST_00931
TICKET_0002495,STORE_09,2024-01-13 10:26:00,19.16,2,CUST_00380
TICKET_0002496,STORE_03,2024-03-30 17:47:00,4.59,1,CUST_00222
TICKET_0002497,STORE_04,2024-03-05 17:49:00,20.39,2,CUST_00566
TICKET_0002498,STORE_05,2024-03-28 10:26:00,37.57,4,CUST_00123
TICKET_0002499,STORE_10,2024-02-23 08:56:00,16.05,2,CUST_00765
TICKET_0002500,STORE_09,2024-01-14 11:11:00,25.22,3,CUST_00715
TICKET_0002501,STORE_07,2024-02-10 18:28:00,25.68,4,CUST_00977
TICKET_0002502,STORE_06,2024-03-10 10:25:00,43.46,5,CUST_00817
TICKET_0002503,STORE_10,2024-02-16 09:26:00,9.07,1,CUST_00384
TICKET_0002504,STORE_09,2024-02-06 21:51:00,30.13,4,CUST_00500
TICKET_0002505,STORE_04,2024-03-15 19:08:00,40.49,4,CUST_00093
TICKET_0002506,STORE_07,2024-02-23 10:15:00,2.69,1,CUST_00327
TICKET_0002507,STORE_03,2024-01-21 11:02:00,13.99,1,CUST_00468
TICKET_0002508,STORE_09,2024-02-02 13:07:00,25.38,2,CUST_00644
TICKET_0002509,STORE_06,2024-01-02 13:01:00,49.6,5,CUST_00519
TICKET_0002510,STORE_06,2024-01-19 13:54:00,9.33,1,CUST_00181
TICKET_0002511,STORE_04,2024-03-01 17:54:00,14.03,1,CUST_00486
TICKET_0002512,STORE_06,2024-02-01 07:28:00,16.2,3,CUST_00244
TICKET_0002513,STORE_09,2024-03-16 20:07:00,11.05,2,CUST_00344
TICKET_0002514,STORE_04,2024-01-11 21:55:00,6.58,2,CUST_00336
TICKET_0002515,STORE_05,2024-01-12 16:55:00,10.28,1,CUST_00723
TICKET_0002516,STORE_02,2024-02-11 12:16:00,29.43,4,CUST_00844
TICKET_0002517,STORE_05,2024-03-28 08:22:00,13.25,2,CUST_00263
TICKET_0002518,STORE_08,2024-03-26 16:23:00,12.74,2,CUST_00875
TICKET_0002519,STORE_05,2024-03-21 13:17:00,21.44,3,CUST_00418
TICKET_0002520,STORE_07,2024-01-25 20:58:00,9.01,1,CUST_00717
TICKET_0002521,STORE_08,2024-03-20 16:52:00,19.19,2,CUST_00442
TICKET_0002522,STORE_07,2024-03-10 17:26:00,19.57,3,CUST_00428
TICKET_0002523,STORE_10,2024-02-12 20:34:00,9.18,1,CUST_00947
TICKET_0002524,STORE_03,2024-02-27 21:58:00,6.64,1,CUST_00439
TICKET_0002525,STORE_04,2024-02-22 09:12:00,20.04,2,CUST_00722
TICKET_0002526,STORE_05,2024-03-31 08:55:00,21.14,4,CUST_00297
TICKET_0002527,STORE_08,2024-01-09 15:35:00,21.55,3,CUST_00517
TICKET_0002528,STORE_01,2024-03-18 11:27:00,5.39,2,CUST_00014
TICKET_0002529,STORE_04,2024-02-06 17:15:00,18.43,2,CUST_00238
TICKET_0002530,STORE_04,2024-02-21 07:53:00,5.15,1,CUST_00492
TICKET_0002531,STORE_01,2024-01-19 18:42:00,19.08,2,CUST_00019
TICKET_0002532,STORE_06,2024-02-22 18:49:00,34.84,4,CUST_00169
TICKET_0002533,STORE_05,2024-03-22 18:07:00,4.97,1,CUST_00182
TICKET_0002534,STORE_01,2024-02-05 13:25:00,4.46,1,CUST_00833
TICKET_0002535,STORE_04,2024-01-09 10:33:00,9.49,1,CUST_00214
TICKET_0002536,STORE_03,2024-03-10 11:49:00,18.2,3,CUST_00533
TICKET_0002537,STORE_05,2024-01-24 14:33:00,12.24,1,CUST_00171
TICKET_0002538,STORE_01,2024-02-05 12:51:00,9.17,1,CUST_00329
TICKET_0002539,STORE_09,2024-01-13 18:15:00,3.49,1,CUST_00028
TICKET_0002540,STORE_10,2024-02-24 12:25:00,11.34,1,CUST_00131
TICKET_0002541,STORE_07,2024-01-16 16:27:00,38.02,5,CUST_00545
TICKET_0002542,STORE_10,2024-02-21 10:56:00,17.89,2,CUST_00191
TICKET_0002543,STORE_02,2024-03-03 13:46:00,5.58,1,CUST_00301
TICKET_0002544,STORE_09,2024-03-02 12:26:00,9.39,1,CUST_00526
TICKET_0002545,STORE_09,2024-01-30 21:29:00,9.4,1,CUST_00569
TICKET_0002546,STORE_05,2024-03-29 09:17:00,35.94,4,CUST_00574
TICKET_0002547,STORE_02,2024-01-28 17:33:00,4.78,1,CUST_00380
TICKET_0002548,STORE_09,2024-01-07 16:41:00,4.26,1,CUST_00841
TICKET_0002549,STORE_05,2024-01-17 14:54:00,35.25,4,CUST_00982
TICKET_0002550,STORE_04,2024-02-07 18:44:00,13.94,2,CUST_00436
TICKET_0002551,STORE_02,2024-03-05 08:51:00,2.71,1,CUST_00444
TICKET_0002552,STORE_04,2024-03-26 14:57:00,7.59,2,CUST_00605
TICKET_0002553,STORE_02,2024-02-02 21:04:00,11.61,2,CUST_00328
TICKET_0002554,STORE_08,2024-02-28 09:04:00,9.27,1,CUST_00041
TICKET_0002555,STORE_10,2024-02-15 15:01:00,22.42,2,CUST_00829
TICKET_0002556,STORE_04,2024-01-23 16:11:00,5.66,1,CUST_00336
TICKET_0002557,STORE_03,2024-02-11 14:47:00,21.25,3,CUST_00932
TICKET_0002558,STORE_03,2024-01-26 13:09:00,22.43,2,CUST_00583
TICKET_0002559,STORE_06,2024-02-12 15:41:00,23.42,3,CUST_00382
TICKET_0002560,STORE_08,2024-02-21 11:25:00,13.44,2,CUST_00351
TICKET_0002561,STORE_07,2024-03-21 17:45:00,17.57,2,CUST_00408
TICKET_0002562,STORE_06,2024-03-26 21:33:00,20.52,3,CUST_00060
TICKET_0002563,STORE_01,2024-01-04 16:23:00,25.49,3,CUST_00664
TICKET_0002564,STORE_05,2024-03-11 08:04:00,6.09,1,CUST_00802
TICKET_0002565,STORE_07,2024-03-30 21:37:00,33.35,4,CUST_00974
TICKET_0002566,STORE_10,2024-02-26 17:09:00,12.46,1,CUST_00922
TICKET_0002567,STORE_05,2024-03-01 18:00:00,6.86,1,CUST_00910
TICKET_0002568,STORE_06,2024-02-04 19:49:00,29.52,3,CUST_00067
TICKET_0002569,STORE_06,2024-03-25 16:31:00,27.62,3,CUST_00235
TICKET_0002570,STORE_08,2024-02-13 11:57:00,31.11,3,CUST_00478
TICKET_0002571,STORE_02,2024-02-27 20:23:00,11.19,1,CUST_00815
TICKET_0002572,STORE_03,2024-02-04 15:40:00,12.18,2,CUST_00990
TICKET_0002573,STORE_09,2024-02-14 21:13:00,20.7,3,CUST_00426
TICKET_0002574,STORE_10,2024-02-18 14:00:00,32.25,4,CUST_00068
TICKET_0002575,STORE_04,2024-01-12 08:50:00,2.93,1,CUST_00162
TICKET_0002576,STORE_08,2024-02-12 21:47:00,9.22,1,CUST_00758
TICKET_0002577,STORE_03,2024-02-10 20:45:00,17.53,2,CUST_00207
TICKET_0002578,STORE_10,2024-03-27 19:48:00,28.83,3,CUST_00488
TICKET_0002579,STORE_03,2024-01-16 07:13:00,25.05,3,CUST_00328
TICKET_0002580,STORE_07,2024-02-19 16:10:00,12.15,1,CUST_00725
TICKET_0002581,STORE_04,2024-02-11 14:53:00,5.74,2,CUST_00322
TICKET_0002582,STORE_04,2024-01-12 11:17:00,10.13,1,CUST_00893
TICKET_0002583,STORE_01,2024-01-18 15:03:00,9.23,1,CUST_00646
TICKET_0002584,STORE_04,2024-01-15 15:10:00,18.36,2,CUST_00759
TICKET_0002585,STORE_06,2024-03-07 14:48:00,18.7,2,CUST_00401
TICKET_0002586,STORE_02,2024-02-13 07:05:00,18.79,2,CUST_00045
TICKET_0002587,STORE_01,2024-02-02 17:29:00,6.83,1,CUST_00943
TICKET_0002588,STORE_01,2024-01-18 08:46:00,10.57,2,CUST_00718
TICKET_0002589,STORE_05,2024-02-18 16:12:00,32.46,4,CUST_00261
TICKET_0002590,STORE_04,2024-01-05 16:56:00,7.56,1,CUST_00625
TICKET_0002591,STORE_08,2024-03-20 18:32:00,17.47,2,CUST_00084
TICKET_0002592,STORE_08,2024-03-04 20:11:00,2.19,1,CUST_00449
TICKET_0002593,STORE_10,2024-01-25 10:48:00,2.3,1,CUST_00637
TICKET_0002594,STORE_04,2024-01-23 14:28:00,18.97,2,CUST_00286
TICKET_0002595,STORE_03,2024-01-21 09:26:00,14.92,1,CUST_00567
TICKET_0002596,STORE_08,2024-02-12 17:28:00,21.01,3,CUST_00342
TICKET_0002597,STORE_02,2024-01-16 21:46:00,21.64,2,CUST_00770
TICKET_0002598,STORE_05,2024-02-09 11:11:00,22.16,3,CUST_00094
TICKET_0002599,STORE_04,2024-01-30 17:17:00,6.3,1,CUST_00692
TICKET_0002600,STORE_07,2024-03-31 15:36:00,35.68,5,CUST_00817
TICKET_0002601,STORE_03,2024-02-19 14:51:00,2.28,1,CUST_00629
TICKET_0002602,STORE_02,2024-03-16 13:30:00,4.47,1,CUST_00055
TICKET_0002603,STORE_01,2024-03-16 20:52:00,12.08,1,CUST_00396
TICKET_0002604,STORE_06,2024-03-20 15:37:00,15.32,2,CUST_00082
TICKET_0002605,STORE_04,2024-01-04 09:33:00,4.35,1,CUST_00806
TICKET_0002606,STORE_09,2024-01-13 11:40:00,16.87,2,CUST_00652
TICKET_0002607,STORE_05,2024-01-09 16:55:00,33.06,4,CUST_00909
TICKET_0002608,STORE_02,2024-01-20 20:21:00,15.56,2,CUST_00738
TICKET_0002609,STORE_05,2024-01-10 20:27:00,11.53,1,CUST_00997
TICKET_0002610,STORE_05,2024-01-14 13:02:00,2.65,1,CUST_00520
TICKET_0002611,STORE_05,2024-01-21 13:07:00,33.66,3,CUST_00320
TICKET_0002612,STORE_01,2024-03-29 17:19:00,31.88,4,CUST_00932
TICKET_0002613,STORE_07,2024-03-25 16:40:00,12.27,2,CUST_00231
TICKET_0002614,STORE_05,2024-01-21 20:04:00,18.36,2,CUST_00362
TICKET_0002615,STORE_07,2024-02-04 16:11:00,3.0,1,CUST_00200
TICKET_0002616,STORE_05,2024-01-03 15:08:00,14.75,1,CUST_00457
TICKET_0002617,STORE_05,2024-02-02 12:25:00,19.74,3,CUST_00978
TICKET_0002618,STORE_01,2024-01-28 07:08:00,13.28,2,CUST_00389
TICKET_0002619,STORE_09,2024-02-10 13:54:00,14.27,2,CUST_00136
TICKET_0002620,STORE_03,2024-03-21 16:21:00,20.02,2,CUST_00760
TICKET_0002621,STORE_04,2024-02-10 11:17:00,5.22,1,CUST_00422
TICKET_0002622,STORE_06,2024-03-20 15:21:00,24.43,4,CUST_00357
TICKET_0002623,STORE_05,2024-01-11 20:49:00,20.05,3,CUST_00313
TICKET_0002624,STORE_05,2024-03-15 18:53:00,8.8,3,CUST_00256
TICKET_0002625,STORE_10,2024-02-08 14:30:00,9.15,1,CUST_00172
TICKET_0002626,STORE_02,2024-03-28 12:25:00,9.48,2,CUST_00894
TICKET_0002627,STORE_10,2024-01-18 19:07:00,20.06,3,CUST_00324
TICKET_0002628,STORE_02,2024-02-04 11:30:00,16.46,2,CUST_00586
TICKET_0002629,STORE_02,2024-03-21 09:27:00,17.33,4,CUST_00547
TICKET_0002630,STORE_02,2024-01-12 12:15:00,34.08,3,CUST_00142
TICKET_0002631,STORE_08,2024-03-22 17:04:00,31.32,3,CUST_00930
TICKET_0002632,STORE_06,2024-02-20 20:26:00,43.61,5,CUST_00641
TICKET_0002633,STORE_07,2024-01-17 13:23:00,14.22,1,CUST_00676
TICKET_0002634,STORE_04,2024-01-23 09:01:00,5.97,1,CUST_00143
TICKET_0002635,STORE_01,2024-02-25 08:45:00,2.38,1,CUST_00705
TICKET_0002636,STORE_06,2024-01-30 17:59:00,21.73,3,CUST_00421
TICKET_0002637,STORE_09,2024-03-14 15:37:00,18.28,2,CUST_00589
TICKET_0002638,STORE_08,2024-02-13 18:35:00,24.85,3,CUST_00448
TICKET_0002639,STORE_01,2024-02-12 12:37:00,20.22,2,CUST_00284
TICKET_0002640,STORE_07,2024-03-21 07:00:00,8.91,2,CUST_00255
TICKET_0002641,STORE_08,2024-03-11 17:38:00,19.7,2,CUST_00380
TICKET_0002642,STORE_08,2024-03-10 16:22:00,8.06,1,CUST_00277
TICKET_0002643,STORE_10,2024-03-02 09:15:00,14.68,2,CUST_00771
TICKET_0002644,STORE_08,2024-03-13 12:03:00,4.18,1,CUST_00272
TICKET_0002645,STORE_08,2024-03-25 07:01:00,27.76,4,CUST_00915
TICKET_0002646,STORE_09,2024-03-11 07:40:00,4.44,1,CUST_00833
TICKET_0002647,STORE_04,2024-03-18 09:35:00,9.61,1,CUST_00648
TICKET_0002648,STORE_10,2024-01-07 21:33:00,23.41,2,CUST_00767
TICKET_0002649,STORE_01,2024-01-20 18:35:00,9.11,1,CUST_00583
TICKET_0002650,STORE_06,2024-03-08 09:47:00,16.1,2,CUST_00340
TICKET_0002651,STORE_10,2024-01-29 07:43:00,17.92,2,CUST_00206
TICKET_0002652,STORE_04,2024-03-08 19:00:00,24.98,2,CUST_00437
TICKET_0002653,STORE_10,2024-01-24 14:01:00,9.7,2,CUST_00606
TICKET_0002654,STORE_09,2024-03-01 11:33:00,14.97,3,CUST_00474
TICKET_0002655,STORE_05,2024-02-17 18:29:00,22.74,4,CUST_00058
TICKET_0002656,STORE_02,2024-02-27 18:15:00,20.06,2,CUST_00732
TICKET_0002657,STORE_08,2024-03-12 15:19:00,9.82,2,CUST_00151
TICKET_0002658,STORE_07,2024-01-25 21:46:00,55.47,6,CUST_00080
TICKET_0002659,STORE_09,2024-03-29 09:37:00,43.26,5,CUST_00438
TICKET_0002660,STORE_01,2024-01-02 11:33:00,2.48,1,CUST_00668
TICKET_0002661,STORE_10,2024-01-01 15:46:00,15.27,2,CUST_00380
TICKET_0002662,STORE_03,2024-01-24 14:38:00,17.92,2,CUST_00874
TICKET_0002663,STORE_07,2024-03-10 07:32:00,11.1,2,CUST_00644
TICKET_0002664,STORE_03,2024-03-02 18:15:00,22.77,3,CUST_00867
TICKET_0002665,STORE_05,2024-01-28 20:42:00,6.45,1,CUST_00643
TICKET_0002666,STORE_10,2024-02-23 20:50:00,7.51,1,CUST_00051
TICKET_0002667,STORE_03,2024-02-03 13:20:00,19.94,2,CUST_00604
TICKET_0002668,STORE_09,2024-01-23 16:19:00,3.33,1,CUST_00572
TICKET_0002669,STORE_03,2024-01-07 11:04:00,22.97,2,CUST_00310
TICKET_0002670,STORE_03,2024-01-04 15:49:00,14.16,2,CUST_00506
TICKET_0002671,STORE_08,2024-03-08 21:30:00,25.63,3,CUST_00978
TICKET_0002672,STORE_01,2024-01-12 14:16:00,9.71,1,CUST_00028
TICKET_0002673,STORE_05,2024-03-09 08:06:00,5.63,1,CUST_00399
TICKET_0002674,STORE_01,2024-01-10 11:35:00,11.34,1,CUST_00843
TICKET_0002675,STORE_10,2024-02-20 21:47:00,29.75,5,CUST_00428
TICKET_0002676,STORE_06,2024-01-04 12:31:00,18.99,2,CUST_00826
TICKET_0002677,STORE_10,2024-01-05 20:37:00,8.92,1,CUST_00397
TICKET_0002678,STORE_06,2024-01-08 21:02:00,7.62,2,CUST_00446
TICKET_0002679,STORE_07,2024-01-23 14:26:00,2.26,1,CUST_00629
TICKET_0002680,STORE_06,2024-02-22 18:19:00,29.25,4,CUST_00415
TICKET_0002681,STORE_10,2024-02-25 20:02:00,13.88,1,CUST_00230
TICKET_0002682,STORE_07,2024-02-08 13:01:00,8.14,1,CUST_00508
TICKET_0002683,STORE_06,2024-01-22 18:39:00,7.04,1,CUST_00430
TICKET_0002684,STORE_01,2024-01-16 15:57:00,14.03,2,CUST_00178
TICKET_0002685,STORE_06,2024-02-10 07:50:00,3.1,1,CUST_00497
TICKET_0002686,STORE_06,2024-02-06 12:53:00,13.69,2,CUST_00881
TICKET_0002687,STORE_10,2024-01-16 07:53:00,17.2,2,CUST_00588
TICKET_0002688,STORE_04,2024-01-15 07:23:00,13.2,2,CUST_00613
TICKET_0002689,STORE_05,2024-01-03 12:08:00,24.84,2,CUST_00337
TICKET_0002690,STORE_10,2024-03-05 19:58:00,11.56,2,CUST_00366
TICKET_0002691,STORE_02,2024-03-14 11:51:00,4.54,1,CUST_00231
TICKET_0002692,STORE_05,2024-03-04 21:46:00,30.13,3,CUST_00387
TICKET_0002693,STORE_09,2024-01-23 21:21:00,5.85,1,CUST_00739
TICKET_0002694,STORE_09,2024-02-16 07:24:00,20.44,3,CUST_00348
TICKET_0002695,STORE_08,2024-02-05 16:19:00,12.83,2,CUST_00859
TICKET_0002696,STORE_07,2024-02-03 17:07:00,9.83,1,CUST_00873
TICKET_0002697,STORE_03,2024-03-28 10:56:00,15.59,2,CUST_00962
TICKET_0002698,STORE_10,2024-01-16 17:11:00,4.82,1,CUST_00759
TICKET_0002699,STORE_08,2024-03-14 18:34:00,16.46,2,CUST_00471
TICKET_0002700,STORE_08,2024-01-30 17:04:00,21.91,2,CUST_00280
TICKET_0002701,STORE_01,2024-02-10 07:11:00,8.59,1,CUST_00583
TICKET_0002702,STORE_05,2024-01-29 19:44:00,20.8,2,CUST_00779
TICKET_0002703,STORE_10,2024-02-20 08:11:00,8.09,1,CUST_00928
TICKET_0002704,STORE_09,2024-03-10 08:43:00,17.42,2,CUST_00546
TICKET_0002705,STORE_08,2024-03-31 10:00:00,2.34,1,CUST_00439
TICKET_0002706,STORE_09,2024-01-04 09:47:00,67.4,6,CUST_00811
TICKET_0002707,STORE_10,2024-03-12 17:20:00,2.35,1,CUST_00380
TICKET_0002708,STORE_10,2024-03-19 11:01:00,16.16,2,CUST_00944
TICKET_0002709,STORE_03,2024-01-08 17:19:00,35.79,4,CUST_00881
TICKET_0002710,STORE_08,2024-03-06 14:12:00,5.17,1,CUST_00405
TICKET_0002711,STORE_01,2024-01-27 13:27:00,9.23,1,CUST_00019
TICKET_0002712,STORE_09,2024-01-19 18:23:00,14.32,3,CUST_00514
TICKET_0002713,STORE_09,2024-01-08 15:13:00,16.66,3,CUST_00663
TICKET_0002714,STORE_06,2024-03-17 12:49:00,23.31,2,CUST_00099
TICKET_0002715,STORE_01,2024-02-08 11:58:00,11.85,2,CUST_00053
TICKET_0002716,STORE_05,2024-02-14 18:58:00,29.73,4,CUST_00176
TICKET_0002717,STORE_03,2024-03-31 21:38:00,29.4,3,CUST_00508
TICKET_0002718,STORE_06,2024-01-19 19:32:00,3.08,1,CUST_00286
TICKET_0002719,STORE_05,2024-03-11 12:29:00,13.64,1,CUST_00390
TICKET_0002720,STORE_08,2024-01-22 17:30:00,13.48,1,CUST_00993
TICKET_0002721,STORE_07,2024-01-03 13:55:00,8.86,2,CUST_00770
TICKET_0002722,STORE_05,2024-03-21 14:36:00,31.97,3,CUST_00825
TICKET_0002723,STORE_08,2024-03-21 09:14:00,10.02,2,CUST_00984
TICKET_0002724,STORE_10,2024-03-06 19:04:00,2.83,1,CUST_00874
TICKET_0002725,STORE_08,2024-02-29 13:08:00,13.2,2,CUST_00727
TICKET_0002726,STORE_02,2024-02-22 12:20:00,28.66,3,CUST_00076
TICKET_0002727,STORE_04,2024-03-25 17:05:00,7.95,2,CUST_00907
TICKET_0002728,STORE_03,2024-02-26 18:08:00,13.28,2,CUST_00022
TICKET_0002729,STORE_08,2024-01-01 19:00:00,29.05,3,CUST_00707
TICKET_0002730,STORE_06,2024-03-31 16:47:00,11.13,2,CUST_00968
TICKET_0002731,STORE_05,2024-01-25 18:37:00,4.34,1,CUST_00412
TICKET_0002732,STORE_06,2024-02-07 12:34:00,10.57,2,CUST_00834
TICKET_0002733,STORE_05,2024-03-30 21:11:00,20.94,2,CUST_00698
TICKET_0002734,STORE_10,2024-02-10 08:22:00,14.31,2,CUST_00411
TICKET_0002735,STORE_10,2024-02-21 17:19:00,7.29,2,CUST_00633
TICKET_0002736,STORE_05,2024-02-12 09:23:00,44.55,4,CUST_00233
TICKET_0002737,STORE_03,2024-03-18 15:37:00,28.75,3,CUST_00641
TICKET_0002738,STORE_08,2024-01-02 11:39:00,14.38,2,CUST_00654
TICKET_0002739,STORE_09,2024-01-21 19:15:00,3.2,1,CUST_00105
TICKET_0002740,STORE_05,2024-03-15 14:38:00,15.46,3,CUST_00459
TICKET_0002741,STORE_03,2024-01-24 14:55:00,4.35,1,CUST_00723
TICKET_0002742,STORE_04,2024-03-02 11:18:00,17.29,2,CUST_00806
TICKET_0002743,STORE_09,2024-03-21 08:16:00,27.34,3,CUST_00215
TICKET_0002744,STORE_03,2024-03-20 07:24:00,15.41,2,CUST_00399
TICKET_0002745,STORE_03,2024-02-28 16:56:00,28.77,3,CUST_00835
TICKET_0002746,STORE_05,2024-03-10 17:39:00,48.45,6,CUST_00297
TICKET_0002747,STORE_03,2024-01-22 17:21:00,8.67,1,CUST_00631
TICKET_0002748,STORE_05,2024-02-19 20:51:00,41.34,3,CUST_00750
TICKET_0002749,STORE_01,2024-01-02 21:50:00,4.52,1,CUST_00410
TICKET_0002750,STORE_10,2024-01-16 13:16:00,13.1,1,CUST_00142
TICKET_0002751,STORE_08,2024-02-03 18:44:00,17.72,3,CUST_00048
TICKET_0002752,STORE_03,2024-01-10 18:51:00,13.1,2,CUST_00868
TICKET_0002753,STORE_03,2024-01-22 12:40:00,14.16,2,CUST_00262
TICKET_0002754,STORE_03,2024-02-23 20:18:00,12.9,2,CUST_00627
TICKET_0002755,STORE_07,2024-01-09 09:48:00,36.48,5,CUST_00819
TICKET_0002756,STORE_10,2024-01-13 09:03:00,9.28,1,CUST_00598
TICKET_0002757,STORE_02,2024-03-17 18:48:00,14.01,1,CUST_00170
TICKET_0002758,STORE_01,2024-03-24 10:34:00,37.14,3,CUST_00016
TICKET_0002759,STORE_10,2024-01-14 19:22:00,27.3,2,CUST_00025
TICKET_0002760,STORE_07,2024-02-12 16:32:00,17.73,2,CUST_00656
TICKET_0002761,STORE_08,2024-03-08 15:24:00,19.4,4,CUST_00981
TICKET_0002762,STORE_01,2024-01-07 07:03:00,23.99,3,CUST_00689
TICKET_0002763,STORE_03,2024-01-13 16:02:00,16.8,2,CUST_00944
TICKET_0002764,STORE_08,2024-02-07 11:25:00,47.76,5,CUST_00057
TICKET_0002765,STORE_07,2024-03-31 13:57:00,9.48,1,CUST_00362
TICKET_0002766,STORE_06,2024-02-02 18:11:00,8.49,1,CUST_00010
TICKET_0002767,STORE_07,2024-02-29 19:04:00,2.64,1,CUST_00472
TICKET_0002768,STORE_03,2024-01-04 13:59:00,50.45,6,CUST_00877
TICKET_0002769,STORE_04,2024-01-14 10:43:00,42.66,5,CUST_00997
TICKET_0002770,STORE_04,2024-03-23 11:04:00,7.64,1,CUST_00821
TICKET_0002771,STORE_03,2024-03-26 08:45:00,6.94,2,CUST_00728
TICKET_0002772,STORE_07,2024-02-04 18:59:00,7.36,1,CUST_00568
TICKET_0002773,STORE_04,2024-02-04 16:18:00,18.44,2,CUST_00588
TICKET_0002774,STORE_10,2024-01-17 09:55:00,12.09,2,CUST_00212
TICKET_0002775,STORE_10,2024-01-05 19:47:00,7.87,2,CUST_00750
TICKET_0002776,STORE_04,2024-03-17 18:12:00,18.16,2,CUST_00893
TICKET_0002777,STORE_06,2024-01-04 20:55:00,12.68,2,CUST_00741
TICKET_0002778,STORE_04,2024-01-17 14:25:00,12.06,2,CUST_00788
TICKET_0002779,STORE_01,2024-02-10 09:04:00,5.6,1,CUST_00360
TICKET_0002780,STORE_10,2024-03-05 08:31:00,11.13,2,CUST_00447
TICKET_0002781,STORE_03,2024-03-02 07:48:00,25.34,3,CUST_00745
TICKET_0002782,STORE_08,2024-02-20 11:32:00,13.85,3,CUST_00778
TICKET_0002783,STORE_08,2024-01-05 09:50:00,9.71,1,CUST_00095
TICKET_0002784,STORE_04,2024-02-15 16:19:00,20.04,2,CUST_00366
TICKET_0002785,STORE_08,2024-01-27 21:26:00,14.25,2,CUST_00734
TICKET_0002786,STORE_08,2024-03-01 07:53:00,18.64,2,CUST_00325
TICKET_0002787,STORE_05,2024-02-20 19:47:00,21.12,3,CUST_00031
TICKET_0002788,STORE_08,2024-03-29 21:25:00,15.28,2,CUST_00491
TICKET_0002789,STORE_07,2024-01-15 14:56:00,11.39,1,CUST_00902
TICKET_0002790,STORE_08,2024-02-18 15:53:00,3.56,1,CUST_00714
TICKET_0002791,STORE_07,2024-01-11 10:51:00,8.84,1,CUST_00827
TICKET_0002792,STORE_10,2024-01-22 12:50:00,40.15,4,CUST_00149
TICKET_0002793,STORE_03,2024-03-18 11:12:00,13.6,3,CUST_00678
TICKET_0002794,STORE_06,2024-01-23 10:29:00,12.7,1,CUST_00807
TICKET_0002795,STORE_01,2024-03-27 17:53:00,17.42,2,CUST_00710
TICKET_0002796,STORE_04,2024-03-02 08:06:00,7.89,1,CUST_00230
TICKET_0002797,STORE_02,2024-02-08 11:59:00,19.01,2,CUST_00172
TICKET_0002798,STORE_05,2024-02-02 20:52:00,20.08,3,CUST_00976
TICKET_0002799,STORE_08,2024-01-04 19:12:00,28.53,3,CUST_00594
TICKET_0002800,STORE_06,2024-03-05 20:04:00,30.69,3,CUST_00826
TICKET_0002801,STORE_02,2024-01-25 17:05:00,29.55,3,CUST_00027
TICKET_0002802,STORE_05,2024-02-22 08:19:00,5.02,1,CUST_00315
TICKET_0002803,STORE_08,2024-02-29 07:48:00,45.65,6,CUST_00660
TICKET_0002804,STORE_02,2024-03-07 11:33:00,12.87,1,CUST_00993
TICKET_0002805,STORE_04,2024-01-13 08:00:00,12.76,1,CUST_00479
TICKET_0002806,STORE_09,2024-01-15 15:27:00,32.01,3,CUST_00654
TICKET_0002807,STORE_07,2024-03-16 14:38:00,23.22,3,CUST_00297
TICKET_0002808,STORE_10,2024-03-25 07:33:00,4.4,1,CUST_00022
TICKET_0002809,STORE_01,2024-01-15 13:56:00,14.39,2,CUST_00330
TICKET_0002810,STORE_10,2024-01-11 11:37:00,24.88,3,CUST_00101
TICKET_0002811,STORE_08,2024-03-29 10:26:00,23.24,3,CUST_00391
TICKET_0002812,STORE_01,2024-01-12 20:31:00,21.26,2,CUST_00050
TICKET_0002813,STORE_09,2024-03-17 15:19:00,19.09,2,CUST_00707
TICKET_0002814,STORE_04,2024-02-07 21:32:00,13.59,2,CUST_00862
TICKET_0002815,STORE_08,2024-01-16 10:51:00,22.59,2,CUST_00788
TICKET_0002816,STORE_07,2024-02-18 12:39:00,23.77,3,CUST_00525
TICKET_0002817,STORE_02,2024-03-27 13:24:00,14.71,1,CUST_00936
TICKET_0002818,STORE_01,2024-03-22 10:05:00,4.69,1,CUST_00047
TICKET_0002819,STORE_09,2024-02-16 13:29:00,21.73,3,CUST_00342
TICKET_0002820,STORE_01,2024-01-26 10:17:00,3.02,1,CUST_00477
TICKET_0002821,STORE_09,2024-03-18 16:02:00,14.03,2,CUST_00301
TICKET_0002822,STORE_08,2024-02-08 10:46:00,9.33,2,CUST_00931
TICKET_0002823,STORE_03,2024-01-02 11:53:00,26.99,4,CUST_00500
TICKET_0002824,STORE_04,2024-01-22 17:02:00,5.6,1,CUST_00625
TICKET_0002825,STORE_01,2024-02-12 09:01:00,8.91,1,CUST_00897
TICKET_0002826,STORE_06,2024-02-29 07:24:00,51.69,6,CUST_00747
TICKET_0002827,STORE_10,2024-03-27 12:01:00,2.37,1,CUST_00594
TICKET_0002828,STORE_09,2024-01-12 09:16:00,5.01,1,CUST_00626
TICKET_0002829,STORE_04,2024-01-31 14:03:00,2.42,1,CUST_00479
TICKET_0002830,STORE_02,2024-01-31 18:07:00,10.86,2,CUST_00458
TICKET_0002831,STORE_01,2024-02-05 08:10:00,5.9,1,CUST_00486
TICKET_0002832,STORE_04,2024-03-28 07:31:00,11.1,2,CUST_00457
TICKET_0002833,STORE_06,2024-01-05 17:04:00,47.52,5,CUST_00698
TICKET_0002834,STORE_02,2024-03-29 15:06:00,27.3,2,CUST_00224
TICKET_0002835,STORE_05,2024-01-29 16:14:00,15.54,3,CUST_00476
TICKET_0002836,STORE_09,2024-02-05 11:03:00,14.01,1,CUST_00934
TICKET_0002837,STORE_07,2024-02-26 12:47:00,12.72,1,CUST_00395
TICKET_0002838,STORE_03,2024-02-25 13:23:00,4.44,1,CUST_00318
TICKET_0002839,STORE_08,2024-01-19 20:58:00,5.24,1,CUST_00658
TICKET_0002840,STORE_06,2024-01-05 07:07:00,3.57,1,CUST_00158
TICKET_0002841,STORE_01,2024-02-01 13:19:00,5.67,1,CUST_00241
TICKET_0002842,STORE_05,2024-01-02 12:17:00,21.29,4,CUST_00609
TICKET_0002843,STORE_02,2024-03-13 11:25:00,19.38,2,CUST_00271
TICKET_0002844,STORE_04,2024-03-11 17:17:00,25.09,3,CUST_00878
TICKET_0002845,STORE_05,2024-01-01 21:48:00,34.05,4,CUST_00620
TICKET_0002846,STORE_09,2024-03-12 10:38:00,26.88,2,CUST_00388
TICKET_0002847,STORE_08,2024-01-16 10:07:00,6.85,1,CUST_00632
TICKET_0002848,STORE_05,2024-03-01 13:15:00,14.9,2,CUST_00421
TICKET_0002849,STORE_03,2024-01-21 11:44:00,35.79,3,CUST_00514
TICKET_0002850,STORE_02,2024-01-28 18:08:00,10.43,2,CUST_00940
TICKET_0002851,STORE_09,2024-02-11 20:10:00,4.56,1,CUST_00365
TICKET_0002852,STORE_04,2024-01-09 09:48:00,6.75,1,CUST_00351
TICKET_0002853,STORE_04,2024-01-21 07:27:00,12.54,3,CUST_00594
TICKET_0002854,STORE_08,2024-03-30 13:27:00,20.84,2,CUST_00441
TICKET_0002855,STORE_10,2024-01-18 07:17:00,8.1,1,CUST_00073
TICKET_0002856,STORE_10,2024-01-07 09:13:00,25.78,3,CUST_00438
TICKET_0002857,STORE_09,2024-01-07 10:13:00,17.27,2,CUST_00319
TICKET_0002858,STORE_07,2024-02-18 07:06:00,19.32,2,CUST_00100
TICKET_0002859,STORE_07,2024-03-18 17:03:00,31.46,5,CUST_00306
TICKET_0002860,STORE_02,2024-03-28 10:40:00,17.8,2,CUST_00680
TICKET_0002861,STORE_03,2024-03-28 19:14:00,11.48,2,CUST_00164
TICKET_0002862,STORE_03,2024-01-18 16:08:00,10.42,2,CUST_00063
TICKET_0002863,STORE_04,2024-03-14 11:44:00,8.78,1,CUST_00623
TICKET_0002864,STORE_10,2024-03-18 13:35:00,27.46,4,CUST_00729
TICKET_0002865,STORE_07,2024-02-14 21:22:00,9.49,1,CUST_00103
TICKET_0002866,STORE_04,2024-01-30 18:06:00,12.82,2,CUST_00220
TICKET_0002867,STORE_10,2024-02-26 14:19:00,5.17,1,CUST_00626
TICKET_0002868,STORE_10,2024-01-26 20:18:00,19.16,2,CUST_00771
TICKET_0002869,STORE_02,2024-01-18 15:03:00,9.17,1,CUST_00647
TICKET_0002870,STORE_08,2024-01-23 20:58:00,7.83,1,CUST_00637
TICKET_0002871,STORE_09,2024-01-04 20:37:00,18.42,2,CUST_00507
TICKET_0002872,STORE_06,2024-01-06 13:53:00,24.73,3,CUST_00701
TICKET_0002873,STORE_01,2024-03-15 17:04:00,14.6,1,CUST_00162
TICKET_0002874,STORE_03,2024-02-23 19:09:00,12.04,1,CUST_00885
TICKET_0002875,STORE_10,2024-03-16 13:27:00,26.06,2,CUST_00140
TICKET_0002876,STORE_09,2024-02-11 16:39:00,25.5,4,CUST_00293
TICKET_0002877,STORE_02,2024-03-10 14:00:00,14.89,1,CUST_00892
TICKET_0002878,STORE_06,2024-01-08 16:30:00,15.87,2,CUST_00157
TICKET_0002879,STORE_02,2024-01-09 16:02:00,12.17,2,CUST_00008
TICKET_0002880,STORE_04,2024-01-20 07:07:00,13.54,2,CUST_00610
TICKET_0002881,STORE_08,2024-02-09 12:46:00,6.95,1,CUST_00947
TICKET_0002882,STORE_02,2024-03-17 19:24:00,6.86,1,CUST_00646
TICKET_0002883,STORE_08,2024-01-17 10:08:00,17.19,2,CUST_00153
TICKET_0002884,STORE_04,2024-03-05 19:46:00,2.91,1,CUST_00818
TICKET_0002885,STORE_03,2024-02-08 07:29:00,18.15,2,CUST_00235
TICKET_0002886,STORE_07,2024-03-09 20:44:00,14.66,3,CUST_00955
TICKET_0002887,STORE_02,2024-02-26 09:04:00,6.72,1,CUST_00375
TICKET_0002888,STORE_06,2024-03-11 11:00:00,15.28,2,CUST_00294
TICKET_0002889,STORE_10,2024-02-07 11:43:00,9.14,2,CUST_00402
TICKET_0002890,STORE_08,2024-03-01 17:48:00,13.68,1,CUST_00395
TICKET_0002891,STORE_03,2024-02-07 15:22:00,22.23,3,CUST_00882
TICKET_0002892,STORE_07,2024-01-28 13:08:00,27.28,3,CUST_00027
TICKET_0002893,STORE_07,2024-03-11 21:38:00,35.09,3,CUST_00254
TICKET_0002894,STORE_04,2024-02-24 14:38:00,23.53,3,CUST_00951
TICKET_0002895,STORE_05,2024-02-10 10:25:00,4.36,1,CUST_00320
TICKET_0002896,STORE_03,2024-02-11 09:09:00,14.98,1,CUST_00228
TICKET_0002897,STORE_09,2024-01-18 19:15:00,15.31,2,CUST_00222
TICKET_0002898,STORE_06,2024-02-14 12:39:00,15.63,3,CUST_00712
TICKET_0002899,STORE_01,2024-01-10 16:01:00,7.67,2,CUST_00486
TICKET_0002900,STORE_08,2024-03-23 20:38:00,14.97,2,CUST_00452
TICKET_0002901,STORE_09,2024-03-05 11:21:00,14.32,1,CUST_00410
TICKET_0002902,STORE_05,2024-03-07 07:53:00,12.03,1,CUST_00689
TICKET_0002903,STORE_04,2024-02-06 09:55:00,31.43,3,CUST_00249
TICKET_0002904,STORE_10,2024-03-26 20:26:00,6.74,1,CUST_00009
TICKET_0002905,STORE_02,2024-01-30 12:16:00,3.2,1,CUST_00499
TICKET_0002906,STORE_10,2024-02-22 18:10:00,17.93,2,CUST_00053
TICKET_0002907,STORE_08,2024-03-21 07:59:00,25.69,3,CUST_00588
TICKET_0002908,STORE_06,2024-02-22 12:14:00,16.98,2,CUST_00542
TICKET_0002909,STORE_07,2024-02-09 10:30:00,21.48,2,CUST_00999
TICKET_0002910,STORE_06,2024-02-13 21:32:00,14.85,2,CUST_00846
TICKET_0002911,STORE_05,2024-02-28 15:01:00,46.61,5,CUST_00842
TICKET_0002912,STORE_10,2024-03-23 19:08:00,23.67,5,CUST_00052
TICKET_0002913,STORE_03,2024-03-09 12:55:00,14.94,3,CUST_00693
TICKET_0002914,STORE_05,2024-03-08 14:51:00,20.21,4,CUST_00421
TICKET_0002915,STORE_01,2024-01-29 20:21:00,11.4,2,CUST_00803
TICKET_0002916,STORE_04,2024-02-21 10:16:00,29.55,4,CUST_00500
TICKET_0002917,STORE_07,2024-01-28 11:43:00,8.77,1,CUST_00159
TICKET_0002918,STORE_10,2024-03-02 11:56:00,5.6,1,CUST_00666
TICKET_0002919,STORE_05,2024-03-18 17:29:00,18.85,3,CUST_00770
TICKET_0002920,STORE_06,2024-03-09 14:42:00,44.22,5,CUST_00387
TICKET_0002921,STORE_01,2024-02-15 09:08:00,46.9,5,CUST_00773
TICKET_0002922,STORE_10,2024-01-09 13:19:00,12.68,2,CUST_00232
TICKET_0002923,STORE_06,2024-01-31 08:00:00,16.53,3,CUST_00174
TICKET_0002924,STORE_05,2024-03-07 15:50:00,45.7,4,CUST_00416
TICKET_0002925,STORE_01,2024-03-07 18:12:00,40.06,3,CUST_00080
TICKET_0002926,STORE_07,2024-02-27 16:25:00,13.72,1,CUST_00409
TICKET_0002927,STORE_08,2024-03-04 21:36:00,4.82,1,CUST_00723
TICKET_0002928,STORE_08,2024-02-10 15:55:00,16.99,2,CUST_00952
TICKET_0002929,STORE_01,2024-01-18 14:44:00,18.25,2,CUST_00487
TICKET_0002930,STORE_09,2024-03-14 17:10:00,11.99,2,CUST_00590
TICKET_0002931,STORE_04,2024-03-25 18:55:00,2.88,1,CUST_00515
TICKET_0002932,STORE_09,2024-02-02 18:46:00,20.02,3,CUST_00703
TICKET_0002933,STORE_01,2024-02-08 13:19:00,23.58,2,CUST_00677
TICKET_0002934,STORE_06,2024-02-09 08:22:00,10.3,1,CUST_00582
TICKET_0002935,STORE_02,2024-03-11 18:14:00,16.57,2,CUST_00398
TICKET_0002936,STORE_08,2024-02-27 13:46:00,31.87,3,CUST_00503
TICKET_0002937,STORE_07,2024-03-27 14:01:00,19.92,3,CUST_00222
TICKET_0002938,STORE_05,2024-01-28 14:47:00,5.17,1,CUST_00252
TICKET_0002939,STORE_09,2024-03-26 10:20:00,10.77,2,CUST_00586
TICKET_0002940,STORE_07,2024-02-29 16:44:00,14.62,1,CUST_00781
TICKET_0002941,STORE_02,2024-01-22 18:20:00,3.38,1,CUST_00945
TICKET_0002942,STORE_05,2024-03-06 10:11:00,24.79,3,CUST_00819
TICKET_0002943,STORE_08,2024-02-12 13:00:00,17.26,2,CUST_00054
TICKET_0002944,STORE_06,2024-02-07 17:58:00,10.02,2,CUST_00152
TICKET_0002945,STORE_05,2024-03-14 10:37:00,9.61,1,CUST_00648
TICKET_0002946,STORE_02,2024-01-23 19:42:00,32.7,4,CUST_00911
TICKET_0002947,STORE_02,2024-02-17 09:19:00,20.38,2,CUST_00815
TICKET_0002948,STORE_07,2024-03-26 08:04:00,7.19,1,CUST_00698
TICKET_0002949,STORE_09,2024-02-22 20:24:00,31.56,5,CUST_00699
TICKET_0002950,STORE_08,2024-03-27 17:56:00,4.16,1,CUST_00271
TICKET_0002951,STORE_10,2024-01-07 12:26:00,41.18,5,CUST_00573
TICKET_0002952,STORE_05,2024-02-23 07:00:00,36.35,4,CUST_00317
TICKET_0002953,STORE_03,2024-01-26 12:55:00,20.58,2,CUST_00718
TICKET_0002954,STORE_04,2024-02-25 07:11:00,11.55,1,CUST_00462
TICKET_0002955,STORE_03,2024-02-19 15:51:00,6.85,2,CUST_00591
TICKET_0002956,STORE_03,2024-01-21 14:40:00,9.52,1,CUST_00208
TICKET_0002957,STORE_05,2024-01-02 10:46:00,26.28,3,CUST_00390
TICKET_0002958,STORE_05,2024-01-13 20:03:00,27.73,4,CUST_00138
TICKET_0002959,STORE_05,2024-03-24 10:14:00,7.51,1,CUST_00178
TICKET_0002960,STORE_10,2024-03-09 10:38:00,31.16,3,CUST_00709
TICKET_0002961,STORE_05,2024-02-01 17:20:00,11.27,1,CUST_00053
TICKET_0002962,STORE_10,2024-01-13 18:19:00,16.62,3,CUST_00996
TICKET_0002963,STORE_09,2024-01-17 09:20:00,27.9,2,CUST_00953
TICKET_0002964,STORE_10,2024-02-24 21:06:00,35.1,5,CUST_00416
TICKET_0002965,STORE_08,2024-02-06 13:30:00,23.6,3,CUST_00883
TICKET_0002966,STORE_07,2024-03-12 21:59:00,33.57,3,CUST_00186
TICKET_0002967,STORE_10,2024-03-23 13:23:00,29.78,3,CUST_00193
TICKET_0002968,STORE_04,2024-01-24 07:31:00,38.05,4,CUST_00192
TICKET_0002969,STORE_09,2024-03-14 20:54:00,14.54,1,CUST_00489
TICKET_0002970,STORE_08,2024-03-20 18:39:00,41.14,4,CUST_00832
TICKET_0002971,STORE_10,2024-03-20 18:57:00,15.2,2,CUST_00868
TICKET_0002972,STORE_01,2024-01-18 12:49:00,13.88,2,CUST_00791
TICKET_0002973,STORE_02,2024-01-02 16:08:00,17.64,3,CUST_00003
TICKET_0002974,STORE_08,2024-01-16 14:24:00,11.64,2,CUST_00043
TICKET_0002975,STORE_09,2024-02-02 19:49:00,33.61,4,CUST_00747
TICKET_0002976,STORE_08,2024-02-18 18:28:00,9.88,2,CUST_00675
TICKET_0002977,STORE_03,2024-01-05 14:57:00,41.9,4,CUST_00776
TICKET_0002978,STORE_02,2024-02-12 19:38:00,4.37,1,CUST_00849
TICKET_0002979,STORE_10,2024-01-19 07:38:00,19.84,2,CUST_00237
TICKET_0002980,STORE_02,2024-03-28 14:42:00,13.08,3,CUST_00083
TICKET_0002981,STORE_05,2024-01-19 10:27:00,9.58,2,CUST_00100
TICKET_0002982,STORE_09,2024-01-02 16:40:00,18.77,2,CUST_00106
TICKET_0002983,STORE_01,2024-02-01 14:09:00,22.13,4,CUST_00421
TICKET_0002984,STORE_08,2024-02-03 19:59:00,24.47,3,CUST_00581
TICKET_0002985,STORE_03,2024-03-02 09:11:00,30.05,4,CUST_00006
TICKET_0002986,STORE_08,2024-02-22 11:28:00,4.21,1,CUST_00970
TICKET_0002987,STORE_01,2024-03-26 21:26:00,2.67,1,CUST_00720
TICKET_0002988,STORE_03,2024-02-20 15:35:00,9.95,2,CUST_00823
TICKET_0002989,STORE_01,2024-01-07 10:05:00,3.11,1,CUST_00618
TICKET_0002990,STORE_09,2024-01-27 11:23:00,19.08,2,CUST_00989
TICKET_0002991,STORE_07,2024-03-09 12:07:00,18.85,3,CUST_00265
TICKET_0002992,STORE_06,2024-02-19 08:53:00,4.54,1,CUST_00607
TICKET_0002993,STORE_05,2024-02-05 17:32:00,35.87,5,CUST_00513
TICKET_0002994,STORE_07,2024-03-01 17:59:00,22.51,4,CUST_00533
TICKET_0002995,STORE_03,2024-02-25 12:56:00,27.59,2,CUST_00682
TICKET_0002996,STORE_05,2024-02-26 15:27:00,3.43,1,CUST_00080
TICKET_0002997,STORE_05,2024-01-28 08:47:00,30.77,3,CUST_00918
TICKET_0002998,STORE_07,2024-02-29 21:25:00,12.52,1,CUST_00770
TICKET_0002999,STORE_05,2024-02-23 19:15:00,14.95,2,CUST_00995
TICKET_0003000,STORE_10,2024-01-05 07:13:00,13.79,1,CUST_00187
TICKET_0003001,STORE_03,2024-03-24 21:43:00,6.59,2,CUST_00959
TICKET_0003002,STORE_04,2024-03-24 19:15:00,10.03,2,CUST_00173
TICKET_0003003,STORE_07,2024-01-11 12:45:00,4.82,1,CUST_00254
TICKET_0003004,STORE_07,2024-01-28 11:11:00,25.67,4,CUST_00883
TICKET_0003005,STORE_08,2024-01-15 11:37:00,6.31,1,CUST_00108
TICKET_0003006,STORE_10,2024-03-09 15:19:00,34.83,3,CUST_00750
TICKET_0003007,STORE_02,2024-02-17 21:39:00,16.26,3,CUST_00037
TICKET_0003008,STORE_08,2024-03-09 19:27:00,6.94,2,CUST_00082
TICKET_0003009,STORE_08,2024-01-30 21:45:00,5.74,1,CUST_00736
TICKET_0003010,STORE_03,2024-01-06 11:46:00,19.59,2,CUST_00592
TICKET_0003011,STORE_08,2024-01-26 19:44:00,5.69,1,CUST_00529
TICKET_0003012,STORE_01,2024-03-10 07:57:00,17.73,2,CUST_00266
TICKET_0003013,STORE_06,2024-01-04 10:19:00,26.07,3,CUST_00584
TICKET_0003014,STORE_04,2024-03-21 12:40:00,11.64,2,CUST_00081
TICKET_0003015,STORE_04,2024-01-25 14:55:00,2.52,1,CUST_00627
TICKET_0003016,STORE_08,2024-02-14 16:58:00,29.47,4,CUST_00645
TICKET_0003017,STORE_08,2024-01-02 10:46:00,2.93,1,CUST_00454
TICKET_0003018,STORE_10,2024-03-17 19:18:00,8.2,1,CUST_00041
TICKET_0003019,STORE_08,2024-03-07 13:03:00,20.63,2,CUST_00712
TICKET_0003020,STORE_05,2024-03-01 20:00:00,2.39,1,CUST_00534
TICKET_0003021,STORE_07,2024-03-05 10:45:00,20.68,2,CUST_00316
TICKET_0003022,STORE_07,2024-01-25 13:31:00,13.49,3,CUST_00417
TICKET_0003023,STORE_03,2024-01-25 18:41:00,16.17,2,CUST_00719
TICKET_0003024,STORE_09,2024-03-07 07:25:00,8.05,1,CUST_00583
TICKET_0003025,STORE_10,2024-01-22 12:55:00,3.42,1,CUST_00758
TICKET_0003026,STORE_01,2024-02-11 13:34:00,10.91,1,CUST_00493
TICKET_0003027,STORE_01,2024-03-08 18:31:00,20.89,3,CUST_00052
TICKET_0003028,STORE_03,2024-01-26 11:53:00,11.56,1,CUST_00671
TICKET_0003029,STORE_10,2024-01-08 14:47:00,19.93,2,CUST_00662
TICKET_0003030,STORE_10,2024-01-30 14:46:00,10.22,1,CUST_00962
TICKET_0003031,STORE_07,2024-02-12 18:00:00,3.26,1,CUST_00498
TICKET_0003032,STORE_10,2024-01-18 15:00:00,6.01,1,CUST_00236
TICKET_0003033,STORE_07,2024-01-21 20:19:00,34.18,4,CUST_00782
TICKET_0003034,STORE_10,2024-02-05 15:54:00,20.28,4,CUST_00129
TICKET_0003035,STORE_07,2024-02-23 20:01:00,17.31,2,CUST_00860
TICKET_0003036,STORE_05,2024-02-10 21:05:00,10.15,2,CUST_00325
TICKET_0003037,STORE_01,2024-03-24 09:55:00,15.01,2,CUST_00538
TICKET_0003038,STORE_04,2024-01-08 21:38:00,9.79,1,CUST_00410
TICKET_0003039,STORE_09,2024-01-06 11:27:00,22.98,3,CUST_00615
TICKET_0003040,STORE_02,2024-01-12 09:26:00,14.21,2,CUST_00009
TICKET_0003041,STORE_08,2024-03-12 11:11:00,20.12,2,CUST_00273
TICKET_0003042,STORE_01,2024-01-17 09:26:00,2.36,1,CUST_00166
TICKET_0003043,STORE_06,2024-02-19 07:31:00,4.25,1,CUST_00092
TICKET_0003044,STORE_01,2024-01-13 07:29:00,7.48,1,CUST_00142
TICKET_0003045,STORE_02,2024-02-11 16:37:00,17.46,2,CUST_00922
TICKET_0003046,STORE_04,2024-03-19 15:33:00,9.63,1,CUST_00534
TICKET_0003047,STORE_01,2024-01-15 12:05:00,10.41,1,CUST_00592
TICKET_0003048,STORE_10,2024-01-15 17:36:00,6.52,2,CUST_00798
TICKET_0003049,STORE_09,2024-02-15 21:38:00,9.45,1,CUST_00667
TICKET_0003050,STORE_07,2024-02-06 10:10:00,6.78,1,CUST_00347
TICKET_0003051,STORE_03,2024-01-20 12:27:00,36.94,5,CUST_00883
TICKET_0003052,STORE_06,2024-02-12 15:32:00,21.81,2,CUST_00112
TICKET_0003053,STORE_04,2024-01-16 21:44:00,5.86,1,CUST_00623
TICKET_0003054,STORE_03,2024-02-24 12:49:00,47.66,5,CUST_00817
TICKET_0003055,STORE_07,2024-03-31 18:06:00,33.2,3,CUST_00413
TICKET_0003056,STORE_10,2024-03-08 07:58:00,5.71,1,CUST_00840
TICKET_0003057,STORE_04,2024-01-05 12:57:00,9.61,1,CUST_00392
TICKET_0003058,STORE_08,2024-03-24 13:10:00,14.23,2,CUST_00408
TICKET_0003059,STORE_02,2024-02-05 13:37:00,3.4,1,CUST_00914
TICKET_0003060,STORE_05,2024-02-13 12:33:00,7.92,1,CUST_00975
TICKET_0003061,STORE_07,2024-03-31 11:05:00,31.42,4,CUST_00438
TICKET_0003062,STORE_09,2024-03-27 11:43:00,12.66,2,CUST_00026
TICKET_0003063,STORE_06,2024-03-25 11:38:00,9.87,1,CUST_00488
TICKET_0003064,STORE_05,2024-01-22 09:15:00,8.23,1,CUST_00297
TICKET_0003065,STORE_07,2024-01-27 20:02:00,13.96,3,CUST_00040
TICKET_0003066,STORE_08,2024-02-06 09:15:00,16.97,2,CUST_00118
TICKET_0003067,STORE_09,2024-01-11 19:22:00,52.95,6,CUST_00387
TICKET_0003068,STORE_04,2024-03-04 13:23:00,4.87,1,CUST_00822
TICKET_0003069,STORE_03,2024-03-28 07:02:00,37.45,4,CUST_00497
TICKET_0003070,STORE_07,2024-01-05 09:20:00,26.85,3,CUST_00978
TICKET_0003071,STORE_04,2024-02-08 21:07:00,6.83,1,CUST_00989
TICKET_0003072,STORE_04,2024-03-03 09:48:00,11.84,2,CUST_00554
TICKET_0003073,STORE_05,2024-01-31 21:59:00,24.68,4,CUST_00438
TICKET_0003074,STORE_03,2024-01-27 12:53:00,18.48,2,CUST_00773
TICKET_0003075,STORE_04,2024-03-13 16:18:00,14.44,1,CUST_00983
TICKET_0003076,STORE_03,2024-03-21 21:42:00,15.03,2,CUST_00364
TICKET_0003077,STORE_10,2024-02-05 14:42:00,38.45,4,CUST_00909
TICKET_0003078,STORE_05,2024-02-09 16:33:00,18.01,2,CUST_00730
TICKET_0003079,STORE_02,2024-01-23 18:20:00,2.87,1,CUST_00117
TICKET_0003080,STORE_08,2024-02-22 20:22:00,18.74,2,CUST_00102
TICKET_0003081,STORE_06,2024-01-19 19:24:00,14.5,2,CUST_00339
TICKET_0003082,STORE_05,2024-03-06 07:04:00,8.83,2,CUST_00383
TICKET_0003083,STORE_03,2024-03-13 20:08:00,14.68,3,CUST_00222
TICKET_0003084,STORE_02,2024-03-28 15:55:00,14.57,1,CUST_00507
TICKET_0003085,STORE_06,2024-01-07 13:56:00,38.18,5,CUST_00192
TICKET_0003086,STORE_04,2024-01-25 14:06:00,12.1,2,CUST_00980
TICKET_0003087,STORE_07,2024-02-11 10:28:00,25.64,4,CUST_00149
TICKET_0003088,STORE_10,2024-03-15 11:57:00,31.77,6,CUST_00987
TICKET_0003089,STORE_03,2024-02-04 09:38:00,17.71,3,CUST_00589
TICKET_0003090,STORE_06,2024-01-27 07:00:00,15.41,2,CUST_00987
TICKET_0003091,STORE_06,2024-01-30 18:37:00,9.22,2,CUST_00244
TICKET_0003092,STORE_01,2024-01-25 10:25:00,25.56,3,CUST_00071
TICKET_0003093,STORE_05,2024-03-18 13:58:00,21.33,2,CUST_00081
TICKET_0003094,STORE_08,2024-03-10 11:37:00,16.26,2,CUST_00168
TICKET_0003095,STORE_01,2024-03-15 19:48:00,27.14,2,CUST_00238
TICKET_0003096,STORE_01,2024-02-11 18:36:00,14.3,1,CUST_00433
TICKET_0003097,STORE_06,2024-01-16 19:17:00,25.25,3,CUST_00513
TICKET_0003098,STORE_08,2024-02-16 20:15:00,13.2,1,CUST_00474
TICKET_0003099,STORE_06,2024-01-10 11:53:00,23.41,3,CUST_00606
TICKET_0003100,STORE_02,2024-02-17 12:33:00,15.0,1,CUST_00128
TICKET_0003101,STORE_08,2024-03-17 08:56:00,6.32,2,CUST_00304
TICKET_0003102,STORE_09,2024-01-24 18:01:00,22.77,4,CUST_00068
TICKET_0003103,STORE_03,2024-02-05 10:18:00,36.17,5,CUST_00455
TICKET_0003104,STORE_01,2024-01-10 19:33:00,13.49,2,CUST_00872
TICKET_0003105,STORE_03,2024-03-29 18:25:00,8.89,2,CUST_00052
TICKET_0003106,STORE_10,2024-02-11 08:50:00,15.17,2,CUST_00338
TICKET_0003107,STORE_02,2024-02-29 19:50:00,12.28,2,CUST_00597
TICKET_0003108,STORE_06,2024-01-22 13:45:00,7.75,1,CUST_00413
TICKET_0003109,STORE_10,2024-03-14 09:03:00,14.01,2,CUST_00549
TICKET_0003110,STORE_01,2024-02-15 21:12:00,6.09,1,CUST_00506
TICKET_0003111,STORE_03,2024-02-25 20:17:00,13.79,2,CUST_00951
TICKET_0003112,STORE_04,2024-02-18 07:03:00,13.67,2,CUST_00436
TICKET_0003113,STORE_08,2024-03-21 14:11:00,6.84,2,CUST_00437
TICKET_0003114,STORE_04,2024-01-08 18:23:00,9.51,1,CUST_00004
TICKET_0003115,STORE_10,2024-01-14 12:38:00,20.45,3,CUST_00202
TICKET_0003116,STORE_08,2024-01-14 20:27:00,21.48,3,CUST_00092
TICKET_0003117,STORE_05,2024-02-17 20:31:00,15.01,1,CUST_00482
TICKET_0003118,STORE_09,2024-03-03 14:28:00,13.8,2,CUST_00770
TICKET_0003119,STORE_09,2024-03-18 09:37:00,29.0,2,CUST_00332
TICKET_0003120,STORE_08,2024-01-14 13:33:00,15.03,1,CUST_00236
TICKET_0003121,STORE_06,2024-02-11 07:33:00,28.24,2,CUST_00725
TICKET_0003122,STORE_06,2024-01-17 19:21:00,6.72,1,CUST_00585
TICKET_0003123,STORE_05,2024-03-07 20:17:00,18.79,2,CUST_00749
TICKET_0003124,STORE_08,2024-02-06 15:09:00,21.52,4,CUST_00657
TICKET_0003125,STORE_01,2024-03-24 15:53:00,5.84,1,CUST_00830
TICKET_0003126,STORE_04,2024-01-11 12:48:00,8.95,1,CUST_00100
TICKET_0003127,STORE_03,2024-03-07 10:41:00,23.43,3,CUST_00999
TICKET_0003128,STORE_03,2024-03-21 13:49:00,27.03,3,CUST_00114
TICKET_0003129,STORE_02,2024-02-24 18:53:00,20.81,4,CUST_00175
TICKET_0003130,STORE_06,2024-02-24 12:54:00,6.3,1,CUST_00185
TICKET_0003131,STORE_05,2024-01-18 15:45:00,31.98,3,CUST_00640
TICKET_0003132,STORE_05,2024-03-26 11:30:00,23.69,5,CUST_00260
TICKET_0003133,STORE_07,2024-02-27 08:53:00,34.91,5,CUST_00423
TICKET_0003134,STORE_09,2024-01-20 09:03:00,13.73,2,CUST_00227
TICKET_0003135,STORE_10,2024-01-09 09:46:00,36.48,4,CUST_00027
TICKET_0003136,STORE_10,2024-03-31 15:56:00,6.94,1,CUST_00499
TICKET_0003137,STORE_02,2024-02-02 19:41:00,10.27,1,CUST_00779
TICKET_0003138,STORE_06,2024-02-12 09:36:00,25.95,3,CUST_00699
TICKET_0003139,STORE_10,2024-02-12 21:18:00,5.76,1,CUST_00203
TICKET_0003140,STORE_05,2024-02-08 16:39:00,53.84,5,CUST_00171
TICKET_0003141,STORE_08,2024-03-26 11:24:00,6.05,1,CUST_00715
TICKET_0003142,STORE_07,2024-02-23 11:25:00,13.31,1,CUST_00575
TICKET_0003143,STORE_04,2024-02-21 13:57:00,9.71,1,CUST_00578
TICKET_0003144,STORE_09,2024-03-24 19:36:00,13.09,2,CUST_00229
TICKET_0003145,STORE_05,2024-01-20 10:55:00,22.51,2,CUST_00314
TICKET_0003146,STORE_07,2024-02-28 09:18:00,22.63,2,CUST_00551
TICKET_0003147,STORE_01,2024-03-21 07:13:00,9.26,2,CUST_00914
TICKET_0003148,STORE_10,2024-03-17 21:53:00,9.46,1,CUST_00405
TICKET_0003149,STORE_07,2024-01-11 21:39:00,14.0,1,CUST_00476
TICKET_0003150,STORE_04,2024-01-18 10:03:00,2.87,1,CUST_00429
TICKET_0003151,STORE_04,2024-03-22 16:22:00,6.18,1,CUST_00137
TICKET_0003152,STORE_06,2024-01-05 14:06:00,22.82,3,CUST_00979
TICKET_0003153,STORE_09,2024-02-18 09:09:00,9.43,1,CUST_00624
TICKET_0003154,STORE_10,2024-02-19 16:27:00,18.9,3,CUST_00350
TICKET_0003155,STORE_07,2024-02-11 15:11:00,16.78,4,CUST_00242
TICKET_0003156,STORE_05,2024-02-05 21:12:00,9.02,2,CUST_00486
TICKET_0003157,STORE_03,2024-03-20 18:04:00,14.38,1,CUST_00523
TICKET_0003158,STORE_05,2024-03-02 10:41:00,10.92,2,CUST_00751
TICKET_0003159,STORE_02,2024-01-07 21:04:00,10.28,1,CUST_00265
TICKET_0003160,STORE_05,2024-02-25 09:23:00,32.68,5,CUST_00109
TICKET_0003161,STORE_04,2024-01-18 15:32:00,15.11,1,CUST_00600
TICKET_0003162,STORE_09,2024-02-06 20:31:00,11.74,2,CUST_00922
TICKET_0003163,STORE_02,2024-02-18 09:57:00,37.36,6,CUST_00939
TICKET_0003164,STORE_06,2024-03-18 16:07:00,17.26,2,CUST_00133
TICKET_0003165,STORE_09,2024-02-06 13:42:00,9.48,2,CUST_00749
TICKET_0003166,STORE_06,2024-03-16 17:11:00,25.7,4,CUST_00171
TICKET_0003167,STORE_08,2024-02-12 09:12:00,2.35,1,CUST_00002
TICKET_0003168,STORE_03,2024-01-01 19:18:00,24.75,2,CUST_00303
TICKET_0003169,STORE_06,2024-01-22 21:46:00,21.12,3,CUST_00514
TICKET_0003170,STORE_02,2024-01-13 17:04:00,18.68,2,CUST_00703
TICKET_0003171,STORE_07,2024-03-13 19:07:00,20.26,3,CUST_00829
TICKET_0003172,STORE_01,2024-03-25 10:34:00,30.82,4,CUST_00299
TICKET_0003173,STORE_01,2024-03-29 15:30:00,21.61,3,CUST_00739
TICKET_0003174,STORE_02,2024-03-21 16:10:00,39.84,4,CUST_00721
TICKET_0003175,STORE_02,2024-01-02 18:46:00,18.43,2,CUST_00223
TICKET_0003176,STORE_10,2024-01-16 09:57:00,41.43,5,CUST_00721
TICKET_0003177,STORE_03,2024-03-08 13:52:00,12.06,1,CUST_00894
TICKET_0003178,STORE_08,2024-01-01 17:15:00,14.85,1,CUST_00484
TICKET_0003179,STORE_10,2024-01-28 17:46:00,12.44,1,CUST_00791
TICKET_0003180,STORE_04,2024-03-14 20:03:00,9.06,1,CUST_00786
TICKET_0003181,STORE_09,2024-02-23 09:23:00,3.21,1,CUST_00738
TICKET_0003182,STORE_08,2024-02-04 21:09:00,16.05,2,CUST_00589
TICKET_0003183,STORE_01,2024-02-08 10:49:00,6.16,1,CUST_00766
TICKET_0003184,STORE_04,2024-03-30 15:51:00,27.16,3,CUST_00313
TICKET_0003185,STORE_02,2024-03-06 07:21:00,43.33,4,CUST_00890
TICKET_0003186,STORE_05,2024-01-07 17:09:00,37.06,3,CUST_00782
TICKET_0003187,STORE_04,2024-01-13 07:15:00,3.38,1,CUST_00463
TICKET_0003188,STORE_02,2024-02-15 15:06:00,11.72,1,CUST_00395
TICKET_0003189,STORE_03,2024-01-28 09:39:00,32.54,3,CUST_00867
TICKET_0003190,STORE_03,2024-03-28 13:31:00,3.23,1,CUST_00970
TICKET_0003191,STORE_08,2024-03-21 12:08:00,38.26,4,CUST_00644
TICKET_0003192,STORE_05,2024-01-02 12:51:00,11.41,2,CUST_00275
TICKET_0003193,STORE_01,2024-01-29 18:27:00,5.91,1,CUST_00308
TICKET_0003194,STORE_05,2024-02-16 17:49:00,17.01,2,CUST_00013
TICKET_0003195,STORE_01,2024-01-23 15:22:00,4.57,1,CUST_00440
TICKET_0003196,STORE_06,2024-03-28 17:12:00,34.65,5,CUST_00488
TICKET_0003197,STORE_02,2024-03-09 12:58:00,34.04,4,CUST_00545
TICKET_0003198,STORE_10,2024-03-31 09:58:00,21.99,2,CUST_00263
TICKET_0003199,STORE_03,2024-03-09 17:56:00,31.1,3,CUST_00895
TICKET_0003200,STORE_06,2024-01-01 07:31:00,35.81,4,CUST_00167
TICKET_0003201,STORE_02,2024-03-31 20:13:00,18.83,2,CUST_00564
TICKET_0003202,STORE_09,2024-01-25 14:18:00,4.77,1,CUST_00528
TICKET_0003203,STORE_05,2024-03-19 07:44:00,7.19,1,CUST_00564
TICKET_0003204,STORE_10,2024-02-17 07:58:00,11.64,2,CUST_00502
TICKET_0003205,STORE_10,2024-03-23 18:49:00,12.08,2,CUST_00435
TICKET_0003206,STORE_10,2024-03-05 07:16:00,22.67,2,CUST_00642
TICKET_0003207,STORE_06,2024-03-08 12:29:00,23.26,2,CUST_00503
TICKET_0003208,STORE_08,2024-03-04 16:59:00,18.18,2,CUST_00150
TICKET_0003209,STORE_04,2024-03-27 11:31:00,18.23,2,CUST_00130
TICKET_0003210,STORE_01,2024-03-05 08:49:00,12.23,1,CUST_00460
TICKET_0003211,STORE_09,2024-01-20 07:11:00,8.92,1,CUST_00081
TICKET_0003212,STORE_09,2024-02-17 19:58:00,22.6,4,CUST_00498
TICKET_0003213,STORE_01,2024-02-17 16:57:00,11.62,2,CUST_00259
TICKET_0003214,STORE_09,2024-01-27 21:31:00,11.9,1,CUST_00820
TICKET_0003215,STORE_02,2024-01-25 11:55:00,26.06,3,CUST_00194
TICKET_0003216,STORE_07,2024-02-01 11:43:00,17.66,2,CUST_00811
TICKET_0003217,STORE_02,2024-02-16 09:17:00,18.46,2,CUST_00718
TICKET_0003218,STORE_06,2024-02-24 09:31:00,27.49,3,CUST_00721
TICKET_0003219,STORE_10,2024-01-18 21:09:00,8.46,1,CUST_00329
TICKET_0003220,STORE_09,2024-02-06 07:46:00,16.22,3,CUST_00165
TICKET_0003221,STORE_04,2024-02-24 15:48:00,30.9,4,CUST_00819
TICKET_0003222,STORE_02,2024-01-21 14:15:00,8.1,1,CUST_00606
TICKET_0003223,STORE_07,2024-02-04 07:23:00,20.33,3,CUST_00126
TICKET_0003224,STORE_08,2024-01-29 19:07:00,6.25,1,CUST_00304
TICKET_0003225,STORE_02,2024-01-19 09:54:00,30.0,4,CUST_00155
TICKET_0003226,STORE_04,2024-01-10 18:55:00,16.21,2,CUST_00392
TICKET_0003227,STORE_02,2024-01-17 09:13:00,33.97,5,CUST_00155
TICKET_0003228,STORE_10,2024-03-12 12:13:00,30.41,3,CUST_00785
TICKET_0003229,STORE_01,2024-01-11 13:30:00,24.98,3,CUST_00409
TICKET_0003230,STORE_10,2024-03-01 21:49:00,7.54,2,CUST_00445
TICKET_0003231,STORE_05,2024-01-23 08:42:00,16.52,2,CUST_00206
TICKET_0003232,STORE_06,2024-01-23 15:10:00,5.02,1,CUST_00899
TICKET_0003233,STORE_07,2024-02-23 15:49:00,38.2,4,CUST_00006
TICKET_0003234,STORE_07,2024-03-26 14:33:00,10.27,1,CUST_00106
TICKET_0003235,STORE_03,2024-02-12 15:03:00,11.46,2,CUST_00383
TICKET_0003236,STORE_07,2024-02-12 18:26:00,31.88,4,CUST_00316
TICKET_0003237,STORE_10,2024-03-11 19:12:00,2.31,1,CUST_00657
TICKET_0003238,STORE_05,2024-03-09 21:42:00,37.42,5,CUST_00673
TICKET_0003239,STORE_09,2024-02-14 15:48:00,24.46,2,CUST_00129
TICKET_0003240,STORE_09,2024-03-20 20:46:00,31.57,4,CUST_00069
TICKET_0003241,STORE_08,2024-01-10 19:27:00,11.95,1,CUST_00107
TICKET_0003242,STORE_04,2024-03-02 13:56:00,17.07,2,CUST_00012
TICKET_0003243,STORE_05,2024-01-18 17:36:00,8.76,1,CUST_00718
TICKET_0003244,STORE_08,2024-02-19 17:12:00,13.62,3,CUST_00029
TICKET_0003245,STORE_07,2024-02-07 18:34:00,36.06,4,CUST_00054
TICKET_0003246,STORE_07,2024-03-27 21:03:00,10.77,2,CUST_00381
TICKET_0003247,STORE_04,2024-03-14 10:58:00,20.46,2,CUST_00829
TICKET_0003248,STORE_06,2024-02-23 10:56:00,21.26,4,CUST_00858
TICKET_0003249,STORE_04,2024-02-10 13:34:00,4.55,1,CUST_00759
TICKET_0003250,STORE_06,2024-01-24 13:23:00,24.7,4,CUST_00132
TICKET_0003251,STORE_04,2024-01-29 12:12:00,9.98,1,CUST_00173
TICKET_0003252,STORE_01,2024-03-02 09:50:00,12.83,1,CUST_00692
TICKET_0003253,STORE_08,2024-01-29 11:51:00,3.06,1,CUST_00833
TICKET_0003254,STORE_09,2024-01-25 13:39:00,14.33,2,CUST_00683
TICKET_0003255,STORE_02,2024-01-10 13:07:00,21.08,2,CUST_00632
TICKET_0003256,STORE_06,2024-02-19 14:58:00,24.21,2,CUST_00903
TICKET_0003257,STORE_02,2024-03-29 13:33:00,13.5,2,CUST_00329
TICKET_0003258,STORE_05,2024-02-19 15:39:00,8.89,1,CUST_00969
TICKET_0003259,STORE_10,2024-02-03 07:24:00,24.56,2,CUST_00954
TICKET_0003260,STORE_03,2024-02-01 15:29:00,20.34,4,CUST_00709
TICKET_0003261,STORE_05,2024-02-23 15:32:00,5.64,1,CUST_00945
TICKET_0003262,STORE_04,2024-01-08 17:23:00,12.72,1,CUST_00468
TICKET_0003263,STORE_03,2024-03-12 13:06:00,19.78,2,CUST_00634
TICKET_0003264,STORE_03,2024-02-06 10:38:00,9.68,1,CUST_00178
TICKET_0003265,STORE_05,2024-03-27 09:04:00,28.13,3,CUST_00580
TICKET_0003266,STORE_10,2024-01-06 08:35:00,13.78,2,CUST_00943
TICKET_0003267,STORE_05,2024-02-06 14:43:00,3.05,1,CUST_00987
TICKET_0003268,STORE_06,2024-01-23 17:47:00,8.36,1,CUST_00514
TICKET_0003269,STORE_04,2024-01-29 19:25:00,4.47,1,CUST_00064
TICKET_0003270,STORE_05,2024-03-16 08:04:00,26.53,4,CUST_00593
TICKET_0003271,STORE_07,2024-02-13 13:27:00,19.45,3,CUST_00619
TICKET_0003272,STORE_06,2024-02-26 19:38:00,47.48,4,CUST_00233
TICKET_0003273,STORE_06,2024-03-22 07:26:00,38.43,5,CUST_00982
TICKET_0003274,STORE_10,2024-03-08 10:07:00,9.19,2,CUST_00916
TICKET_0003275,STORE_02,2024-03-27 07:02:00,32.69,4,CUST_00870
TICKET_0003276,STORE_02,2024-03-25 09:55:00,6.55,1,CUST_00232
TICKET_0003277,STORE_02,2024-03-18 17:35:00,2.85,1,CUST_00343
TICKET_0003278,STORE_02,2024-03-11 09:15:00,29.9,5,CUST_00777
TICKET_0003279,STORE_06,2024-01-24 21:19:00,31.39,4,CUST_00497
TICKET_0003280,STORE_10,2024-01-20 17:04:00,15.26,1,CUST_00493
TICKET_0003281,STORE_07,2024-03-20 17:10:00,17.55,3,CUST_00044
TICKET_0003282,STORE_09,2024-01-10 18:52:00,29.33,4,CUST_00817
TICKET_0003283,STORE_07,2024-02-20 20:19:00,17.42,4,CUST_00438
TICKET_0003284,STORE_09,2024-02-19 09:58:00,18.59,2,CUST_00345
TICKET_0003285,STORE_03,2024-01-08 07:48:00,22.25,4,CUST_00641
TICKET_0003286,STORE_05,2024-03-24 18:58:00,2.66,1,CUST_00563
TICKET_0003287,STORE_05,2024-03-06 13:33:00,32.77,4,CUST_00235
TICKET_0003288,STORE_09,2024-01-23 07:06:00,12.85,2,CUST_00873
TICKET_0003289,STORE_06,2024-02-15 21:23:00,18.61,2,CUST_00364
TICKET_0003290,STORE_03,2024-01-02 20:36:00,29.84,4,CUST_00513
TICKET_0003291,STORE_01,2024-02-12 07:46:00,15.8,2,CUST_00284
TICKET_0003292,STORE_08,2024-01-14 15:59:00,26.11,2,CUST_00111
TICKET_0003293,STORE_03,2024-02-22 18:32:00,27.72,3,CUST_00697
TICKET_0003294,STORE_03,2024-02-16 11:46:00,12.92,2,CUST_00823
TICKET_0003295,STORE_09,2024-01-02 09:35:00,21.37,2,CUST_00064
TICKET_0003296,STORE_08,2024-03-10 12:20:00,15.55,2,CUST_00915
TICKET_0003297,STORE_04,2024-03-29 08:23:00,26.7,3,CUST_00150
TICKET_0003298,STORE_08,2024-01-12 09:23:00,23.24,3,CUST_00988
TICKET_0003299,STORE_10,2024-01-14 12:59:00,26.03,3,CUST_00835
TICKET_0003300,STORE_01,2024-01-31 20:16:00,9.54,1,CUST_00960
TICKET_0003301,STORE_01,2024-01-05 19:11:00,5.09,1,CUST_00354
TICKET_0003302,STORE_03,2024-01-07 12:26:00,39.98,4,CUST_00709
TICKET_0003303,STORE_05,2024-01-27 16:40:00,27.33,3,CUST_00721
TICKET_0003304,STORE_05,2024-01-25 08:15:00,45.43,4,CUST_00448
TICKET_0003305,STORE_04,2024-03-29 07:58:00,15.05,1,CUST_00897
TICKET_0003306,STORE_01,2024-02-03 16:24:00,14.97,1,CUST_00218
TICKET_0003307,STORE_03,2024-01-11 11:14:00,11.89,1,CUST_00663
TICKET_0003308,STORE_06,2024-03-06 15:32:00,12.16,1,CUST_00790
TICKET_0003309,STORE_08,2024-01-03 10:16:00,25.43,3,CUST_00738
TICKET_0003310,STORE_07,2024-03-24 17:04:00,8.88,1,CUST_00296
TICKET_0003311,STORE_07,2024-03-06 08:38:00,11.25,2,CUST_00361
TICKET_0003312,STORE_06,2024-02-28 10:52:00,47.05,5,CUST_00500
TICKET_0003313,STORE_02,2024-03-24 07:24:00,25.9,5,CUST_00500
TICKET_0003314,STORE_09,2024-03-30 12:58:00,11.0,2,CUST_00338
TICKET_0003315,STORE_04,2024-02-12 16:45:00,22.43,2,CUST_00850
TICKET_0003316,STORE_06,2024-02-15 16:52:00,24.51,2,CUST_00393
TICKET_0003317,STORE_09,2024-03-27 21:04:00,35.89,3,CUST_00505
TICKET_0003318,STORE_02,2024-03-30 10:54:00,4.35,1,CUST_00163
TICKET_0003319,STORE_02,2024-03-04 16:49:00,4.41,1,CUST_00205
TICKET_0003320,STORE_10,2024-01-23 10:52:00,5.81,1,CUST_00353
TICKET_0003321,STORE_10,2024-02-05 10:15:00,8.98,1,CUST_00263
TICKET_0003322,STORE_09,2024-02-23 21:22:00,5.81,1,CUST_00300
TICKET_0003323,STORE_09,2024-02-05 21:52:00,25.64,2,CUST_00474
TICKET_0003324,STORE_03,2024-01-26 21:21:00,33.53,4,CUST_00819
TICKET_0003325,STORE_04,2024-02-22 18:05:00,10.36,2,CUST_00993
TICKET_0003326,STORE_05,2024-03-05 12:43:00,34.09,4,CUST_00547
TICKET_0003327,STORE_06,2024-01-29 21:50:00,40.9,4,CUST_00986
TICKET_0003328,STORE_07,2024-01-10 20:33:00,31.68,3,CUST_00441
TICKET_0003329,STORE_07,2024-02-05 15:51:00,32.52,4,CUST_00448
TICKET_0003330,STORE_06,2024-03-01 20:21:00,23.38,4,CUST_00987
TICKET_0003331,STORE_08,2024-03-04 16:06:00,31.52,4,CUST_00424
TICKET_0003332,STORE_02,2024-02-23 14:11:00,24.74,4,CUST_00711
TICKET_0003333,STORE_04,2024-01-12 11:29:00,15.41,3,CUST_00088
TICKET_0003334,STORE_04,2024-03-08 07:30:00,8.09,1,CUST_00072
TICKET_0003335,STORE_01,2024-03-24 13:16:00,27.46,2,CUST_00336
TICKET_0003336,STORE_04,2024-02-23 17:21:00,19.93,3,CUST_00445
TICKET_0003337,STORE_10,2024-03-01 08:22:00,9.82,1,CUST_00748
TICKET_0003338,STORE_01,2024-03-06 09:54:00,32.21,4,CUST_00169
TICKET_0003339,STORE_01,2024-01-02 11:08:00,13.11,2,CUST_00267
TICKET_0003340,STORE_04,2024-02-02 19:25:00,8.34,1,CUST_00724
TICKET_0003341,STORE_10,2024-03-02 18:46:00,12.81,1,CUST_00366
TICKET_0003342,STORE_06,2024-01-19 14:45:00,20.39,2,CUST_00434
TICKET_0003343,STORE_08,2024-01-13 16:49:00,3.4,1,CUST_00167
TICKET_0003344,STORE_08,2024-03-26 18:27:00,11.54,1,CUST_00475
TICKET_0003345,STORE_10,2024-01-12 16:43:00,11.04,2,CUST_00527
TICKET_0003346,STORE_08,2024-02-05 21:17:00,6.22,1,CUST_00118
TICKET_0003347,STORE_10,2024-03-06 19:52:00,9.64,2,CUST_00442
TICKET_0003348,STORE_02,2024-01-19 09:12:00,30.37,3,CUST_00939
TICKET_0003349,STORE_08,2024-03-23 11:02:00,19.45,3,CUST_00255
TICKET_0003350,STORE_09,2024-03-11 12:37:00,2.95,1,CUST_00988
TICKET_0003351,STORE_04,2024-01-17 07:04:00,17.24,2,CUST_00481
TICKET_0003352,STORE_06,2024-02-29 17:07:00,15.87,3,CUST_00067
TICKET_0003353,STORE_10,2024-03-07 15:52:00,41.23,4,CUST_00560
TICKET_0003354,STORE_03,2024-02-20 07:28:00,19.31,2,CUST_00346
TICKET_0003355,STORE_01,2024-01-16 17:18:00,18.94,2,CUST_00758
TICKET_0003356,STORE_02,2024-02-08 16:53:00,5.79,1,CUST_00608
TICKET_0003357,STORE_03,2024-02-05 08:23:00,8.1,1,CUST_00143
TICKET_0003358,STORE_03,2024-03-20 11:18:00,28.89,3,CUST_00565
TICKET_0003359,STORE_07,2024-01-24 07:05:00,25.95,5,CUST_00979
TICKET_0003360,STORE_04,2024-01-10 15:25:00,11.32,1,CUST_00592
TICKET_0003361,STORE_06,2024-02-13 13:36:00,22.88,2,CUST_00344
TICKET_0003362,STORE_02,2024-01-24 09:43:00,18.58,2,CUST_00559
TICKET_0003363,STORE_04,2024-02-18 17:53:00,14.04,1,CUST_00563
TICKET_0003364,STORE_05,2024-02-09 15:40:00,3.05,1,CUST_00221
TICKET_0003365,STORE_08,2024-02-25 18:47:00,2.33,1,CUST_00386
TICKET_0003366,STORE_01,2024-02-17 19:46:00,3.53,1,CUST_00196
TICKET_0003367,STORE_05,2024-03-27 21:11:00,20.1,3,CUST_00141
TICKET_0003368,STORE_05,2024-03-28 20:03:00,16.74,3,CUST_00787
TICKET_0003369,STORE_01,2024-01-05 15:47:00,19.16,2,CUST_00231
TICKET_0003370,STORE_03,2024-01-03 15:33:00,5.65,1,CUST_00937
TICKET_0003371,STORE_07,2024-01-29 10:10:00,4.85,1,CUST_00729
TICKET_0003372,STORE_05,2024-03-21 13:08:00,11.24,2,CUST_00940
TICKET_0003373,STORE_03,2024-03-07 14:29:00,16.86,2,CUST_00208
TICKET_0003374,STORE_09,2024-01-21 15:37:00,21.47,2,CUST_00461
TICKET_0003375,STORE_06,2024-02-28 08:59:00,16.3,3,CUST_00945
TICKET_0003376,STORE_01,2024-01-06 21:01:00,4.98,1,CUST_00164
TICKET_0003377,STORE_06,2024-01-25 19:16:00,31.96,4,CUST_00113
TICKET_0003378,STORE_10,2024-01-10 14:27:00,18.46,2,CUST_00193
TICKET_0003379,STORE_08,2024-03-17 19:12:00,16.65,2,CUST_00650
TICKET_0003380,STORE_06,2024-02-21 21:48:00,21.78,3,CUST_00065
TICKET_0003381,STORE_01,2024-03-11 09:46:00,27.16,3,CUST_00628
TICKET_0003382,STORE_02,2024-01-22 18:20:00,4.37,1,CUST_00824
TICKET_0003383,STORE_10,2024-03-23 19:25:00,12.36,2,CUST_00110
TICKET_0003384,STORE_07,2024-02-15 09:31:00,6.02,1,CUST_00269
TICKET_0003385,STORE_03,2024-02-16 19:08:00,47.34,5,CUST_00832
TICKET_0003386,STORE_07,2024-03-08 10:07:00,9.56,2,CUST_00363
TICKET_0003387,STORE_09,2024-01-29 12:58:00,18.98,2,CUST_00697
TICKET_0003388,STORE_10,2024-01-16 08:18:00,17.2,2,CUST_00639
TICKET_0003389,STORE_07,2024-02-10 12:07:00,14.7,1,CUST_00524
TICKET_0003390,STORE_07,2024-02-03 10:40:00,39.88,4,CUST_00317
TICKET_0003391,STORE_01,2024-01-06 16:23:00,14.31,1,CUST_00401
TICKET_0003392,STORE_01,2024-02-26 12:05:00,36.44,4,CUST_00416
TICKET_0003393,STORE_10,2024-03-01 15:54:00,10.31,3,CUST_00992
TICKET_0003394,STORE_01,2024-01-12 15:51:00,12.7,2,CUST_00051
TICKET_0003395,STORE_09,2024-02-06 17:20:00,8.45,2,CUST_00866
TICKET_0003396,STORE_05,2024-02-06 19:35:00,51.86,5,CUST_00192
TICKET_0003397,STORE_03,2024-01-19 21:27:00,26.49,3,CUST_00660
TICKET_0003398,STORE_01,2024-03-28 16:46:00,18.71,2,CUST_00636
TICKET_0003399,STORE_02,2024-03-14 07:56:00,12.6,2,CUST_00034
TICKET_0003400,STORE_01,2024-01-03 12:56:00,5.97,1,CUST_00534
TICKET_0003401,STORE_01,2024-01-30 16:10:00,2.55,1,CUST_00178
TICKET_0003402,STORE_04,2024-02-02 21:35:00,4.17,1,CUST_00885
TICKET_0003403,STORE_01,2024-02-09 12:30:00,27.11,2,CUST_00231
TICKET_0003404,STORE_07,2024-01-09 20:55:00,3.37,1,CUST_00870
TICKET_0003405,STORE_05,2024-03-20 13:59:00,25.06,3,CUST_00083
TICKET_0003406,STORE_08,2024-01-26 12:39:00,6.93,1,CUST_00597
TICKET_0003407,STORE_08,2024-01-20 20:46:00,2.9,1,CUST_00670
TICKET_0003408,STORE_04,2024-01-12 17:54:00,4.28,1,CUST_00435
TICKET_0003409,STORE_02,2024-01-13 15:03:00,14.11,1,CUST_00462
TICKET_0003410,STORE_07,2024-01-25 20:11:00,24.54,2,CUST_00765
TICKET_0003411,STORE_02,2024-03-09 16:42:00,29.36,3,CUST_00551
TICKET_0003412,STORE_02,2024-02-02 10:31:00,21.41,2,CUST_00522
TICKET_0003413,STORE_03,2024-01-10 12:07:00,9.01,1,CUST_00565
TICKET_0003414,STORE_08,2024-03-19 13:52:00,27.56,3,CUST_00306
TICKET_0003415,STORE_02,2024-01-13 12:15:00,8.4,2,CUST_00248
TICKET_0003416,STORE_10,2024-02-28 09:44:00,3.47,1,CUST_00833
TICKET_0003417,STORE_03,2024-01-09 19:43:00,12.26,1,CUST_00394
TICKET_0003418,STORE_09,2024-02-25 17:25:00,13.61,4,CUST_00283
TICKET_0003419,STORE_02,2024-01-24 16:22:00,11.8,2,CUST_00942
TICKET_0003420,STORE_08,2024-02-14 20:46:00,5.58,1,CUST_00556
TICKET_0003421,STORE_05,2024-01-25 11:32:00,50.26,5,CUST_00057
TICKET_0003422,STORE_03,2024-03-05 10:30:00,22.84,3,CUST_00472
TICKET_0003423,STORE_05,2024-02-05 07:27:00,31.39,4,CUST_00464
TICKET_0003424,STORE_01,2024-03-04 10:54:00,8.72,1,CUST_00368
TICKET_0003425,STORE_04,2024-01-08 15:36:00,12.74,2,CUST_00564
TICKET_0003426,STORE_10,2024-01-31 11:22:00,7.92,1,CUST_00686
TICKET_0003427,STORE_04,2024-03-03 12:31:00,2.84,1,CUST_00230
TICKET_0003428,STORE_06,2024-03-19 08:00:00,42.91,6,CUST_00747
TICKET_0003429,STORE_06,2024-03-14 17:37:00,8.14,1,CUST_00554
TICKET_0003430,STORE_04,2024-01-06 20:34:00,18.97,2,CUST_00019
TICKET_0003431,STORE_07,2024-01-18 11:16:00,2.68,1,CUST_00870
TICKET_0003432,STORE_06,2024-02-22 14:10:00,17.99,2,CUST_00372
TICKET_0003433,STORE_08,2024-01-30 10:03:00,26.44,3,CUST_00606
TICKET_0003434,STORE_02,2024-02-21 15:16:00,9.26,1,CUST_00110
TICKET_0003435,STORE_02,2024-01-08 21:35:00,21.71,3,CUST_00956
TICKET_0003436,STORE_03,2024-01-19 21:57:00,14.18,1,CUST_00617
TICKET_0003437,STORE_09,2024-02-17 15:46:00,2.96,1,CUST_00632
TICKET_0003438,STORE_02,2024-01-19 12:53:00,5.63,2,CUST_00829
TICKET_0003439,STORE_07,2024-01-04 15:00:00,19.4,3,CUST_00488
TICKET_0003440,STORE_10,2024-01-13 17:16:00,24.94,4,CUST_00653
TICKET_0003441,STORE_10,2024-01-16 21:53:00,10.55,2,CUST_00336
TICKET_0003442,STORE_06,2024-01-27 10:57:00,16.04,3,CUST_00207
TICKET_0003443,STORE_10,2024-02-29 19:10:00,16.2,3,CUST_00651
TICKET_0003444,STORE_05,2024-01-12 08:12:00,41.05,5,CUST_00858
TICKET_0003445,STORE_02,2024-01-27 08:11:00,20.91,3,CUST_00828
TICKET_0003446,STORE_07,2024-02-17 10:58:00,10.95,2,CUST_00742
TICKET_0003447,STORE_05,2024-02-24 17:43:00,27.44,2,CUST_00084
TICKET_0003448,STORE_04,2024-01-01 11:11:00,14.12,3,CUST_00343
TICKET_0003449,STORE_03,2024-03-22 10:55:00,17.78,2,CUST_00189
TICKET_0003450,STORE_03,2024-02-19 21:02:00,38.45,3,CUST_00369
TICKET_0003451,STORE_04,2024-03-04 20:33:00,14.28,1,CUST_00135
TICKET_0003452,STORE_09,2024-03-27 09:33:00,20.18,2,CUST_00263
TICKET_0003453,STORE_03,2024-03-20 18:27:00,29.48,3,CUST_00315
TICKET_0003454,STORE_09,2024-02-13 14:11:00,12.56,1,CUST_00630
TICKET_0003455,STORE_08,2024-03-08 09:56:00,39.56,3,CUST_00104
TICKET_0003456,STORE_03,2024-01-02 17:31:00,8.95,2,CUST_00973
TICKET_0003457,STORE_08,2024-03-25 10:52:00,39.59,3,CUST_00714
TICKET_0003458,STORE_10,2024-02-10 08:24:00,7.05,1,CUST_00050
TICKET_0003459,STORE_01,2024-03-02 18:41:00,19.46,2,CUST_00818
TICKET_0003460,STORE_03,2024-03-21 20:44:00,9.71,1,CUST_00153
TICKET_0003461,STORE_02,2024-02-03 18:50:00,17.99,2,CUST_00901
TICKET_0003462,STORE_05,2024-02-26 13:15:00,37.77,4,CUST_00976
TICKET_0003463,STORE_03,2024-01-18 08:24:00,3.19,1,CUST_00478
TICKET_0003464,STORE_05,2024-02-27 08:56:00,3.24,1,CUST_00701
TICKET_0003465,STORE_02,2024-02-18 20:07:00,27.6,4,CUST_00773
TICKET_0003466,STORE_01,2024-02-20 08:45:00,8.77,1,CUST_00949
TICKET_0003467,STORE_06,2024-01-12 14:22:00,27.64,4,CUST_00183
TICKET_0003468,STORE_05,2024-03-05 08:31:00,8.75,1,CUST_00430
TICKET_0003469,STORE_09,2024-03-30 07:00:00,31.84,4,CUST_00455
TICKET_0003470,STORE_02,2024-01-20 14:58:00,18.16,2,CUST_00435
TICKET_0003471,STORE_02,2024-02-12 20:13:00,9.85,1,CUST_00599
TICKET_0003472,STORE_07,2024-03-02 20:40:00,13.86,1,CUST_00732
TICKET_0003473,STORE_06,2024-03-13 11:04:00,30.84,5,CUST_00777
TICKET_0003474,STORE_09,2024-02-08 07:34:00,16.21,3,CUST_00431
TICKET_0003475,STORE_09,2024-02-17 13:40:00,25.95,5,CUST_00884
TICKET_0003476,STORE_06,2024-01-09 11:42:00,5.61,1,CUST_00962
TICKET_0003477,STORE_03,2024-02-12 14:38:00,20.57,2,CUST_00078
TICKET_0003478,STORE_10,2024-03-11 20:53:00,8.87,2,CUST_00220
TICKET_0003479,STORE_09,2024-03-10 14:44:00,32.11,3,CUST_00911
TICKET_0003480,STORE_09,2024-01-16 18:11:00,3.19,1,CUST_00206
TICKET_0003481,STORE_10,2024-02-22 21:39:00,16.26,3,CUST_00470
TICKET_0003482,STORE_03,2024-03-24 20:11:00,11.98,1,CUST_00245
TICKET_0003483,STORE_10,2024-01-27 08:11:00,8.66,2,CUST_00791
TICKET_0003484,STORE_06,2024-03-06 12:23:00,13.96,3,CUST_00207
TICKET_0003485,STORE_05,2024-02-18 12:44:00,2.26,1,CUST_00928
TICKET_0003486,STORE_09,2024-03-23 19:11:00,23.18,3,CUST_00244
TICKET_0003487,STORE_10,2024-02-27 14:31:00,34.53,3,CUST_00855
TICKET_0003488,STORE_02,2024-01-28 09:40:00,24.39,3,CUST_00217
TICKET_0003489,STORE_08,2024-03-29 10:12:00,51.98,6,CUST_00631
TICKET_0003490,STORE_03,2024-02-05 17:48:00,5.97,1,CUST_00872
TICKET_0003491,STORE_07,2024-02-16 12:15:00,20.74,4,CUST_00987
TICKET_0003492,STORE_05,2024-03-27 08:45:00,27.36,3,CUST_00898
TICKET_0003493,STORE_07,2024-03-03 18:38:00,32.79,6,CUST_00235
TICKET_0003494,STORE_08,2024-02-17 16:53:00,8.27,2,CUST_00484
TICKET_0003495,STORE_02,2024-02-03 18:24:00,4.62,1,CUST_00833
TICKET_0003496,STORE_05,2024-02-06 13:33:00,9.28,2,CUST_00826
TICKET_0003497,STORE_05,2024-03-29 13:52:00,46.82,5,CUST_00315
TICKET_0003498,STORE_08,2024-01-12 21:35:00,18.6,2,CUST_00021
TICKET_0003499,STORE_04,2024-03-22 11:14:00,14.4,2,CUST_00751
TICKET_0003500,STORE_06,2024-02-07 11:43:00,16.8,2,CUST_00445
TICKET_0003501,STORE_04,2024-01-14 16:59:00,14.96,3,CUST_00401
TICKET_0003502,STORE_06,2024-01-11 13:48:00,28.67,3,CUST_00266
TICKET_0003503,STORE_06,2024-01-03 21:00:00,15.81,3,CUST_00450
TICKET_0003504,STORE_06,2024-03-03 09:44:00,30.62,3,CUST_00104
TICKET_0003505,STORE_08,2024-03-08 09:27:00,8.53,2,CUST_00034
TICKET_0003506,STORE_05,2024-02-27 10:25:00,2.69,1,CUST_00927
TICKET_0003507,STORE_01,2024-01-06 09:49:00,4.91,1,CUST_00995
TICKET_0003508,STORE_09,2024-01-12 15:16:00,9.25,1,CUST_00097
TICKET_0003509,STORE_08,2024-03-05 18:45:00,22.65,2,CUST_00299
TICKET_0003510,STORE_06,2024-03-07 21:34:00,26.55,4,CUST_00756
TICKET_0003511,STORE_01,2024-03-26 11:55:00,15.87,3,CUST_00080
TICKET_0003512,STORE_08,2024-02-24 07:27:00,36.09,3,CUST_00911
TICKET_0003513,STORE_05,2024-02-10 20:40:00,26.08,2,CUST_00749
TICKET_0003514,STORE_01,2024-02-15 18:21:00,9.7,1,CUST_00625
TICKET_0003515,STORE_06,2024-03-24 09:18:00,21.29,3,CUST_00735
TICKET_0003516,STORE_04,2024-01-28 12:15:00,10.29,1,CUST_00737
TICKET_0003517,STORE_09,2024-03-20 11:13:00,4.67,1,CUST_00238
TICKET_0003518,STORE_09,2024-03-18 14:11:00,21.27,3,CUST_00226
TICKET_0003519,STORE_10,2024-03-29 08:40:00,33.99,5,CUST_00519
TICKET_0003520,STORE_02,2024-02-24 15:33:00,8.21,1,CUST_00886
TICKET_0003521,STORE_01,2024-01-25 07:50:00,37.29,4,CUST_00109
TICKET_0003522,STORE_02,2024-01-07 19:00:00,16.78,2,CUST_00646
TICKET_0003523,STORE_10,2024-03-11 08:53:00,4.91,1,CUST_00924
TICKET_0003524,STORE_05,2024-03-01 14:39:00,6.0,1,CUST_00106
TICKET_0003525,STORE_09,2024-01-09 08:59:00,16.17,2,CUST_00034
TICKET_0003526,STORE_05,2024-03-20 12:06:00,14.62,2,CUST_00638
TICKET_0003527,STORE_04,2024-02-21 12:46:00,13.77,1,CUST_00015
TICKET_0003528,STORE_02,2024-03-20 16:43:00,9.27,1,CUST_00401
TICKET_0003529,STORE_06,2024-01-06 07:17:00,4.77,2,CUST_00397
TICKET_0003530,STORE_05,2024-01-17 12:38:00,13.71,2,CUST_00663
TICKET_0003531,STORE_06,2024-02-13 08:45:00,6.65,1,CUST_00836
TICKET_0003532,STORE_03,2024-03-26 10:14:00,20.78,2,CUST_00572
TICKET_0003533,STORE_06,2024-03-10 12:30:00,32.01,4,CUST_00817
TICKET_0003534,STORE_04,2024-02-28 20:22:00,19.96,2,CUST_00014
TICKET_0003535,STORE_10,2024-03-25 12:26:00,22.81,2,CUST_00040
TICKET_0003536,STORE_07,2024-01-03 21:25:00,20.54,3,CUST_00855
TICKET_0003537,STORE_01,2024-02-08 14:45:00,2.33,1,CUST_00862
TICKET_0003538,STORE_06,2024-02-18 08:50:00,19.1,4,CUST_00996
TICKET_0003539,STORE_06,2024-01-30 07:57:00,22.47,2,CUST_00590
TICKET_0003540,STORE_04,2024-03-20 11:37:00,9.21,1,CUST_00106
TICKET_0003541,STORE_01,2024-02-09 15:29:00,16.58,2,CUST_00814
TICKET_0003542,STORE_06,2024-03-06 15:44:00,47.18,5,CUST_00036
TICKET_0003543,STORE_09,2024-01-05 10:11:00,25.87,3,CUST_00378
TICKET_0003544,STORE_09,2024-03-02 13:10:00,21.73,2,CUST_00572
TICKET_0003545,STORE_05,2024-02-27 21:26:00,5.85,1,CUST_00987
TICKET_0003546,STORE_08,2024-01-10 18:41:00,2.91,1,CUST_00583
TICKET_0003547,STORE_05,2024-03-30 07:42:00,19.08,2,CUST_00441
TICKET_0003548,STORE_08,2024-01-16 15:16:00,8.69,1,CUST_00814
TICKET_0003549,STORE_02,2024-02-12 19:51:00,21.48,3,CUST_00794
TICKET_0003550,STORE_02,2024-01-26 10:31:00,14.02,1,CUST_00251
TICKET_0003551,STORE_09,2024-01-18 12:09:00,17.99,2,CUST_00571
TICKET_0003552,STORE_06,2024-02-12 14:28:00,17.52,2,CUST_00321
TICKET_0003553,STORE_09,2024-03-18 17:49:00,9.21,2,CUST_00158
TICKET_0003554,STORE_05,2024-01-18 11:45:00,37.35,4,CUST_00519
TICKET_0003555,STORE_07,2024-02-06 21:10:00,52.34,6,CUST_00133
TICKET_0003556,STORE_08,2024-01-11 17:59:00,4.42,1,CUST_00185
TICKET_0003557,STORE_10,2024-03-25 21:00:00,28.91,4,CUST_00270
TICKET_0003558,STORE_03,2024-02-14 07:22:00,6.27,2,CUST_00621
TICKET_0003559,STORE_06,2024-02-24 19:48:00,23.62,3,CUST_00915
TICKET_0003560,STORE_09,2024-01-09 12:40:00,53.51,6,CUST_00418
TICKET_0003561,STORE_08,2024-01-04 13:04:00,27.09,4,CUST_00111
TICKET_0003562,STORE_10,2024-02-27 10:56:00,5.06,1,CUST_00238
TICKET_0003563,STORE_01,2024-03-09 21:12:00,28.27,3,CUST_00993
TICKET_0003564,STORE_04,2024-01-31 15:46:00,4.43,1,CUST_00789
TICKET_0003565,STORE_10,2024-02-07 18:41:00,31.57,5,CUST_00149
TICKET_0003566,STORE_02,2024-01-04 13:54:00,28.82,3,CUST_00749
TICKET_0003567,STORE_04,2024-02-28 09:10:00,25.46,3,CUST_00038
TICKET_0003568,STORE_04,2024-03-22 16:00:00,12.8,2,CUST_00089
TICKET_0003569,STORE_01,2024-03-26 13:11:00,12.78,1,CUST_00237
TICKET_0003570,STORE_02,2024-01-16 10:02:00,14.81,1,CUST_00307
TICKET_0003571,STORE_02,2024-02-09 17:24:00,13.25,1,CUST_00108
TICKET_0003572,STORE_06,2024-01-17 21:52:00,21.32,4,CUST_00997
TICKET_0003573,STORE_08,2024-03-23 17:00:00,41.78,4,CUST_00348
TICKET_0003574,STORE_08,2024-02-02 14:38:00,12.66,2,CUST_00812
TICKET_0003575,STORE_07,2024-02-19 10:43:00,14.82,3,CUST_00470
TICKET_0003576,STORE_07,2024-01-04 16:53:00,34.82,5,CUST_00283
TICKET_0003577,STORE_10,2024-02-01 15:16:00,6.87,2,CUST_00472
TICKET_0003578,STORE_04,2024-02-06 19:02:00,21.02,2,CUST_00851
TICKET_0003579,STORE_01,2024-02-21 21:05:00,13.99,2,CUST_00249
TICKET_0003580,STORE_06,2024-01-03 10:49:00,21.2,2,CUST_00742
TICKET_0003581,STORE_03,2024-02-13 20:00:00,46.57,4,CUST_00684
TICKET_0003582,STORE_08,2024-03-21 07:09:00,19.19,3,CUST_00338
TICKET_0003583,STORE_04,2024-02-04 21:53:00,45.49,5,CUST_00186
TICKET_0003584,STORE_10,2024-01-05 11:06:00,7.03,2,CUST_00238
TICKET_0003585,STORE_04,2024-01-30 11:53:00,9.43,1,CUST_00443
TICKET_0003586,STORE_08,2024-01-19 21:25:00,10.05,1,CUST_00161
TICKET_0003587,STORE_07,2024-03-23 15:14:00,23.45,2,CUST_00089
TICKET_0003588,STORE_03,2024-01-20 12:55:00,28.55,2,CUST_00298
TICKET_0003589,STORE_01,2024-01-02 16:51:00,8.54,2,CUST_00363
TICKET_0003590,STORE_05,2024-03-14 14:34:00,15.96,2,CUST_00078
TICKET_0003591,STORE_01,2024-03-17 08:26:00,9.76,1,CUST_00435
TICKET_0003592,STORE_01,2024-02-29 16:12:00,25.8,3,CUST_00713
TICKET_0003593,STORE_10,2024-01-21 08:25:00,37.76,4,CUST_00176
TICKET_0003594,STORE_05,2024-02-09 18:52:00,28.04,3,CUST_00678
TICKET_0003595,STORE_05,2024-03-03 14:34:00,31.53,4,CUST_00039
TICKET_0003596,STORE_06,2024-03-07 07:54:00,32.82,4,CUST_00428
TICKET_0003597,STORE_07,2024-02-26 07:57:00,45.26,5,CUST_00420
TICKET_0003598,STORE_07,2024-03-19 08:12:00,14.98,3,CUST_00270
TICKET_0003599,STORE_09,2024-03-30 15:18:00,45.04,5,CUST_00969
TICKET_0003600,STORE_08,2024-02-01 11:18:00,11.78,2,CUST_00534
TICKET_0003601,STORE_08,2024-02-27 19:27:00,7.42,2,CUST_00720
TICKET_0003602,STORE_09,2024-03-24 20:38:00,12.28,1,CUST_00633
TICKET_0003603,STORE_06,2024-01-04 19:02:00,36.15,5,CUST_00573
TICKET_0003604,STORE_07,2024-01-18 18:02:00,11.35,1,CUST_00974
TICKET_0003605,STORE_02,2024-03-16 14:51:00,9.34,2,CUST_00512
TICKET_0003606,STORE_05,2024-02-16 17:08:00,21.12,2,CUST_00673
TICKET_0003607,STORE_10,2024-03-28 11:11:00,14.57,2,CUST_00330
TICKET_0003608,STORE_04,2024-01-20 17:55:00,11.45,2,CUST_00062
TICKET_0003609,STORE_10,2024-01-14 12:57:00,13.28,3,CUST_00764
TICKET_0003610,STORE_02,2024-02-16 15:00:00,27.12,3,CUST_00782
TICKET_0003611,STORE_01,2024-01-22 07:48:00,6.94,1,CUST_00366
TICKET_0003612,STORE_01,2024-03-06 20:18:00,6.29,1,CUST_00462
TICKET_0003613,STORE_02,2024-02-04 20:06:00,9.5,2,CUST_00685
TICKET_0003614,STORE_09,2024-03-05 17:28:00,9.67,1,CUST_00259
TICKET_0003615,STORE_03,2024-01-16 20:21:00,32.53,4,CUST_00306
TICKET_0003616,STORE_03,2024-01-26 16:43:00,4.74,1,CUST_00234
TICKET_0003617,STORE_10,2024-03-16 16:44:00,29.55,3,CUST_00380
TICKET_0003618,STORE_06,2024-02-29 21:09:00,14.64,2,CUST_00299
TICKET_0003619,STORE_02,2024-01-18 08:20:00,18.07,2,CUST_00992
TICKET_0003620,STORE_04,2024-03-13 12:31:00,7.89,1,CUST_00833
TICKET_0003621,STORE_03,2024-01-27 19:26:00,15.69,2,CUST_00845
TICKET_0003622,STORE_02,2024-03-05 19:48:00,27.67,4,CUST_00899
TICKET_0003623,STORE_07,2024-03-25 12:25:00,49.11,4,CUST_00803
TICKET_0003624,STORE_01,2024-03-05 12:56:00,7.57,1,CUST_00886
TICKET_0003625,STORE_07,2024-02-16 08:25:00,42.24,4,CUST_00631
TICKET_0003626,STORE_05,2024-02-08 18:30:00,14.24,2,CUST_00469
TICKET_0003627,STORE_02,2024-03-01 12:45:00,13.75,3,CUST_00963
TICKET_0003628,STORE_02,2024-03-02 19:26:00,28.29,3,CUST_00088
TICKET_0003629,STORE_10,2024-02-02 14:10:00,16.42,2,CUST_00743
TICKET_0003630,STORE_09,2024-01-04 21:01:00,25.05,3,CUST_00626
TICKET_0003631,STORE_01,2024-01-10 19:09:00,19.37,2,CUST_00396
TICKET_0003632,STORE_05,2024-02-19 15:53:00,4.83,1,CUST_00149
TICKET_0003633,STORE_05,2024-03-10 14:22:00,12.82,2,CUST_00353
TICKET_0003634,STORE_04,2024-01-22 11:25:00,20.56,2,CUST_00404
TICKET_0003635,STORE_03,2024-03-30 16:33:00,27.36,3,CUST_00383
TICKET_0003636,STORE_10,2024-01-16 09:29:00,10.6,2,CUST_00412
TICKET_0003637,STORE_01,2024-01-08 20:30:00,39.18,5,CUST_00006
TICKET_0003638,STORE_03,2024-01-31 11:33:00,20.85,2,CUST_00676
TICKET_0003639,STORE_05,2024-02-27 08:33:00,31.27,4,CUST_00525
TICKET_0003640,STORE_06,2024-03-28 18:10:00,27.65,3,CUST_00688
TICKET_0003641,STORE_06,2024-02-18 21:59:00,30.07,4,CUST_00387
TICKET_0003642,STORE_03,2024-03-05 15:59:00,19.39,2,CUST_00163
TICKET_0003643,STORE_01,2024-01-26 11:25:00,22.07,2,CUST_00439
TICKET_0003644,STORE_04,2024-01-11 07:29:00,14.25,1,CUST_00674
TICKET_0003645,STORE_05,2024-03-11 09:37:00,16.78,3,CUST_00657
TICKET_0003646,STORE_06,2024-02-26 07:34:00,13.32,1,CUST_00836
TICKET_0003647,STORE_09,2024-01-31 07:35:00,14.43,1,CUST_00096
TICKET_0003648,STORE_02,2024-02-16 18:35:00,30.39,3,CUST_00698
TICKET_0003649,STORE_05,2024-03-08 16:30:00,28.23,4,CUST_00059
TICKET_0003650,STORE_04,2024-02-01 13:46:00,6.84,1,CUST_00135
TICKET_0003651,STORE_04,2024-03-03 16:52:00,7.66,1,CUST_00203
TICKET_0003652,STORE_06,2024-01-14 14:20:00,6.45,2,CUST_00161
TICKET_0003653,STORE_07,2024-03-14 20:39:00,19.48,3,CUST_00235
TICKET_0003654,STORE_04,2024-01-24 09:47:00,12.7,1,CUST_00680
TICKET_0003655,STORE_02,2024-03-22 13:25:00,46.17,4,CUST_00448
TICKET_0003656,STORE_02,2024-02-04 09:22:00,3.69,1,CUST_00489
TICKET_0003657,STORE_08,2024-01-08 21:34:00,19.99,2,CUST_00823
TICKET_0003658,STORE_06,2024-01-06 15:40:00,5.11,2,CUST_00591
TICKET_0003659,STORE_06,2024-03-31 15:34:00,25.76,4,CUST_00698
TICKET_0003660,STORE_06,2024-03-02 19:30:00,27.23,2,CUST_00148
TICKET_0003661,STORE_01,2024-01-31 09:51:00,6.1,1,CUST_00675
TICKET_0003662,STORE_02,2024-02-01 15:13:00,34.39,4,CUST_00967
TICKET_0003663,STORE_05,2024-03-26 15:15:00,36.49,4,CUST_00981
TICKET_0003664,STORE_06,2024-01-15 10:58:00,7.39,2,CUST_00902
TICKET_0003665,STORE_09,2024-03-06 13:24:00,16.81,2,CUST_00568
TICKET_0003666,STORE_04,2024-02-28 19:33:00,6.66,2,CUST_00394
TICKET_0003667,STORE_06,2024-03-28 20:40:00,52.98,6,CUST_00127
TICKET_0003668,STORE_03,2024-03-29 12:58:00,10.45,1,CUST_00227
TICKET_0003669,STORE_08,2024-03-23 15:12:00,18.55,2,CUST_00836
TICKET_0003670,STORE_09,2024-03-13 19:15:00,16.7,2,CUST_00723
TICKET_0003671,STORE_10,2024-02-07 08:00:00,32.7,3,CUST_00024
TICKET_0003672,STORE_04,2024-02-25 10:38:00,9.29,1,CUST_00458
TICKET_0003673,STORE_09,2024-02-23 09:41:00,15.68,2,CUST_00755
TICKET_0003674,STORE_01,2024-01-12 17:56:00,3.35,1,CUST_00422
TICKET_0003675,STORE_05,2024-03-10 13:41:00,46.5,5,CUST_00382
TICKET_0003676,STORE_03,2024-02-24 10:01:00,12.05,2,CUST_00968
TICKET_0003677,STORE_05,2024-02-14 20:25:00,19.8,2,CUST_00408
TICKET_0003678,STORE_05,2024-03-10 18:24:00,35.18,4,CUST_00314
TICKET_0003679,STORE_04,2024-02-14 17:19:00,20.93,3,CUST_00210
TICKET_0003680,STORE_05,2024-03-25 14:46:00,12.03,1,CUST_00010
TICKET_0003681,STORE_06,2024-01-28 18:06:00,4.62,1,CUST_00064
TICKET_0003682,STORE_07,2024-03-16 15:15:00,9.18,1,CUST_00814
TICKET_0003683,STORE_10,2024-01-15 14:03:00,23.48,3,CUST_00236
TICKET_0003684,STORE_07,2024-01-04 15:02:00,9.7,1,CUST_00062
TICKET_0003685,STORE_06,2024-02-16 07:38:00,14.77,1,CUST_00161
TICKET_0003686,STORE_06,2024-03-03 20:27:00,22.22,3,CUST_00513
TICKET_0003687,STORE_05,2024-03-20 07:13:00,24.47,4,CUST_00573
TICKET_0003688,STORE_01,2024-03-23 21:50:00,14.1,2,CUST_00624
TICKET_0003689,STORE_03,2024-01-03 21:21:00,2.49,1,CUST_00231
TICKET_0003690,STORE_09,2024-01-03 13:09:00,6.53,1,CUST_00308
TICKET_0003691,STORE_01,2024-03-18 08:02:00,8.92,1,CUST_00404
TICKET_0003692,STORE_02,2024-01-15 13:05:00,14.3,2,CUST_00782
TICKET_0003693,STORE_08,2024-03-10 21:37:00,8.31,2,CUST_00337
TICKET_0003694,STORE_06,2024-01-30 18:09:00,27.48,2,CUST_00030
TICKET_0003695,STORE_10,2024-02-24 09:00:00,2.64,1,CUST_00522
TICKET_0003696,STORE_06,2024-03-08 20:59:00,8.42,2,CUST_00785
TICKET_0003697,STORE_01,2024-03-06 10:55:00,6.71,1,CUST_00965
TICKET_0003698,STORE_02,2024-01-28 19:53:00,33.27,4,CUST_00233
TICKET_0003699,STORE_09,2024-01-14 20:51:00,15.82,3,CUST_00337
TICKET_0003700,STORE_08,2024-01-13 08:16:00,2.39,1,CUST_00473
TICKET_0003701,STORE_07,2024-03-22 13:16:00,12.93,2,CUST_00100
TICKET_0003702,STORE_10,2024-01-09 15:47:00,5.09,1,CUST_00366
TICKET_0003703,STORE_06,2024-01-07 21:16:00,12.48,2,CUST_00686
TICKET_0003704,STORE_03,2024-01-06 11:31:00,11.34,1,CUST_00821
TICKET_0003705,STORE_01,2024-01-20 14:12:00,11.06,2,CUST_00843
TICKET_0003706,STORE_10,2024-03-16 14:18:00,20.56,2,CUST_00561
TICKET_0003707,STORE_09,2024-01-29 20:19:00,52.58,5,CUST_00428
TICKET_0003708,STORE_09,2024-02-18 10:41:00,4.66,1,CUST_00010
TICKET_0003709,STORE_01,2024-01-22 20:46:00,20.68,2,CUST_00002
TICKET_0003710,STORE_06,2024-02-10 07:32:00,28.91,4,CUST_00939
TICKET_0003711,STORE_04,2024-03-06 07:14:00,3.21,1,CUST_00544
TICKET_0003712,STORE_03,2024-02-20 12:02:00,11.88,2,CUST_00516
TICKET_0003713,STORE_01,2024-03-14 13:01:00,9.27,1,CUST_00945
TICKET_0003714,STORE_01,2024-03-31 09:30:00,3.0,1,CUST_00723
TICKET_0003715,STORE_06,2024-03-17 18:34:00,8.69,2,CUST_00199
TICKET_0003716,STORE_06,2024-02-28 10:25:00,26.1,2,CUST_00435
TICKET_0003717,STORE_02,2024-03-20 09:21:00,9.74,1,CUST_00121
TICKET_0003718,STORE_05,2024-02-08 08:27:00,31.85,4,CUST_00058
TICKET_0003719,STORE_03,2024-02-13 14:51:00,20.11,2,CUST_00761
TICKET_0003720,STORE_04,2024-03-01 19:06:00,9.76,1,CUST_00718
TICKET_0003721,STORE_08,2024-02-14 18:54:00,5.47,2,CUST_00860
TICKET_0003722,STORE_01,2024-03-17 07:33:00,13.49,2,CUST_00674
TICKET_0003723,STORE_01,2024-01-19 17:07:00,8.94,1,CUST_00429
TICKET_0003724,STORE_04,2024-01-11 09:05:00,9.02,1,CUST_00234
TICKET_0003725,STORE_05,2024-01-14 20:49:00,6.09,1,CUST_00308
TICKET_0003726,STORE_08,2024-03-14 07:12:00,18.62,2,CUST_00167
TICKET_0003727,STORE_01,2024-03-26 08:39:00,14.93,1,CUST_00002
TICKET_0003728,STORE_02,2024-03-23 16:15:00,13.69,2,CUST_00358
TICKET_0003729,STORE_02,2024-02-15 21:03:00,11.5,2,CUST_00307
TICKET_0003730,STORE_07,2024-02-06 17:04:00,16.9,2,CUST_00649
TICKET_0003731,STORE_04,2024-02-03 16:04:00,6.89,1,CUST_00553
TICKET_0003732,STORE_09,2024-03-03 10:41:00,13.23,2,CUST_00895
TICKET_0003733,STORE_04,2024-03-21 10:32:00,14.98,2,CUST_00793
TICKET_0003734,STORE_04,2024-01-12 15:00:00,8.73,1,CUST_00322
TICKET_0003735,STORE_08,2024-02-02 20:50:00,16.93,2,CUST_00822
TICKET_0003736,STORE_04,2024-03-01 17:51:00,8.57,1,CUST_00210
TICKET_0003737,STORE_08,2024-03-10 16:26:00,9.65,1,CUST_00091
TICKET_0003738,STORE_06,2024-02-10 11:09:00,40.42,5,CUST_00315
TICKET_0003739,STORE_04,2024-01-13 13:07:00,27.44,4,CUST_00996
TICKET_0003740,STORE_03,2024-01-23 13:19:00,21.11,3,CUST_00388
TICKET_0003741,STORE_10,2024-01-14 13:44:00,8.21,1,CUST_00025
TICKET_0003742,STORE_10,2024-01-20 17:34:00,12.41,2,CUST_00879
TICKET_0003743,STORE_09,2024-03-19 20:25:00,7.4,1,CUST_00872
TICKET_0003744,STORE_05,2024-02-23 14:21:00,37.57,3,CUST_00133
TICKET_0003745,STORE_08,2024-02-03 17:09:00,4.5,1,CUST_00154
TICKET_0003746,STORE_06,2024-03-19 15:02:00,36.21,5,CUST_00661
TICKET_0003747,STORE_08,2024-03-02 10:28:00,14.34,2,CUST_00346
TICKET_0003748,STORE_06,2024-02-14 15:26:00,37.25,6,CUST_00113
TICKET_0003749,STORE_06,2024-03-21 09:22:00,15.3,2,CUST_00768
TICKET_0003750,STORE_02,2024-02-03 10:27:00,5.18,1,CUST_00704
TICKET_0003751,STORE_07,2024-02-22 07:11:00,5.98,1,CUST_00948
TICKET_0003752,STORE_02,2024-03-01 14:33:00,11.12,2,CUST_00401
TICKET_0003753,STORE_07,2024-03-19 07:23:00,17.5,3,CUST_00930
TICKET_0003754,STORE_10,2024-03-16 11:51:00,11.58,2,CUST_00524
TICKET_0003755,STORE_03,2024-01-14 18:23:00,14.25,1,CUST_00920
TICKET_0003756,STORE_02,2024-02-12 21:51:00,6.17,2,CUST_00572
TICKET_0003757,STORE_08,2024-01-15 11:45:00,8.82,1,CUST_00568
TICKET_0003758,STORE_10,2024-03-12 09:18:00,36.71,5,CUST_00341
TICKET_0003759,STORE_02,2024-03-27 10:03:00,14.13,2,CUST_00336
TICKET_0003760,STORE_06,2024-01-17 08:42:00,12.57,2,CUST_00851
TICKET_0003761,STORE_05,2024-02-27 21:18:00,2.66,1,CUST_00768
TICKET_0003762,STORE_07,2024-03-26 20:03:00,2.33,1,CUST_00274
TICKET_0003763,STORE_10,2024-01-25 09:44:00,29.55,3,CUST_00056
TICKET_0003764,STORE_05,2024-02-28 18:19:00,32.74,4,CUST_00292
TICKET_0003765,STORE_02,2024-02-08 18:19:00,29.87,3,CUST_00489
TICKET_0003766,STORE_03,2024-01-24 07:24:00,42.3,4,CUST_00284
TICKET_0003767,STORE_05,2024-02-09 13:34:00,44.06,5,CUST_00508
TICKET_0003768,STORE_04,2024-03-26 16:06:00,3.46,1,CUST_00554
TICKET_0003769,STORE_10,2024-01-09 21:13:00,30.96,3,CUST_00031
TICKET_0003770,STORE_01,2024-03-01 18:46:00,14.9,1,CUST_00107
TICKET_0003771,STORE_03,2024-01-06 21:02:00,6.02,1,CUST_00383
TICKET_0003772,STORE_10,2024-01-29 14:57:00,18.09,2,CUST_00330
TICKET_0003773,STORE_04,2024-02-09 15:08:00,10.4,2,CUST_00429
TICKET_0003774,STORE_04,2024-03-27 19:28:00,2.94,1,CUST_00583
TICKET_0003775,STORE_07,2024-02-16 16:03:00,12.21,1,CUST_00322
TICKET_0003776,STORE_04,2024-02-19 08:14:00,9.15,1,CUST_00731
TICKET_0003777,STORE_04,2024-03-24 16:26:00,5.99,1,CUST_00221
TICKET_0003778,STORE_05,2024-01-15 10:09:00,19.82,2,CUST_00839
TICKET_0003779,STORE_08,2024-01-25 11:42:00,45.67,5,CUST_00314
TICKET_0003780,STORE_08,2024-03-21 07:10:00,19.88,4,CUST_00550
TICKET_0003781,STORE_09,2024-03-13 10:55:00,9.65,1,CUST_00808
TICKET_0003782,STORE_07,2024-03-27 19:21:00,21.42,4,CUST_00545
TICKET_0003783,STORE_02,2024-03-07 09:57:00,17.84,3,CUST_00660
TICKET_0003784,STORE_01,2024-01-31 13:23:00,3.57,1,CUST_00401
TICKET_0003785,STORE_08,2024-01-31 11:18:00,10.22,2,CUST_00419
TICKET_0003786,STORE_10,2024-02-28 20:43:00,8.84,2,CUST_00361
TICKET_0003787,STORE_05,2024-02-14 14:10:00,25.52,4,CUST_00888
TICKET_0003788,STORE_01,2024-01-05 21:51:00,15.09,2,CUST_00308
TICKET_0003789,STORE_10,2024-02-09 19:34:00,13.52,2,CUST_00656
TICKET_0003790,STORE_08,2024-03-08 08:09:00,2.68,1,CUST_00598
TICKET_0003791,STORE_09,2024-03-31 15:09:00,23.54,4,CUST_00341
TICKET_0003792,STORE_06,2024-02-25 09:47:00,30.85,5,CUST_00881
TICKET_0003793,STORE_05,2024-02-25 12:46:00,6.0,1,CUST_00114
TICKET_0003794,STORE_06,2024-03-31 18:27:00,15.92,2,CUST_00388
TICKET_0003795,STORE_04,2024-03-09 14:08:00,21.29,2,CUST_00517
TICKET_0003796,STORE_04,2024-02-10 07:08:00,9.15,1,CUST_00702
TICKET_0003797,STORE_08,2024-03-19 07:58:00,21.63,2,CUST_00468
TICKET_0003798,STORE_01,2024-02-27 21:47:00,10.43,1,CUST_00848
TICKET_0003799,STORE_06,2024-03-19 20:29:00,31.23,4,CUST_00386
TICKET_0003800,STORE_10,2024-02-14 19:25:00,50.8,5,CUST_00708
TICKET_0003801,STORE_05,2024-02-27 10:36:00,4.37,1,CUST_00149
TICKET_0003802,STORE_05,2024-01-18 15:07:00,10.37,2,CUST_00441
TICKET_0003803,STORE_04,2024-02-25 21:09:00,9.4,1,CUST_00515
TICKET_0003804,STORE_05,2024-03-24 15:04:00,16.82,2,CUST_00298
TICKET_0003805,STORE_02,2024-03-22 11:41:00,4.53,1,CUST_00277
TICKET_0003806,STORE_03,2024-02-10 14:59:00,12.29,1,CUST_00460
TICKET_0003807,STORE_09,2024-02-08 13:21:00,28.41,3,CUST_00319
TICKET_0003808,STORE_05,2024-01-20 10:11:00,17.13,2,CUST_00147
TICKET_0003809,STORE_10,2024-02-13 15:07:00,5.81,1,CUST_00926
TICKET_0003810,STORE_05,2024-03-24 12:36:00,6.59,1,CUST_00453
TICKET_0003811,STORE_06,2024-01-12 12:06:00,11.07,2,CUST_00253
TICKET_0003812,STORE_10,2024-03-21 19:52:00,12.64,2,CUST_00106
TICKET_0003813,STORE_04,2024-03-19 12:26:00,6.12,1,CUST_00868
TICKET_0003814,STORE_04,2024-03-03 19:53:00,13.4,2,CUST_00453
TICKET_0003815,STORE_06,2024-03-13 14:34:00,5.91,1,CUST_00641
TICKET_0003816,STORE_01,2024-03-30 15:07:00,11.1,2,CUST_00064
TICKET_0003817,STORE_02,2024-03-19 07:43:00,11.46,3,CUST_00669
TICKET_0003818,STORE_05,2024-03-02 13:36:00,25.52,4,CUST_00292
TICKET_0003819,STORE_04,2024-02-16 13:07:00,17.85,2,CUST_00110
TICKET_0003820,STORE_08,2024-03-28 16:30:00,9.87,1,CUST_00226
TICKET_0003821,STORE_07,2024-02-15 07:45:00,35.33,4,CUST_00899
TICKET_0003822,STORE_05,2024-03-17 14:38:00,38.48,5,CUST_00855
TICKET_0003823,STORE_05,2024-03-11 12:05:00,9.71,1,CUST_00782
TICKET_0003824,STORE_05,2024-01-19 19:14:00,13.08,2,CUST_00225
TICKET_0003825,STORE_03,2024-02-28 20:24:00,11.62,2,CUST_00313
TICKET_0003826,STORE_08,2024-03-16 16:11:00,13.36,1,CUST_00309
TICKET_0003827,STORE_09,2024-02-20 18:26:00,11.45,2,CUST_00372
TICKET_0003828,STORE_02,2024-01-03 09:09:00,17.22,2,CUST_00180
TICKET_0003829,STORE_02,2024-03-07 17:34:00,11.83,3,CUST_00119
TICKET_0003830,STORE_07,2024-02-28 16:44:00,12.0,1,CUST_00338
TICKET_0003831,STORE_07,2024-03-13 08:48:00,34.62,3,CUST_00235
TICKET_0003832,STORE_06,2024-02-17 15:47:00,7.85,1,CUST_00671
TICKET_0003833,STORE_07,2024-01-30 13:30:00,40.69,5,CUST_00979
TICKET_0003834,STORE_06,2024-01-24 11:43:00,12.86,1,CUST_00612
TICKET_0003835,STORE_05,2024-02-10 07:10:00,2.33,1,CUST_00282
TICKET_0003836,STORE_06,2024-03-29 16:29:00,19.04,4,CUST_00179
TICKET_0003837,STORE_03,2024-03-08 08:23:00,9.88,1,CUST_00257
TICKET_0003838,STORE_07,2024-01-24 19:19:00,32.56,5,CUST_00415
TICKET_0003839,STORE_04,2024-01-03 16:43:00,5.16,1,CUST_00675
TICKET_0003840,STORE_08,2024-03-13 20:16:00,31.89,3,CUST_00811
TICKET_0003841,STORE_08,2024-02-15 07:00:00,21.16,2,CUST_00889
TICKET_0003842,STORE_03,2024-01-04 21:09:00,35.04,5,CUST_00574
TICKET_0003843,STORE_02,2024-03-24 14:18:00,10.54,2,CUST_00421
TICKET_0003844,STORE_07,2024-02-11 12:31:00,6.8,2,CUST_00997
TICKET_0003845,STORE_05,2024-01-18 20:51:00,18.53,2,CUST_00569
TICKET_0003846,STORE_07,2024-01-27 07:27:00,19.3,3,CUST_00248
TICKET_0003847,STORE_08,2024-01-14 14:58:00,19.75,3,CUST_00294
TICKET_0003848,STORE_10,2024-03-27 09:21:00,4.37,1,CUST_00613
TICKET_0003849,STORE_10,2024-03-17 19:14:00,19.43,2,CUST_00673
TICKET_0003850,STORE_08,2024-02-07 13:52:00,20.5,2,CUST_00861
TICKET_0003851,STORE_06,2024-03-30 08:14:00,10.08,1,CUST_00017
TICKET_0003852,STORE_06,2024-03-04 19:40:00,21.66,3,CUST_00134
TICKET_0003853,STORE_05,2024-02-04 21:18:00,28.38,3,CUST_00847
TICKET_0003854,STORE_07,2024-01-19 15:24:00,2.88,1,CUST_00704
TICKET_0003855,STORE_08,2024-02-28 07:55:00,5.88,1,CUST_00311
TICKET_0003856,STORE_04,2024-01-25 15:22:00,23.47,3,CUST_00014
TICKET_0003857,STORE_01,2024-01-22 16:23:00,9.74,1,CUST_00435
TICKET_0003858,STORE_08,2024-03-26 20:34:00,4.41,1,CUST_00559
TICKET_0003859,STORE_03,2024-01-02 14:42:00,19.75,2,CUST_00549
TICKET_0003860,STORE_04,2024-03-08 16:31:00,12.26,2,CUST_00221
TICKET_0003861,STORE_08,2024-03-24 07:14:00,9.67,1,CUST_00993
TICKET_0003862,STORE_10,2024-03-07 16:14:00,15.2,1,CUST_00043
TICKET_0003863,STORE_06,2024-03-14 08:09:00,15.42,2,CUST_00319
TICKET_0003864,STORE_02,2024-02-03 16:53:00,14.41,2,CUST_00219
TICKET_0003865,STORE_02,2024-01-13 17:20:00,12.69,2,CUST_00281
TICKET_0003866,STORE_01,2024-03-06 19:47:00,14.99,1,CUST_00342
TICKET_0003867,STORE_01,2024-03-10 16:14:00,14.8,1,CUST_00529
TICKET_0003868,STORE_07,2024-02-12 17:17:00,14.15,1,CUST_00099
TICKET_0003869,STORE_10,2024-02-06 14:09:00,9.61,2,CUST_00063
TICKET_0003870,STORE_01,2024-01-28 19:52:00,14.65,1,CUST_00114
TICKET_0003871,STORE_04,2024-03-15 13:00:00,25.18,3,CUST_00865
TICKET_0003872,STORE_05,2024-01-16 13:56:00,22.68,2,CUST_00148
TICKET_0003873,STORE_08,2024-01-02 20:39:00,10.06,1,CUST_00425
TICKET_0003874,STORE_06,2024-01-22 12:39:00,41.38,4,CUST_00101
TICKET_0003875,STORE_09,2024-03-14 13:35:00,15.0,2,CUST_00712
TICKET_0003876,STORE_02,2024-03-14 15:45:00,23.88,2,CUST_00611
TICKET_0003877,STORE_07,2024-03-28 10:56:00,10.63,2,CUST_00941
TICKET_0003878,STORE_01,2024-02-08 14:39:00,8.42,2,CUST_00558
TICKET_0003879,STORE_01,2024-02-26 17:26:00,16.44,2,CUST_00446
TICKET_0003880,STORE_04,2024-03-26 11:02:00,12.69,2,CUST_00874
TICKET_0003881,STORE_04,2024-01-06 12:29:00,3.05,1,CUST_00473
TICKET_0003882,STORE_05,2024-03-16 18:53:00,22.88,3,CUST_00037
TICKET_0003883,STORE_01,2024-03-01 13:20:00,6.01,1,CUST_00184
TICKET_0003884,STORE_07,2024-03-25 18:25:00,7.69,1,CUST_00294
TICKET_0003885,STORE_05,2024-03-23 08:34:00,5.95,2,CUST_00344
TICKET_0003886,STORE_09,2024-03-15 10:47:00,6.27,1,CUST_00480
TICKET_0003887,STORE_06,2024-01-03 21:49:00,36.25,4,CUST_00297
TICKET_0003888,STORE_04,2024-03-13 18:23:00,22.98,2,CUST_00989
TICKET_0003889,STORE_09,2024-01-31 19:53:00,6.26,2,CUST_00991
TICKET_0003890,STORE_06,2024-03-31 16:13:00,49.85,5,CUST_00593
TICKET_0003891,STORE_01,2024-01-26 19:25:00,24.0,3,CUST_00046
TICKET_0003892,STORE_02,2024-03-25 21:51:00,13.33,2,CUST_00188
TICKET_0003893,STORE_06,2024-03-28 17:27:00,8.66,2,CUST_00187
TICKET_0003894,STORE_08,2024-01-06 10:16:00,16.51,2,CUST_00757
TICKET_0003895,STORE_01,2024-01-31 17:36:00,3.3,1,CUST_00218
TICKET_0003896,STORE_09,2024-01-01 17:22:00,24.16,2,CUST_00051
TICKET_0003897,STORE_02,2024-03-14 21:53:00,5.97,1,CUST_00840
TICKET_0003898,STORE_07,2024-01-27 21:27:00,19.46,2,CUST_00688
TICKET_0003899,STORE_07,2024-02-04 17:38:00,42.33,4,CUST_00673
TICKET_0003900,STORE_05,2024-01-30 19:31:00,27.81,2,CUST_00270
TICKET_0003901,STORE_02,2024-02-17 17:59:00,14.9,2,CUST_00023
TICKET_0003902,STORE_07,2024-02-13 21:59:00,6.33,1,CUST_00522
TICKET_0003903,STORE_04,2024-03-20 13:21:00,4.81,2,CUST_00922
TICKET_0003904,STORE_10,2024-01-10 17:37:00,10.06,1,CUST_00473
TICKET_0003905,STORE_06,2024-03-20 15:52:00,14.35,1,CUST_00773
TICKET_0003906,STORE_08,2024-02-26 10:03:00,24.81,3,CUST_00025
TICKET_0003907,STORE_03,2024-01-17 18:11:00,14.48,2,CUST_00341
TICKET_0003908,STORE_04,2024-03-15 09:43:00,8.86,2,CUST_00843
TICKET_0003909,STORE_02,2024-01-08 16:08:00,7.98,1,CUST_00049
TICKET_0003910,STORE_08,2024-02-29 17:17:00,25.76,3,CUST_00233
TICKET_0003911,STORE_06,2024-03-10 13:08:00,30.75,5,CUST_00369
TICKET_0003912,STORE_03,2024-03-08 16:58:00,8.84,2,CUST_00725
TICKET_0003913,STORE_03,2024-03-28 17:07:00,59.92,5,CUST_00816
TICKET_0003914,STORE_01,2024-02-14 10:50:00,23.77,3,CUST_00307
TICKET_0003915,STORE_01,2024-01-17 07:27:00,4.95,1,CUST_00494
TICKET_0003916,STORE_07,2024-02-10 10:35:00,13.76,2,CUST_00200
TICKET_0003917,STORE_02,2024-01-30 17:16:00,18.04,3,CUST_00777
TICKET_0003918,STORE_05,2024-03-23 18:42:00,15.65,3,CUST_00293
TICKET_0003919,STORE_08,2024-01-21 17:14:00,2.33,1,CUST_00437
TICKET_0003920,STORE_07,2024-02-03 21:30:00,33.89,5,CUST_00416
TICKET_0003921,STORE_01,2024-03-24 18:40:00,14.16,1,CUST_00170
TICKET_0003922,STORE_08,2024-01-24 11:48:00,18.07,2,CUST_00936
TICKET_0003923,STORE_10,2024-01-12 11:06:00,8.42,2,CUST_00935
TICKET_0003924,STORE_07,2024-03-08 11:24:00,42.63,4,CUST_00295
TICKET_0003925,STORE_07,2024-02-08 17:23:00,14.45,1,CUST_00937
TICKET_0003926,STORE_03,2024-03-02 16:39:00,15.22,1,CUST_00554
TICKET_0003927,STORE_09,2024-03-29 08:17:00,8.88,2,CUST_00806
TICKET_0003928,STORE_08,2024-01-06 20:16:00,13.03,2,CUST_00931
TICKET_0003929,STORE_04,2024-01-30 10:58:00,15.1,2,CUST_00779
TICKET_0003930,STORE_10,2024-03-04 12:25:00,23.68,3,CUST_00981
TICKET_0003931,STORE_02,2024-03-18 09:57:00,12.58,2,CUST_00762
TICKET_0003932,STORE_08,2024-02-22 08:42:00,26.02,2,CUST_00901
TICKET_0003933,STORE_06,2024-02-02 20:34:00,31.96,3,CUST_00953
TICKET_0003934,STORE_04,2024-01-23 17:00:00,11.6,2,CUST_00444
TICKET_0003935,STORE_06,2024-01-24 12:38:00,14.71,1,CUST_00660
TICKET_0003936,STORE_05,2024-02-13 15:27:00,5.66,1,CUST_00835
TICKET_0003937,STORE_10,2024-02-26 16:22:00,2.62,1,CUST_00734
TICKET_0003938,STORE_10,2024-03-01 20:46:00,5.29,1,CUST_00055
TICKET_0003939,STORE_05,2024-03-07 13:51:00,18.01,2,CUST_00673
TICKET_0003940,STORE_07,2024-03-13 14:02:00,5.84,1,CUST_00179
TICKET_0003941,STORE_02,2024-01-04 19:08:00,18.54,2,CUST_00272
TICKET_0003942,STORE_09,2024-03-10 10:51:00,19.19,3,CUST_00693
TICKET_0003943,STORE_09,2024-02-22 21:32:00,9.76,1,CUST_00204
TICKET_0003944,STORE_09,2024-02-08 15:18:00,10.18,2,CUST_00477
TICKET_0003945,STORE_02,2024-03-30 08:00:00,14.05,2,CUST_00692
TICKET_0003946,STORE_08,2024-01-12 21:41:00,13.15,2,CUST_00824
TICKET_0003947,STORE_10,2024-01-04 19:00:00,14.55,4,CUST_00932
TICKET_0003948,STORE_09,2024-03-22 07:24:00,7.94,2,CUST_00078
TICKET_0003949,STORE_01,2024-02-25 14:58:00,18.53,2,CUST_00396
TICKET_0003950,STORE_02,2024-02-02 13:18:00,14.68,1,CUST_00833
TICKET_0003951,STORE_08,2024-03-17 12:51:00,15.42,2,CUST_00305
TICKET_0003952,STORE_01,2024-01-13 11:16:00,17.78,2,CUST_00793
TICKET_0003953,STORE_07,2024-02-06 18:59:00,19.09,3,CUST_00732
TICKET_0003954,STORE_04,2024-01-12 13:12:00,10.65,2,CUST_00224
TICKET_0003955,STORE_10,2024-03-24 18:55:00,10.41,1,CUST_00507
TICKET_0003956,STORE_03,2024-03-12 09:07:00,14.68,1,CUST_00839
TICKET_0003957,STORE_01,2024-02-13 14:55:00,14.83,1,CUST_00232
TICKET_0003958,STORE_02,2024-02-03 14:03:00,2.52,1,CUST_00485
TICKET_0003959,STORE_03,2024-02-10 16:22:00,17.73,3,CUST_00777
TICKET_0003960,STORE_06,2024-03-02 11:10:00,21.25,3,CUST_00927
TICKET_0003961,STORE_04,2024-03-03 11:37:00,2.39,1,CUST_00985
TICKET_0003962,STORE_04,2024-01-06 07:17:00,9.13,1,CUST_00210
TICKET_0003963,STORE_04,2024-02-22 16:46:00,4.5,1,CUST_00234
TICKET_0003964,STORE_05,2024-02-22 10:59:00,10.26,1,CUST_00678
TICKET_0003965,STORE_07,2024-02-08 21:09:00,31.29,4,CUST_00641
TICKET_0003966,STORE_04,2024-02-17 08:12:00,28.49,2,CUST_00882
TICKET_0003967,STORE_04,2024-03-08 11:11:00,23.26,4,CUST_00630
TICKET_0003968,STORE_04,2024-01-11 14:10:00,10.37,3,CUST_00998
TICKET_0003969,STORE_03,2024-03-06 12:19:00,26.15,2,CUST_00115
TICKET_0003970,STORE_10,2024-01-04 08:57:00,13.51,3,CUST_00903
TICKET_0003971,STORE_01,2024-03-03 17:23:00,14.66,2,CUST_00010
TICKET_0003972,STORE_08,2024-03-14 13:07:00,16.06,2,CUST_00112
TICKET_0003973,STORE_09,2024-02-01 09:22:00,17.09,2,CUST_00690
TICKET_0003974,STORE_02,2024-03-24 14:36:00,45.36,4,CUST_00039
TICKET_0003975,STORE_02,2024-03-13 07:12:00,8.64,1,CUST_00041
TICKET_0003976,STORE_06,2024-03-03 16:50:00,6.01,1,CUST_00395
TICKET_0003977,STORE_06,2024-01-09 18:59:00,10.68,3,CUST_00253
TICKET_0003978,STORE_05,2024-03-21 15:35:00,25.93,3,CUST_00660
TICKET_0003979,STORE_07,2024-03-24 10:48:00,15.05,2,CUST_00212
TICKET_0003980,STORE_10,2024-03-13 20:22:00,5.85,1,CUST_00024
TICKET_0003981,STORE_10,2024-02-13 10:30:00,4.74,1,CUST_00674
TICKET_0003982,STORE_06,2024-03-30 12:25:00,7.19,1,CUST_00152
TICKET_0003983,STORE_08,2024-03-21 18:42:00,12.64,3,CUST_00287
TICKET_0003984,STORE_07,2024-02-21 08:58:00,50.06,5,CUST_00986
TICKET_0003985,STORE_08,2024-03-19 17:55:00,3.44,1,CUST_00264
TICKET_0003986,STORE_06,2024-02-07 07:34:00,5.78,1,CUST_00454
TICKET_0003987,STORE_08,2024-03-23 10:15:00,18.1,3,CUST_00308
TICKET_0003988,STORE_05,2024-01-28 21:18:00,13.26,2,CUST_00617
TICKET_0003989,STORE_06,2024-02-29 08:59:00,17.05,2,CUST_00078
TICKET_0003990,STORE_07,2024-02-01 19:25:00,17.78,2,CUST_00352
TICKET_0003991,STORE_08,2024-02-17 21:10:00,21.34,2,CUST_00339
TICKET_0003992,STORE_01,2024-03-06 08:45:00,12.45,2,CUST_00516
TICKET_0003993,STORE_04,2024-03-11 21:23:00,14.17,2,CUST_00405
TICKET_0003994,STORE_01,2024-01-05 19:45:00,5.82,2,CUST_00057
TICKET_0003995,STORE_06,2024-03-27 08:08:00,5.83,1,CUST_00550
TICKET_0003996,STORE_07,2024-03-30 14:47:00,38.86,5,CUST_00423
TICKET_0003997,STORE_01,2024-02-15 19:39:00,6.09,1,CUST_00309
TICKET_0003998,STORE_10,2024-02-17 10:39:00,12.91,2,CUST_01000
TICKET_0003999,STORE_01,2024-02-16 15:13:00,14.85,1,CUST_00063
TICKET_0004000,STORE_09,2024-03-09 17:16:00,8.85,1,CUST_00266
TICKET_0004001,STORE_08,2024-03-23 20:02:00,26.8,2,CUST_00014
TICKET_0004002,STORE_03,2024-01-26 20:12:00,14.32,1,CUST_00303
TICKET_0004003,STORE_02,2024-02-02 13:22:00,27.11,4,CUST_00773
TICKET_0004004,STORE_10,2024-03-11 20:02:00,3.72,1,CUST_00802
TICKET_0004005,STORE_10,2024-02-27 16:35:00,28.06,3,CUST_00502
TICKET_0004006,STORE_07,2024-03-08 14:24:00,15.1,2,CUST_00330
TICKET_0004007,STORE_07,2024-02-18 17:29:00,24.31,2,CUST_00644
TICKET_0004008,STORE_02,2024-01-07 07:09:00,23.52,2,CUST_00516
TICKET_0004009,STORE_06,2024-03-28 18:12:00,23.12,2,CUST_00346
TICKET_0004010,STORE_07,2024-03-15 13:35:00,9.76,2,CUST_00404
TICKET_0004011,STORE_05,2024-01-13 21:57:00,30.28,3,CUST_00447
TICKET_0004012,STORE_09,2024-01-14 17:35:00,18.81,2,CUST_00509
TICKET_0004013,STORE_08,2024-01-12 17:02:00,5.83,1,CUST_00822
TICKET_0004014,STORE_10,2024-01-11 21:39:00,27.31,3,CUST_00722
TICKET_0004015,STORE_10,2024-02-06 17:36:00,19.93,4,CUST_00986
TICKET_0004016,STORE_03,2024-03-01 16:15:00,29.23,3,CUST_00903
TICKET_0004017,STORE_02,2024-01-12 11:29:00,5.26,1,CUST_00946
TICKET_0004018,STORE_06,2024-02-14 19:04:00,14.61,3,CUST_00149
TICKET_0004019,STORE_06,2024-03-22 20:06:00,38.23,4,CUST_00547
TICKET_0004020,STORE_06,2024-03-23 12:49:00,16.04,2,CUST_00376
TICKET_0004021,STORE_08,2024-03-09 19:41:00,7.67,1,CUST_00840
TICKET_0004022,STORE_06,2024-03-20 11:42:00,12.29,2,CUST_00838
TICKET_0004023,STORE_01,2024-02-11 19:23:00,18.18,3,CUST_00170
TICKET_0004024,STORE_04,2024-01-12 09:41:00,22.93,4,CUST_00513
TICKET_0004025,STORE_07,2024-02-15 17:17:00,8.05,1,CUST_00068
TICKET_0004026,STORE_08,2024-03-28 10:27:00,13.92,2,CUST_00512
TICKET_0004027,STORE_01,2024-01-04 08:45:00,11.46,2,CUST_00002
TICKET_0004028,STORE_10,2024-01-11 20:10:00,23.36,2,CUST_00219
TICKET_0004029,STORE_07,2024-02-19 13:03:00,44.33,4,CUST_00254
TICKET_0004030,STORE_02,2024-01-03 10:13:00,12.27,1,CUST_00759
TICKET_0004031,STORE_06,2024-01-07 09:25:00,28.0,3,CUST_00812
TICKET_0004032,STORE_06,2024-03-05 11:36:00,5.53,1,CUST_00633
TICKET_0004033,STORE_09,2024-02-19 17:24:00,8.49,2,CUST_00020
TICKET_0004034,STORE_04,2024-03-27 10:08:00,9.76,1,CUST_00894
TICKET_0004035,STORE_05,2024-02-16 11:51:00,21.39,3,CUST_00390
TICKET_0004036,STORE_04,2024-02-18 12:10:00,17.01,3,CUST_00211
TICKET_0004037,STORE_10,2024-03-10 11:18:00,2.51,1,CUST_00768
TICKET_0004038,STORE_10,2024-01-13 18:25:00,11.43,2,CUST_00685
TICKET_0004039,STORE_03,2024-02-27 17:39:00,9.29,1,CUST_00411
TICKET_0004040,STORE_02,2024-02-22 09:01:00,8.49,1,CUST_00269
TICKET_0004041,STORE_10,2024-01-04 10:19:00,5.24,2,CUST_00029
TICKET_0004042,STORE_07,2024-01-12 20:54:00,8.72,1,CUST_00013
TICKET_0004043,STORE_07,2024-02-19 18:55:00,21.07,3,CUST_00909
TICKET_0004044,STORE_01,2024-02-25 20:47:00,14.81,2,CUST_00671
TICKET_0004045,STORE_07,2024-02-24 17:36:00,41.99,3,CUST_00127
TICKET_0004046,STORE_09,2024-03-06 14:39:00,8.96,2,CUST_00801
TICKET_0004047,STORE_08,2024-03-11 20:37:00,22.12,2,CUST_00724
TICKET_0004048,STORE_01,2024-03-17 16:41:00,19.71,2,CUST_00258
TICKET_0004049,STORE_05,2024-02-26 13:42:00,10.46,1,CUST_00605
TICKET_0004050,STORE_08,2024-03-27 16:18:00,3.19,1,CUST_00822
TICKET_0004051,STORE_03,2024-02-07 18:17:00,10.35,2,CUST_00831
TICKET_0004052,STORE_01,2024-01-22 13:01:00,8.85,2,CUST_00568
TICKET_0004053,STORE_09,2024-02-15 10:10:00,26.07,3,CUST_00976
TICKET_0004054,STORE_05,2024-01-14 20:50:00,19.69,3,CUST_00262
TICKET_0004055,STORE_03,2024-02-13 11:11:00,35.53,4,CUST_00978
TICKET_0004056,STORE_05,2024-02-12 19:21:00,20.86,2,CUST_00490
TICKET_0004057,STORE_10,2024-02-24 17:14:00,23.14,2,CUST_00913
TICKET_0004058,STORE_06,2024-03-19 21:09:00,52.83,4,CUST_00260
TICKET_0004059,STORE_08,2024-01-16 17:08:00,16.42,2,CUST_00150
TICKET_0004060,STORE_04,2024-02-04 11:01:00,10.36,2,CUST_00601
TICKET_0004061,STORE_09,2024-01-15 21:23:00,6.23,1,CUST_00364
TICKET_0004062,STORE_06,2024-02-19 13:19:00,38.6,4,CUST_00132
TICKET_0004063,STORE_07,2024-02-02 16:47:00,10.0,1,CUST_00562
TICKET_0004064,STORE_07,2024-03-29 12:53:00,35.72,3,CUST_00179
TICKET_0004065,STORE_07,2024-03-16 18:43:00,35.22,4,CUST_00406
TICKET_0004066,STORE_06,2024-03-05 21:19:00,31.12,3,CUST_00461
TICKET_0004067,STORE_06,2024-03-19 18:45:00,40.62,4,CUST_00348
TICKET_0004068,STORE_04,2024-02-09 11:23:00,5.0,1,CUST_00152
TICKET_0004069,STORE_03,2024-01-20 18:12:00,4.79,1,CUST_00436
TICKET_0004070,STORE_02,2024-01-21 16:17:00,12.38,1,CUST_00689
TICKET_0004071,STORE_03,2024-03-04 21:37:00,27.7,3,CUST_00335
TICKET_0004072,STORE_04,2024-03-14 12:38:00,13.28,2,CUST_00885
TICKET_0004073,STORE_02,2024-02-27 14:23:00,5.25,1,CUST_00429
TICKET_0004074,STORE_06,2024-03-27 20:43:00,2.6,1,CUST_00187
TICKET_0004075,STORE_01,2024-02-05 20:51:00,4.44,1,CUST_00843
TICKET_0004076,STORE_03,2024-01-03 20:56:00,11.28,1,CUST_00446
TICKET_0004077,STORE_04,2024-03-09 07:53:00,5.93,1,CUST_00468
TICKET_0004078,STORE_07,2024-01-18 20:49:00,14.97,1,CUST_00435
TICKET_0004079,STORE_06,2024-02-07 07:14:00,30.35,5,CUST_00542
TICKET_0004080,STORE_08,2024-02-22 09:17:00,17.67,3,CUST_00058
TICKET_0004081,STORE_03,2024-03-16 15:37:00,7.56,1,CUST_00736
TICKET_0004082,STORE_10,2024-01-03 07:07:00,27.79,3,CUST_00986
TICKET_0004083,STORE_01,2024-03-01 10:31:00,32.22,3,CUST_00770
TICKET_0004084,STORE_03,2024-02-09 20:43:00,10.92,2,CUST_00444
TICKET_0004085,STORE_10,2024-02-19 10:03:00,17.53,2,CUST_00265
TICKET_0004086,STORE_07,2024-02-23 08:00:00,11.55,1,CUST_00432
TICKET_0004087,STORE_09,2024-01-20 19:46:00,8.03,1,CUST_00974
TICKET_0004088,STORE_07,2024-01-27 08:53:00,34.34,3,CUST_00867
TICKET_0004089,STORE_09,2024-01-03 21:04:00,27.32,4,CUST_00881
TICKET_0004090,STORE_10,2024-03-29 09:56:00,47.77,6,CUST_00660
TICKET_0004091,STORE_10,2024-01-11 19:06:00,9.35,1,CUST_00072
TICKET_0004092,STORE_03,2024-02-16 20:58:00,27.56,3,CUST_00040
TICKET_0004093,STORE_01,2024-03-31 21:49:00,8.95,1,CUST_00496
TICKET_0004094,STORE_05,2024-02-06 09:38:00,3.57,1,CUST_00671
TICKET_0004095,STORE_09,2024-02-19 16:02:00,24.65,2,CUST_00650
TICKET_0004096,STORE_02,2024-03-11 14:31:00,14.42,3,CUST_00036
TICKET_0004097,STORE_05,2024-03-05 15:04:00,12.24,2,CUST_00839
TICKET_0004098,STORE_10,2024-01-17 08:12:00,38.24,4,CUST_00498
TICKET_0004099,STORE_05,2024-02-05 12:17:00,35.99,5,CUST_00713
TICKET_0004100,STORE_03,2024-01-29 20:14:00,22.27,3,CUST_00260
TICKET_0004101,STORE_10,2024-01-21 21:19:00,21.23,2,CUST_00472
TICKET_0004102,STORE_06,2024-01-20 13:19:00,24.04,3,CUST_00008
TICKET_0004103,STORE_07,2024-03-15 10:05:00,14.8,3,CUST_00252
TICKET_0004104,STORE_06,2024-01-12 16:03:00,3.03,1,CUST_00851
TICKET_0004105,STORE_02,2024-03-19 20:50:00,24.68,2,CUST_00917
TICKET_0004106,STORE_08,2024-03-15 16:40:00,19.86,2,CUST_00797
TICKET_0004107,STORE_04,2024-01-13 15:34:00,26.58,2,CUST_00105
TICKET_0004108,STORE_07,2024-02-26 14:10:00,39.25,5,CUST_00039
TICKET_0004109,STORE_04,2024-01-18 19:11:00,10.1,1,CUST_00622
TICKET_0004110,STORE_02,2024-03-14 19:00:00,17.9,2,CUST_00818
TICKET_0004111,STORE_08,2024-03-14 18:23:00,9.23,1,CUST_00959
TICKET_0004112,STORE_01,2024-03-16 10:43:00,6.19,2,CUST_00188
TICKET_0004113,STORE_08,2024-01-15 13:36:00,13.92,1,CUST_00486
TICKET_0004114,STORE_07,2024-03-11 21:07:00,20.5,2,CUST_00174
TICKET_0004115,STORE_05,2024-03-10 09:44:00,3.35,1,CUST_00195
TICKET_0004116,STORE_01,2024-03-05 16:03:00,14.52,2,CUST_00287
TICKET_0004117,STORE_01,2024-02-06 09:41:00,15.94,2,CUST_00552
TICKET_0004118,STORE_03,2024-03-01 21:56:00,9.28,1,CUST_00736
TICKET_0004119,STORE_07,2024-02-14 09:58:00,8.15,2,CUST_00222
TICKET_0004120,STORE_05,2024-02-29 15:55:00,14.66,2,CUST_00749
TICKET_0004121,STORE_10,2024-02-15 14:34:00,5.27,2,CUST_00611
TICKET_0004122,STORE_01,2024-03-31 08:07:00,18.38,2,CUST_00143
TICKET_0004123,STORE_10,2024-01-17 18:24:00,12.35,2,CUST_00338
TICKET_0004124,STORE_01,2024-01-01 09:18:00,3.18,1,CUST_00583
TICKET_0004125,STORE_05,2024-02-07 14:58:00,6.68,1,CUST_00912
TICKET_0004126,STORE_02,2024-01-15 07:06:00,9.73,1,CUST_00318
TICKET_0004127,STORE_02,2024-01-16 20:04:00,20.4,3,CUST_00772
TICKET_0004128,STORE_05,2024-03-19 09:05:00,25.91,3,CUST_00060
TICKET_0004129,STORE_01,2024-03-11 11:33:00,21.19,2,CUST_00400
TICKET_0004130,STORE_09,2024-02-17 12:00:00,23.25,2,CUST_00572
TICKET_0004131,STORE_01,2024-01-19 20:40:00,9.65,1,CUST_00767
TICKET_0004132,STORE_04,2024-02-14 20:16:00,5.99,1,CUST_00033
TICKET_0004133,STORE_06,2024-01-18 15:31:00,27.26,3,CUST_00977
TICKET_0004134,STORE_10,2024-03-02 17:45:00,3.48,1,CUST_00683
TICKET_0004135,STORE_04,2024-02-02 17:29:00,15.27,1,CUST_00938
TICKET_0004136,STORE_07,2024-01-27 09:58:00,28.01,4,CUST_00233
TICKET_0004137,STORE_03,2024-02-12 12:37:00,17.32,2,CUST_00465
TICKET_0004138,STORE_02,2024-02-04 12:40:00,9.26,2,CUST_00827
TICKET_0004139,STORE_08,2024-03-07 21:51:00,6.72,1,CUST_00865
TICKET_0004140,STORE_03,2024-01-22 11:51:00,3.56,1,CUST_00078
TICKET_0004141,STORE_02,2024-02-28 07:14:00,8.7,1,CUST_00108
TICKET_0004142,STORE_06,2024-01-10 16:16:00,13.96,2,CUST_00456
TICKET_0004143,STORE_06,2024-02-11 09:21:00,9.1,1,CUST_00985
TICKET_0004144,STORE_02,2024-02-07 15:40:00,9.96,2,CUST_00821
TICKET_0004145,STORE_05,2024-03-17 14:46:00,12.14,1,CUST_00224
TICKET_0004146,STORE_07,2024-03-22 13:02:00,6.4,2,CUST_00100
TICKET_0004147,STORE_09,2024-03-01 20:20:00,26.16,4,CUST_00169
TICKET_0004148,STORE_05,2024-01-08 16:04:00,14.55,1,CUST_00813
TICKET_0004149,STORE_01,2024-03-29 13:37:00,25.53,3,CUST_00914
TICKET_0004150,STORE_06,2024-03-26 08:50:00,6.83,1,CUST_00346
TICKET_0004151,STORE_07,2024-03-30 12:16:00,21.76,2,CUST_00069
TICKET_0004152,STORE_10,2024-01-24 07:02:00,13.7,2,CUST_00325
TICKET_0004153,STORE_09,2024-02-07 21:59:00,19.74,3,CUST_00509
TICKET_0004154,STORE_06,2024-02-16 13:51:00,7.49,1,CUST_00521
TICKET_0004155,STORE_07,2024-01-06 07:51:00,17.7,2,CUST_00380
TICKET_0004156,STORE_01,2024-02-26 18:14:00,9.61,1,CUST_00799
TICKET_0004157,STORE_10,2024-01-05 13:56:00,33.0,5,CUST_00335
TICKET_0004158,STORE_06,2024-01-27 08:46:00,39.65,4,CUST_00631
TICKET_0004159,STORE_07,2024-03-16 14:25:00,20.06,3,CUST_00416
TICKET_0004160,STORE_04,2024-03-22 18:44:00,4.42,1,CUST_00443
TICKET_0004161,STORE_05,2024-02-29 17:44:00,29.33,4,CUST_00291
TICKET_0004162,STORE_08,2024-01-01 17:16:00,6.57,2,CUST_00523
TICKET_0004163,STORE_04,2024-03-17 21:31:00,35.18,3,CUST_00462
TICKET_0004164,STORE_05,2024-01-20 09:29:00,8.1,2,CUST_00697
TICKET_0004165,STORE_04,2024-02-27 18:53:00,7.36,1,CUST_00023
TICKET_0004166,STORE_07,2024-03-19 16:34:00,30.71,3,CUST_00418
TICKET_0004167,STORE_06,2024-02-09 09:37:00,13.07,2,CUST_00602
TICKET_0004168,STORE_04,2024-03-02 12:54:00,25.28,3,CUST_00561
TICKET_0004169,STORE_02,2024-02-21 11:53:00,5.61,1,CUST_00413
TICKET_0004170,STORE_05,2024-01-06 10:36:00,27.28,5,CUST_00777
TICKET_0004171,STORE_10,2024-03-06 21:32:00,9.82,2,CUST_00061
TICKET_0004172,STORE_10,2024-03-25 19:01:00,26.55,3,CUST_00712
TICKET_0004173,STORE_09,2024-01-16 12:15:00,44.83,4,CUST_00977
TICKET_0004174,STORE_01,2024-03-09 20:34:00,18.5,2,CUST_00354
TICKET_0004175,STORE_07,2024-03-23 21:37:00,5.59,2,CUST_00404
TICKET_0004176,STORE_04,2024-02-09 14:17:00,21.43,2,CUST_00559
TICKET_0004177,STORE_03,2024-02-03 14:56:00,10.4,2,CUST_00151
TICKET_0004178,STORE_04,2024-03-16 11:37:00,2.68,1,CUST_00605
TICKET_0004179,STORE_07,2024-03-10 21:30:00,13.01,2,CUST_00614
TICKET_0004180,STORE_01,2024-03-20 21:33:00,27.65,2,CUST_00025
TICKET_0004181,STORE_08,2024-01-24 07:46:00,11.59,2,CUST_00606
TICKET_0004182,STORE_04,2024-01-24 13:13:00,23.61,3,CUST_00248
TICKET_0004183,STORE_09,2024-01-30 18:38:00,6.09,1,CUST_00396
TICKET_0004184,STORE_03,2024-02-12 07:59:00,8.66,1,CUST_00300
TICKET_0004185,STORE_10,2024-01-01 15:20:00,7.33,1,CUST_00583
TICKET_0004186,STORE_02,2024-03-25 09:58:00,37.03,4,CUST_00037
TICKET_0004187,STORE_01,2024-03-08 15:36:00,12.25,1,CUST_00112
TICKET_0004188,STORE_10,2024-03-04 19:14:00,8.38,2,CUST_00252
TICKET_0004189,STORE_10,2024-03-01 14:20:00,15.85,2,CUST_00936
TICKET_0004190,STORE_03,2024-02-06 08:59:00,30.68,4,CUST_00519
TICKET_0004191,STORE_08,2024-02-20 11:03:00,19.39,2,CUST_00395
TICKET_0004192,STORE_09,2024-02-16 21:44:00,3.09,1,CUST_00130
TICKET_0004193,STORE_03,2024-03-20 18:51:00,16.09,2,CUST_00005
TICKET_0004194,STORE_08,2024-03-25 20:10:00,22.9,2,CUST_00531
TICKET_0004195,STORE_01,2024-01-09 13:18:00,10.99,2,CUST_00624
TICKET_0004196,STORE_01,2024-02-06 20:23:00,20.24,2,CUST_00893
TICKET_0004197,STORE_05,2024-02-12 07:04:00,2.94,1,CUST_00065
TICKET_0004198,STORE_10,2024-02-26 08:51:00,5.71,1,CUST_00670
TICKET_0004199,STORE_07,2024-01-19 19:13:00,23.7,3,CUST_00115
TICKET_0004200,STORE_01,2024-01-20 13:58:00,11.78,1,CUST_00886
TICKET_0004201,STORE_01,2024-02-04 16:21:00,13.38,2,CUST_00848
TICKET_0004202,STORE_08,2024-02-29 16:00:00,6.59,2,CUST_00436
TICKET_0004203,STORE_05,2024-03-06 10:39:00,20.93,3,CUST_00065
TICKET_0004204,STORE_08,2024-01-25 08:15:00,32.64,4,CUST_00842
TICKET_0004205,STORE_07,2024-01-01 10:32:00,19.01,2,CUST_00262
TICKET_0004206,STORE_06,2024-02-22 07:21:00,33.77,4,CUST_00350
TICKET_0004207,STORE_03,2024-01-25 12:54:00,21.51,2,CUST_00771
TICKET_0004208,STORE_09,2024-02-10 17:41:00,2.35,1,CUST_00136
TICKET_0004209,STORE_01,2024-02-07 10:27:00,13.08,3,CUST_00672
TICKET_0004210,STORE_07,2024-02-15 14:47:00,3.46,1,CUST_00423
TICKET_0004211,STORE_04,2024-02-09 14:57:00,9.52,1,CUST_00869
TICKET_0004212,STORE_04,2024-03-28 17:15:00,7.22,2,CUST_00220
TICKET_0004213,STORE_01,2024-01-27 09:13:00,5.32,2,CUST_00632
TICKET_0004214,STORE_08,2024-02-11 13:10:00,14.45,1,CUST_00485
TICKET_0004215,STORE_02,2024-01-29 10:55:00,15.32,2,CUST_00197
TICKET_0004216,STORE_07,2024-01-27 09:16:00,7.61,1,CUST_00686
TICKET_0004217,STORE_09,2024-01-09 07:34:00,9.63,1,CUST_00984
TICKET_0004218,STORE_06,2024-03-06 14:44:00,25.14,3,CUST_00217
TICKET_0004219,STORE_10,2024-01-20 11:21:00,34.38,5,CUST_00295
TICKET_0004220,STORE_06,2024-02-27 15:45:00,11.78,2,CUST_00606
TICKET_0004221,STORE_04,2024-02-22 12:21:00,9.12,1,CUST_00366
TICKET_0004222,STORE_01,2024-01-31 07:31:00,19.63,3,CUST_00111
TICKET_0004223,STORE_09,2024-01-01 20:47:00,11.15,2,CUST_00357
TICKET_0004224,STORE_04,2024-03-29 18:55:00,20.59,3,CUST_00197
TICKET_0004225,STORE_01,2024-02-29 21:48:00,13.35,3,CUST_00486
TICKET_0004226,STORE_07,2024-01-14 16:57:00,26.34,4,CUST_00109
TICKET_0004227,STORE_05,2024-01-09 12:20:00,39.67,5,CUST_00211
TICKET_0004228,STORE_08,2024-02-23 14:37:00,10.6,1,CUST_00880
TICKET_0004229,STORE_04,2024-02-18 20:29:00,23.68,2,CUST_00732
TICKET_0004230,STORE_08,2024-01-08 10:57:00,25.39,3,CUST_00639
TICKET_0004231,STORE_02,2024-02-27 09:22:00,36.37,4,CUST_00539
TICKET_0004232,STORE_07,2024-03-07 12:06:00,27.41,2,CUST_00337
TICKET_0004233,STORE_10,2024-03-26 08:11:00,23.24,2,CUST_00738
TICKET_0004234,STORE_09,2024-01-27 19:18:00,33.78,3,CUST_00406
TICKET_0004235,STORE_08,2024-02-19 15:20:00,28.91,2,CUST_00385
TICKET_0004236,STORE_08,2024-01-17 20:24:00,12.02,2,CUST_00579
TICKET_0004237,STORE_01,2024-02-10 19:35:00,2.65,1,CUST_00856
TICKET_0004238,STORE_01,2024-03-13 15:20:00,5.93,1,CUST_00023
TICKET_0004239,STORE_04,2024-01-02 12:25:00,8.79,2,CUST_00003
TICKET_0004240,STORE_09,2024-01-12 15:46:00,7.63,1,CUST_00439
TICKET_0004241,STORE_01,2024-01-14 07:40:00,29.7,3,CUST_00686
TICKET_0004242,STORE_08,2024-01-21 21:09:00,19.23,2,CUST_00029
TICKET_0004243,STORE_08,2024-03-26 07:52:00,26.11,3,CUST_00423
TICKET_0004244,STORE_10,2024-03-18 16:06:00,15.18,2,CUST_00582
TICKET_0004245,STORE_01,2024-03-23 17:15:00,13.38,1,CUST_00949
TICKET_0004246,STORE_06,2024-02-27 13:05:00,23.99,2,CUST_00208
TICKET_0004247,STORE_01,2024-01-16 10:30:00,40.02,4,CUST_00292
TICKET_0004248,STORE_05,2024-01-17 11:20:00,16.89,2,CUST_00193
TICKET_0004249,STORE_01,2024-03-25 21:22:00,27.75,2,CUST_00333
TICKET_0004250,STORE_06,2024-01-10 14:55:00,36.53,4,CUST_00488
TICKET_0004251,STORE_02,2024-02-18 17:50:00,5.87,1,CUST_00110
TICKET_0004252,STORE_02,2024-01-21 10:50:00,13.82,2,CUST_00778
TICKET_0004253,STORE_08,2024-01-15 08:02:00,22.17,2,CUST_00712
TICKET_0004254,STORE_09,2024-01-10 15:59:00,2.88,1,CUST_00161
TICKET_0004255,STORE_07,2024-02-28 13:18:00,13.19,2,CUST_00315
TICKET_0004256,STORE_02,2024-03-25 15:04:00,30.05,3,CUST_00213
TICKET_0004257,STORE_04,2024-02-18 18:43:00,14.24,1,CUST_00704
TICKET_0004258,STORE_07,2024-02-11 07:21:00,55.66,5,CUST_00803
TICKET_0004259,STORE_04,2024-03-19 11:01:00,17.77,3,CUST_00621
TICKET_0004260,STORE_10,2024-03-18 10:30:00,5.73,1,CUST_00082
TICKET_0004261,STORE_07,2024-03-01 17:10:00,31.06,4,CUST_00932
TICKET_0004262,STORE_06,2024-01-18 09:04:00,35.76,5,CUST_00155
TICKET_0004263,STORE_02,2024-03-09 07:59:00,3.17,1,CUST_00024
TICKET_0004264,STORE_10,2024-01-06 11:47:00,9.91,2,CUST_00869
TICKET_0004265,STORE_10,2024-03-16 11:09:00,22.15,4,CUST_00104
TICKET_0004266,STORE_05,2024-02-10 20:22:00,4.7,1,CUST_00351
TICKET_0004267,STORE_07,2024-03-24 09:16:00,14.39,2,CUST_00215
TICKET_0004268,STORE_04,2024-01-31 10:04:00,9.1,1,CUST_00472
TICKET_0004269,STORE_04,2024-01-18 17:26:00,4.53,1,CUST_00136
TICKET_0004270,STORE_08,2024-03-27 15:19:00,28.71,3,CUST_00823
TICKET_0004271,STORE_06,2024-03-22 12:18:00,16.6,2,CUST_00008
TICKET_0004272,STORE_08,2024-01-29 08:41:00,18.49,2,CUST_00878
TICKET_0004273,STORE_03,2024-02-14 19:28:00,7.21,1,CUST_00079
TICKET_0004274,STORE_09,2024-02-27 07:44:00,12.35,3,CUST_00679
TICKET_0004275,STORE_01,2024-03-25 15:17:00,36.05,4,CUST_00376
TICKET_0004276,STORE_08,2024-01-06 20:17:00,4.37,1,CUST_00229
TICKET_0004277,STORE_06,2024-01-24 08:03:00,15.49,3,CUST_00455
TICKET_0004278,STORE_09,2024-01-12 14:15:00,13.34,1,CUST_00427
TICKET_0004279,STORE_10,2024-01-03 15:41:00,23.1,3,CUST_00026
TICKET_0004280,STORE_04,2024-03-29 10:22:00,19.17,3,CUST_00473
TICKET_0004281,STORE_02,2024-01-22 15:03:00,17.8,3,CUST_00875
TICKET_0004282,STORE_08,2024-01-06 18:11:00,4.47,1,CUST_00637
TICKET_0004283,STORE_04,2024-03-10 19:31:00,8.24,1,CUST_00384
TICKET_0004284,STORE_04,2024-01-15 11:28:00,46.66,6,CUST_00811
TICKET_0004285,STORE_07,2024-01-25 10:20:00,31.46,4,CUST_00420
TICKET_0004286,STORE_07,2024-02-08 21:26:00,11.61,1,CUST_00537
TICKET_0004287,STORE_05,2024-01-24 11:11:00,20.08,3,CUST_00387
TICKET_0004288,STORE_06,2024-03-17 12:57:00,33.72,3,CUST_00373
TICKET_0004289,STORE_08,2024-03-26 18:22:00,13.88,2,CUST_00142
TICKET_0004290,STORE_03,2024-03-26 11:08:00,12.57,2,CUST_00829
TICKET_0004291,STORE_07,2024-02-17 10:39:00,23.51,2,CUST_00466
TICKET_0004292,STORE_04,2024-03-03 14:51:00,10.11,1,CUST_00308
TICKET_0004293,STORE_09,2024-02-08 13:10:00,12.09,1,CUST_00216
TICKET_0004294,STORE_03,2024-01-13 14:23:00,7.08,2,CUST_00226
TICKET_0004295,STORE_08,2024-02-10 08:50:00,33.3,3,CUST_00416
TICKET_0004296,STORE_07,2024-02-14 10:50:00,39.89,4,CUST_00819
TICKET_0004297,STORE_09,2024-03-31 14:33:00,19.4,3,CUST_00157
TICKET_0004298,STORE_07,2024-03-28 13:31:00,48.36,6,CUST_00877
TICKET_0004299,STORE_05,2024-01-30 16:47:00,41.51,5,CUST_00708
TICKET_0004300,STORE_07,2024-02-05 08:05:00,24.68,4,CUST_00326
TICKET_0004301,STORE_04,2024-01-18 15:24:00,23.42,2,CUST_00672
TICKET_0004302,STORE_02,2024-01-26 12:02:00,2.39,1,CUST_00351
TICKET_0004303,STORE_06,2024-02-18 10:40:00,39.88,5,CUST_00292
TICKET_0004304,STORE_08,2024-03-19 16:07:00,21.3,2,CUST_00214
TICKET_0004305,STORE_06,2024-01-31 12:36:00,26.05,3,CUST_00997
TICKET_0004306,STORE_06,2024-03-19 08:10:00,24.15,2,CUST_00706
TICKET_0004307,STORE_09,2024-02-11 16:43:00,5.04,2,CUST_00045
TICKET_0004308,STORE_07,2024-01-25 11:18:00,26.39,3,CUST_00656
TICKET_0004309,STORE_04,2024-03-25 07:42:00,23.63,3,CUST_00995
TICKET_0004310,STORE_04,2024-03-24 11:31:00,16.47,3,CUST_00126
TICKET_0004311,STORE_05,2024-01-26 08:44:00,4.4,1,CUST_00135
TICKET_0004312,STORE_10,2024-01-26 11:42:00,13.47,2,CUST_00815
TICKET_0004313,STORE_07,2024-01-28 10:37:00,22.93,2,CUST_00334
TICKET_0004314,STORE_07,2024-03-09 21:09:00,18.3,2,CUST_00590
TICKET_0004315,STORE_09,2024-01-31 17:15:00,30.23,4,CUST_00418
TICKET_0004316,STORE_09,2024-03-25 13:32:00,18.65,3,CUST_00718
TICKET_0004317,STORE_10,2024-03-19 21:24:00,17.31,3,CUST_00999
TICKET_0004318,STORE_05,2024-03-23 11:34:00,14.77,3,CUST_00252
TICKET_0004319,STORE_08,2024-03-20 12:59:00,7.63,2,CUST_00965
TICKET_0004320,STORE_04,2024-03-12 15:11:00,3.45,1,CUST_00623
TICKET_0004321,STORE_02,2024-03-12 18:58:00,19.46,2,CUST_00501
TICKET_0004322,STORE_06,2024-01-04 19:05:00,22.47,3,CUST_00954
TICKET_0004323,STORE_09,2024-02-14 13:32:00,23.76,4,CUST_00735
TICKET_0004324,STORE_01,2024-01-10 17:08:00,27.33,3,CUST_00408
TICKET_0004325,STORE_08,2024-02-15 18:59:00,12.0,1,CUST_00710
TICKET_0004326,STORE_05,2024-03-22 13:15:00,24.31,3,CUST_00306
TICKET_0004327,STORE_05,2024-02-02 20:08:00,32.97,4,CUST_00640
TICKET_0004328,STORE_10,2024-01-13 19:12:00,22.09,2,CUST_00378
TICKET_0004329,STORE_09,2024-03-15 18:14:00,19.42,2,CUST_00462
TICKET_0004330,STORE_10,2024-03-07 21:09:00,8.46,1,CUST_00677
TICKET_0004331,STORE_04,2024-02-27 21:13:00,8.31,1,CUST_00793
TICKET_0004332,STORE_07,2024-01-26 12:06:00,24.24,3,CUST_00204
TICKET_0004333,STORE_10,2024-02-11 12:09:00,23.76,2,CUST_00035
TICKET_0004334,STORE_02,2024-03-19 11:44:00,34.38,3,CUST_00950
TICKET_0004335,STORE_09,2024-03-05 12:44:00,18.46,2,CUST_00213
TICKET_0004336,STORE_02,2024-03-07 09:45:00,39.91,3,CUST_00008
TICKET_0004337,STORE_09,2024-01-04 09:56:00,36.23,3,CUST_00768
TICKET_0004338,STORE_09,2024-01-15 12:40:00,7.45,1,CUST_00760
TICKET_0004339,STORE_02,2024-03-23 15:10:00,36.11,5,CUST_00423
TICKET_0004340,STORE_02,2024-03-28 12:09:00,27.35,3,CUST_00226
TICKET_0004341,STORE_10,2024-03-20 07:55:00,14.1,1,CUST_00575
TICKET_0004342,STORE_03,2024-02-02 17:58:00,7.38,1,CUST_00064
TICKET_0004343,STORE_07,2024-03-21 07:24:00,14.62,1,CUST_00469
TICKET_0004344,STORE_09,2024-01-17 11:57:00,34.48,4,CUST_00233
TICKET_0004345,STORE_08,2024-03-17 19:25:00,6.31,1,CUST_00675
TICKET_0004346,STORE_02,2024-01-31 17:36:00,17.46,3,CUST_00915
TICKET_0004347,STORE_07,2024-03-03 20:28:00,44.81,5,CUST_00060
TICKET_0004348,STORE_01,2024-02-17 19:12:00,2.41,1,CUST_00647
TICKET_0004349,STORE_03,2024-03-27 18:08:00,17.8,2,CUST_00619
TICKET_0004350,STORE_09,2024-02-23 08:53:00,4.14,1,CUST_00763
TICKET_0004351,STORE_08,2024-01-02 19:02:00,9.76,1,CUST_00668
TICKET_0004352,STORE_03,2024-03-28 12:18:00,12.31,3,CUST_00022
TICKET_0004353,STORE_02,2024-03-08 16:27:00,4.68,2,CUST_00032
TICKET_0004354,STORE_06,2024-01-24 13:13:00,6.84,1,CUST_00933
TICKET_0004355,STORE_03,2024-02-04 14:22:00,23.62,2,CUST_00397
TICKET_0004356,STORE_09,2024-01-05 16:26:00,39.84,5,CUST_00448
TICKET_0004357,STORE_06,2024-01-14 21:07:00,2.49,1,CUST_00663
TICKET_0004358,STORE_02,2024-02-19 16:06:00,15.31,3,CUST_00382
TICKET_0004359,STORE_05,2024-02-17 10:57:00,40.29,4,CUST_00367
TICKET_0004360,STORE_04,2024-01-24 18:04:00,35.52,5,CUST_00069
TICKET_0004361,STORE_06,2024-02-05 09:50:00,31.39,3,CUST_00684
TICKET_0004362,STORE_09,2024-02-22 13:27:00,24.95,3,CUST_00275
TICKET_0004363,STORE_05,2024-01-16 20:00:00,16.17,2,CUST_00955
TICKET_0004364,STORE_10,2024-03-22 16:44:00,22.4,3,CUST_00008
TICKET_0004365,STORE_10,2024-01-15 18:22:00,20.29,2,CUST_00770
TICKET_0004366,STORE_09,2024-03-22 20:33:00,19.74,2,CUST_00501
TICKET_0004367,STORE_05,2024-02-07 15:23:00,8.64,1,CUST_00266
TICKET_0004368,STORE_10,2024-02-13 13:03:00,24.1,2,CUST_00805
TICKET_0004369,STORE_09,2024-03-30 14:56:00,26.22,3,CUST_00520
TICKET_0004370,STORE_07,2024-02-26 16:29:00,4.18,1,CUST_00455
TICKET_0004371,STORE_07,2024-03-29 11:43:00,27.22,4,CUST_00046
TICKET_0004372,STORE_01,2024-01-02 11:54:00,29.77,4,CUST_00899
TICKET_0004373,STORE_05,2024-01-15 19:06:00,23.03,4,CUST_00133
TICKET_0004374,STORE_01,2024-01-27 13:17:00,13.51,1,CUST_00759
TICKET_0004375,STORE_01,2024-03-05 18:27:00,15.2,2,CUST_00618
TICKET_0004376,STORE_07,2024-01-04 11:22:00,26.01,3,CUST_00077
TICKET_0004377,STORE_07,2024-03-29 17:34:00,9.98,1,CUST_00439
TICKET_0004378,STORE_06,2024-03-30 19:56:00,49.33,4,CUST_00037
TICKET_0004379,STORE_07,2024-02-27 13:24:00,16.15,2,CUST_00691
TICKET_0004380,STORE_06,2024-03-14 15:25:00,14.44,1,CUST_00273
TICKET_0004381,STORE_04,2024-02-06 08:34:00,14.43,2,CUST_00868
TICKET_0004382,STORE_07,2024-02-04 12:57:00,15.6,2,CUST_00380
TICKET_0004383,STORE_09,2024-01-25 15:58:00,15.98,2,CUST_01000
TICKET_0004384,STORE_09,2024-03-15 13:30:00,12.72,2,CUST_00779
TICKET_0004385,STORE_08,2024-03-02 09:31:00,9.67,1,CUST_00031
TICKET_0004386,STORE_06,2024-01-07 11:06:00,20.6,2,CUST_00091
TICKET_0004387,STORE_08,2024-03-14 14:11:00,6.13,2,CUST_00889
TICKET_0004388,STORE_03,2024-02-28 09:57:00,20.59,3,CUST_00715
TICKET_0004389,STORE_06,2024-02-27 16:17:00,13.75,1,CUST_00359
TICKET_0004390,STORE_06,2024-02-23 19:33:00,18.14,2,CUST_00050
TICKET_0004391,STORE_02,2024-01-08 13:12:00,13.92,1,CUST_00380
TICKET_0004392,STORE_01,2024-01-25 15:03:00,7.8,2,CUST_00675
TICKET_0004393,STORE_04,2024-02-28 19:59:00,7.74,1,CUST_00311
TICKET_0004394,STORE_02,2024-01-12 20:08:00,20.11,2,CUST_00738
TICKET_0004395,STORE_05,2024-01-31 17:33:00,14.91,3,CUST_00144
TICKET_0004396,STORE_09,2024-03-05 07:19:00,7.15,1,CUST_00139
TICKET_0004397,STORE_03,2024-01-07 17:30:00,2.71,1,CUST_00010
TICKET_0004398,STORE_03,2024-03-18 16:23:00,21.71,3,CUST_00801
TICKET_0004399,STORE_08,2024-03-02 17:41:00,15.26,1,CUST_00019
TICKET_0004400,STORE_05,2024-01-20 20:30:00,7.12,2,CUST_00101
TICKET_0004401,STORE_08,2024-02-25 08:46:00,23.26,2,CUST_00125
TICKET_0004402,STORE_04,2024-03-15 10:27:00,22.56,3,CUST_00496
TICKET_0004403,STORE_05,2024-03-11 16:46:00,12.64,2,CUST_00186
TICKET_0004404,STORE_10,2024-02-03 16:40:00,24.65,3,CUST_00031
TICKET_0004405,STORE_01,2024-01-19 10:45:00,3.62,1,CUST_00310
TICKET_0004406,STORE_06,2024-01-01 14:30:00,6.88,2,CUST_00702
TICKET_0004407,STORE_09,2024-03-15 12:13:00,13.93,1,CUST_00220
TICKET_0004408,STORE_10,2024-03-27 18:33:00,11.29,2,CUST_00077
TICKET_0004409,STORE_07,2024-02-12 08:25:00,17.79,3,CUST_00420
TICKET_0004410,STORE_02,2024-03-03 10:23:00,26.16,3,CUST_00325
TICKET_0004411,STORE_10,2024-01-16 16:17:00,25.78,3,CUST_00650
TICKET_0004412,STORE_03,2024-03-11 20:59:00,4.5,1,CUST_00311
TICKET_0004413,STORE_06,2024-01-03 08:51:00,41.31,4,CUST_00175
TICKET_0004414,STORE_01,2024-02-24 15:20:00,9.28,1,CUST_00822
TICKET_0004415,STORE_05,2024-01-09 20:02:00,35.32,5,CUST_00525
TICKET_0004416,STORE_02,2024-02-16 11:45:00,18.47,2,CUST_00837
TICKET_0004417,STORE_01,2024-02-19 12:46:00,3.29,1,CUST_00904
TICKET_0004418,STORE_04,2024-03-13 14:50:00,24.3,3,CUST_00052
TICKET_0004419,STORE_04,2024-02-27 21:52:00,8.83,1,CUST_00826
TICKET_0004420,STORE_06,2024-02-03 14:40:00,14.25,2,CUST_00873
TICKET_0004421,STORE_10,2024-01-11 08:21:00,15.77,2,CUST_00903
TICKET_0004422,STORE_10,2024-02-08 14:23:00,16.09,2,CUST_00034
TICKET_0004423,STORE_09,2024-03-08 21:47:00,14.41,2,CUST_00034
TICKET_0004424,STORE_08,2024-03-17 08:25:00,14.07,2,CUST_00938
TICKET_0004425,STORE_02,2024-02-15 20:02:00,23.7,3,CUST_00074
TICKET_0004426,STORE_02,2024-02-27 09:35:00,25.01,3,CUST_00085
TICKET_0004427,STORE_04,2024-02-15 12:55:00,9.06,1,CUST_00922
TICKET_0004428,STORE_10,2024-01-26 13:41:00,11.68,1,CUST_00823
TICKET_0004429,STORE_05,2024-03-07 08:28:00,17.37,2,CUST_00878
TICKET_0004430,STORE_09,2024-03-16 18:45:00,8.84,2,CUST_00695
TICKET_0004431,STORE_04,2024-02-23 14:39:00,19.58,2,CUST_00622
TICKET_0004432,STORE_03,2024-01-20 14:26:00,11.98,2,CUST_00435
TICKET_0004433,STORE_10,2024-03-16 19:24:00,23.81,2,CUST_00553
TICKET_0004434,STORE_01,2024-03-03 07:08:00,10.05,1,CUST_00680
TICKET_0004435,STORE_01,2024-02-12 21:15:00,9.65,1,CUST_00400
TICKET_0004436,STORE_01,2024-01-04 18:08:00,23.64,3,CUST_00360
TICKET_0004437,STORE_09,2024-01-22 20:36:00,33.87,3,CUST_00407
TICKET_0004438,STORE_05,2024-03-23 14:57:00,13.17,3,CUST_00927
TICKET_0004439,STORE_05,2024-03-22 15:09:00,14.28,1,CUST_00410
TICKET_0004440,STORE_10,2024-01-23 14:21:00,21.37,2,CUST_00479
TICKET_0004441,STORE_10,2024-02-22 10:47:00,15.45,2,CUST_00514
TICKET_0004442,STORE_08,2024-02-23 21:48:00,10.75,2,CUST_00030
TICKET_0004443,STORE_02,2024-03-07 13:41:00,8.41,1,CUST_00648
TICKET_0004444,STORE_10,2024-01-14 11:26:00,42.87,4,CUST_00248
TICKET_0004445,STORE_09,2024-01-07 10:38:00,4.29,1,CUST_00196
TICKET_0004446,STORE_06,2024-02-11 16:58:00,29.97,4,CUST_00112
TICKET_0004447,STORE_08,2024-02-21 21:41:00,17.51,3,CUST_00438
TICKET_0004448,STORE_07,2024-02-16 07:10:00,22.52,3,CUST_00006
TICKET_0004449,STORE_10,2024-02-22 15:32:00,8.94,1,CUST_00047
TICKET_0004450,STORE_07,2024-01-26 12:06:00,15.7,2,CUST_00532
TICKET_0004451,STORE_10,2024-03-03 20:35:00,3.28,1,CUST_00165
TICKET_0004452,STORE_05,2024-02-28 20:40:00,14.02,2,CUST_00873
TICKET_0004453,STORE_01,2024-01-25 19:01:00,8.23,1,CUST_00269
TICKET_0004454,STORE_10,2024-01-21 10:24:00,7.24,2,CUST_00026
TICKET_0004455,STORE_02,2024-01-02 17:15:00,20.82,2,CUST_00061
TICKET_0004456,STORE_10,2024-03-20 11:03:00,21.39,3,CUST_00645
TICKET_0004457,STORE_04,2024-01-25 09:24:00,24.26,2,CUST_00862
TICKET_0004458,STORE_06,2024-02-19 08:02:00,4.34,1,CUST_00408
TICKET_0004459,STORE_02,2024-01-02 13:22:00,16.75,2,CUST_00091
TICKET_0004460,STORE_03,2024-03-21 14:14:00,49.93,5,CUST_00640
TICKET_0004461,STORE_03,2024-01-28 18:01:00,17.27,2,CUST_00224
TICKET_0004462,STORE_08,2024-03-13 08:21:00,24.35,3,CUST_00296
TICKET_0004463,STORE_02,2024-02-20 12:49:00,12.04,3,CUST_00086
TICKET_0004464,STORE_01,2024-02-16 10:52:00,8.03,1,CUST_00821
TICKET_0004465,STORE_07,2024-01-31 21:02:00,13.35,2,CUST_00577
TICKET_0004466,STORE_02,2024-01-30 13:52:00,14.84,2,CUST_00949
TICKET_0004467,STORE_10,2024-03-24 07:21:00,21.32,4,CUST_00253
TICKET_0004468,STORE_02,2024-02-09 12:42:00,4.46,1,CUST_00242
TICKET_0004469,STORE_06,2024-01-12 21:03:00,14.5,1,CUST_00912
TICKET_0004470,STORE_03,2024-03-22 15:23:00,6.53,1,CUST_00567
TICKET_0004471,STORE_01,2024-01-28 21:10:00,10.52,1,CUST_00177
TICKET_0004472,STORE_05,2024-02-25 10:22:00,6.37,1,CUST_00628
TICKET_0004473,STORE_07,2024-03-03 21:18:00,11.92,1,CUST_00404
TICKET_0004474,STORE_02,2024-03-12 16:52:00,13.7,2,CUST_00076
TICKET_0004475,STORE_03,2024-02-07 12:50:00,28.14,3,CUST_00448
TICKET_0004476,STORE_05,2024-01-21 12:18:00,27.22,3,CUST_00042
TICKET_0004477,STORE_07,2024-03-05 17:40:00,3.4,1,CUST_00596
TICKET_0004478,STORE_05,2024-03-19 08:53:00,14.89,1,CUST_00756
TICKET_0004479,STORE_03,2024-03-30 20:41:00,9.45,1,CUST_00243
TICKET_0004480,STORE_07,2024-03-22 08:56:00,31.64,4,CUST_00500
TICKET_0004481,STORE_09,2024-03-24 14:49:00,11.88,2,CUST_00158
TICKET_0004482,STORE_07,2024-01-05 19:39:00,20.72,3,CUST_00335
TICKET_0004483,STORE_01,2024-03-27 12:14:00,8.41,2,CUST_00221
TICKET_0004484,STORE_09,2024-03-11 17:47:00,3.15,1,CUST_00200
TICKET_0004485,STORE_05,2024-01-30 12:22:00,3.28,1,CUST_00996
TICKET_0004486,STORE_01,2024-03-13 10:47:00,12.49,2,CUST_00108
TICKET_0004487,STORE_03,2024-02-26 20:26:00,29.94,5,CUST_00390
TICKET_0004488,STORE_09,2024-02-11 21:36:00,17.44,2,CUST_00088
TICKET_0004489,STORE_10,2024-02-08 10:37:00,16.9,3,CUST_00542
TICKET_0004490,STORE_08,2024-03-21 21:55:00,44.87,4,CUST_00409
TICKET_0004491,STORE_03,2024-03-08 07:14:00,8.87,1,CUST_00269
TICKET_0004492,STORE_07,2024-02-14 07:11:00,11.13,1,CUST_00659
TICKET_0004493,STORE_05,2024-02-25 09:24:00,19.9,3,CUST_00192
TICKET_0004494,STORE_08,2024-02-26 14:19:00,22.2,2,CUST_00066
TICKET_0004495,STORE_05,2024-02-18 07:51:00,12.5,2,CUST_00010
TICKET_0004496,STORE_03,2024-01-16 17:42:00,9.44,1,CUST_00301
TICKET_0004497,STORE_09,2024-02-14 15:36:00,27.51,3,CUST_00900
TICKET_0004498,STORE_05,2024-01-28 11:43:00,16.95,2,CUST_00514
TICKET_0004499,STORE_03,2024-03-30 10:19:00,6.13,1,CUST_00150
TICKET_0004500,STORE_07,2024-03-30 10:26:00,23.25,3,CUST_00708
TICKET_0004501,STORE_02,2024-02-29 18:41:00,28.77,5,CUST_00536
TICKET_0004502,STORE_03,2024-01-06 08:29:00,24.5,3,CUST_00428
TICKET_0004503,STORE_05,2024-01-08 14:31:00,3.21,1,CUST_00971
TICKET_0004504,STORE_01,2024-02-02 16:47:00,25.38,3,CUST_00913
TICKET_0004505,STORE_01,2024-01-10 13:12:00,16.98,2,CUST_00510
TICKET_0004506,STORE_03,2024-03-13 12:02:00,12.57,2,CUST_00678
TICKET_0004507,STORE_09,2024-03-05 20:21:00,20.57,3,CUST_00712
TICKET_0004508,STORE_04,2024-01-25 09:14:00,8.82,2,CUST_00540
TICKET_0004509,STORE_02,2024-02-10 13:41:00,16.53,2,CUST_00274
TICKET_0004510,STORE_01,2024-02-17 18:47:00,7.6,1,CUST_00136
TICKET_0004511,STORE_04,2024-01-24 18:58:00,37.32,4,CUST_00433
TICKET_0004512,STORE_07,2024-01-28 12:57:00,24.25,3,CUST_00283
TICKET_0004513,STORE_08,2024-03-23 12:06:00,8.1,2,CUST_00600
TICKET_0004514,STORE_08,2024-03-04 10:27:00,28.42,3,CUST_00836
TICKET_0004515,STORE_05,2024-03-26 08:40:00,13.5,1,CUST_00344
TICKET_0004516,STORE_10,2024-03-29 14:41:00,5.88,1,CUST_00506
TICKET_0004517,STORE_01,2024-01-09 13:56:00,2.63,1,CUST_00897
TICKET_0004518,STORE_03,2024-01-14 11:40:00,13.95,3,CUST_00568
TICKET_0004519,STORE_08,2024-03-23 20:46:00,13.63,3,CUST_00346
TICKET_0004520,STORE_01,2024-02-08 10:11:00,34.85,3,CUST_00009
TICKET_0004521,STORE_08,2024-03-06 18:57:00,12.89,2,CUST_00300
TICKET_0004522,STORE_10,2024-01-06 07:01:00,3.35,1,CUST_00780
TICKET_0004523,STORE_06,2024-03-23 16:56:00,30.22,3,CUST_00639
TICKET_0004524,STORE_08,2024-01-14 10:01:00,18.88,3,CUST_00451
TICKET_0004525,STORE_06,2024-03-12 16:45:00,10.1,1,CUST_00770
TICKET_0004526,STORE_06,2024-01-10 09:43:00,29.52,5,CUST_00295
TICKET_0004527,STORE_08,2024-03-24 15:55:00,14.6,2,CUST_00610
TICKET_0004528,STORE_02,2024-02-20 08:27:00,24.23,2,CUST_00788
TICKET_0004529,STORE_02,2024-02-06 17:59:00,13.56,2,CUST_00278
TICKET_0004530,STORE_03,2024-02-06 12:29:00,22.58,4,CUST_00547
TICKET_0004531,STORE_09,2024-03-10 19:16:00,14.22,1,CUST_00163
TICKET_0004532,STORE_06,2024-01-05 16:40:00,32.58,4,CUST_00729
TICKET_0004533,STORE_06,2024-03-12 16:34:00,32.19,4,CUST_00858
TICKET_0004534,STORE_07,2024-01-07 09:08:00,9.61,2,CUST_00557
TICKET_0004535,STORE_10,2024-01-16 08:25:00,17.48,2,CUST_00217
TICKET_0004536,STORE_09,2024-01-10 16:14:00,33.76,4,CUST_00631
TICKET_0004537,STORE_08,2024-03-22 20:18:00,14.66,2,CUST_00654
TICKET_0004538,STORE_04,2024-02-13 17:43:00,26.02,3,CUST_00942
TICKET_0004539,STORE_10,2024-03-17 07:51:00,15.5,2,CUST_00931
TICKET_0004540,STORE_05,2024-01-06 12:55:00,12.51,2,CUST_00875
TICKET_0004541,STORE_05,2024-02-13 13:46:00,21.51,5,CUST_00421
TICKET_0004542,STORE_01,2024-03-29 08:04:00,43.69,5,CUST_00083
TICKET_0004543,STORE_07,2024-01-18 13:57:00,13.58,1,CUST_00291
TICKET_0004544,STORE_08,2024-02-04 18:55:00,14.75,2,CUST_00637
TICKET_0004545,STORE_07,2024-01-27 11:17:00,17.15,2,CUST_00380
TICKET_0004546,STORE_10,2024-03-10 13:36:00,25.03,3,CUST_00762
TICKET_0004547,STORE_06,2024-02-15 07:38:00,16.79,2,CUST_00194
TICKET_0004548,STORE_08,2024-02-06 10:34:00,20.68,3,CUST_00741
TICKET_0004549,STORE_02,2024-03-05 08:31:00,21.07,3,CUST_00663
TICKET_0004550,STORE_01,2024-02-12 08:25:00,3.16,1,CUST_00429
TICKET_0004551,STORE_02,2024-01-26 13:36:00,27.82,2,CUST_00121
TICKET_0004552,STORE_05,2024-03-18 11:57:00,11.49,2,CUST_00488
TICKET_0004553,STORE_09,2024-02-09 16:36:00,3.36,1,CUST_00848
TICKET_0004554,STORE_06,2024-01-12 07:35:00,11.87,1,CUST_00359
TICKET_0004555,STORE_07,2024-01-18 12:13:00,30.7,5,CUST_00844
TICKET_0004556,STORE_08,2024-03-23 17:54:00,28.7,4,CUST_00085
TICKET_0004557,STORE_10,2024-03-30 17:24:00,33.0,3,CUST_00070
TICKET_0004558,STORE_07,2024-02-10 12:42:00,24.93,5,CUST_00883
TICKET_0004559,STORE_04,2024-02-17 07:37:00,9.9,2,CUST_00322
TICKET_0004560,STORE_10,2024-02-08 21:27:00,33.25,4,CUST_00689
TICKET_0004561,STORE_05,2024-01-24 18:58:00,3.63,1,CUST_00030
TICKET_0004562,STORE_06,2024-02-23 12:06:00,3.07,1,CUST_00812
TICKET_0004563,STORE_07,2024-03-05 07:05:00,21.06,2,CUST_00762
TICKET_0004564,STORE_10,2024-03-18 18:18:00,9.72,1,CUST_00234
TICKET_0004565,STORE_04,2024-01-18 17:57:00,12.22,2,CUST_00507
TICKET_0004566,STORE_07,2024-01-11 21:50:00,38.62,4,CUST_00851
TICKET_0004567,STORE_01,2024-02-01 16:21:00,6.52,1,CUST_00737
TICKET_0004568,STORE_08,2024-01-13 08:39:00,19.6,2,CUST_00860
TICKET_0004569,STORE_09,2024-01-22 09:58:00,21.74,2,CUST_00145
TICKET_0004570,STORE_06,2024-03-05 17:09:00,10.33,2,CUST_00324
TICKET_0004571,STORE_09,2024-02-24 13:25:00,11.14,2,CUST_00619
TICKET_0004572,STORE_09,2024-02-04 17:22:00,10.21,2,CUST_00931
TICKET_0004573,STORE_08,2024-01-07 15:44:00,38.24,3,CUST_00080
TICKET_0004574,STORE_03,2024-02-01 14:07:00,4.45,1,CUST_00139
TICKET_0004575,STORE_03,2024-02-28 12:45:00,6.04,1,CUST_00934
TICKET_0004576,STORE_07,2024-03-19 14:10:00,17.98,2,CUST_00302
TICKET_0004577,STORE_06,2024-02-25 08:17:00,22.98,2,CUST_00310
TICKET_0004578,STORE_07,2024-03-09 21:14:00,36.63,4,CUST_00673
TICKET_0004579,STORE_09,2024-02-23 09:06:00,3.01,1,CUST_00865
TICKET_0004580,STORE_04,2024-02-08 07:07:00,8.2,1,CUST_00229
TICKET_0004581,STORE_09,2024-01-10 08:42:00,9.27,1,CUST_00770
TICKET_0004582,STORE_03,2024-03-02 10:13:00,12.7,1,CUST_00907
TICKET_0004583,STORE_06,2024-01-04 13:01:00,10.84,2,CUST_00699
TICKET_0004584,STORE_09,2024-03-31 11:18:00,4.2,1,CUST_00571
TICKET_0004585,STORE_01,2024-02-25 07:33:00,8.8,1,CUST_00724
TICKET_0004586,STORE_07,2024-02-05 18:47:00,35.66,3,CUST_00718
TICKET_0004587,STORE_03,2024-01-27 15:35:00,13.96,2,CUST_00289
TICKET_0004588,STORE_10,2024-02-09 21:31:00,17.08,2,CUST_00194
TICKET_0004589,STORE_10,2024-03-23 07:39:00,12.34,2,CUST_00843
TICKET_0004590,STORE_07,2024-03-08 10:15:00,26.57,3,CUST_00381
TICKET_0004591,STORE_09,2024-01-16 14:45:00,31.39,3,CUST_00385
TICKET_0004592,STORE_10,2024-02-05 16:23:00,16.13,3,CUST_00823
TICKET_0004593,STORE_04,2024-03-27 12:22:00,15.11,1,CUST_00646
TICKET_0004594,STORE_09,2024-01-03 07:44:00,8.66,2,CUST_00663
TICKET_0004595,STORE_07,2024-03-20 09:19:00,16.09,2,CUST_00402
TICKET_0004596,STORE_06,2024-02-29 07:28:00,12.95,2,CUST_00115
TICKET_0004597,STORE_04,2024-03-09 15:22:00,8.07,1,CUST_00687
TICKET_0004598,STORE_10,2024-02-09 19:08:00,16.7,2,CUST_00800
TICKET_0004599,STORE_03,2024-02-22 11:00:00,17.57,2,CUST_00694
TICKET_0004600,STORE_10,2024-01-07 12:58:00,6.17,1,CUST_00013
TICKET_0004601,STORE_06,2024-03-02 11:32:00,12.68,2,CUST_00909
TICKET_0004602,STORE_02,2024-01-18 17:59:00,25.11,3,CUST_00898
TICKET_0004603,STORE_03,2024-03-10 17:37:00,14.99,2,CUST_00457
TICKET_0004604,STORE_04,2024-02-28 20:44:00,14.08,2,CUST_00139
TICKET_0004605,STORE_02,2024-02-03 12:42:00,15.15,2,CUST_00651
TICKET_0004606,STORE_06,2024-01-02 07:14:00,7.74,1,CUST_00538
TICKET_0004607,STORE_10,2024-03-05 20:43:00,14.19,1,CUST_00744
TICKET_0004608,STORE_03,2024-02-03 19:02:00,48.75,5,CUST_00387
TICKET_0004609,STORE_06,2024-01-22 21:18:00,13.85,2,CUST_00572
TICKET_0004610,STORE_07,2024-03-29 18:05:00,26.13,3,CUST_00557
TICKET_0004611,STORE_04,2024-03-25 16:15:00,7.56,2,CUST_00848
TICKET_0004612,STORE_06,2024-01-09 16:40:00,15.58,3,CUST_00490
TICKET_0004613,STORE_03,2024-01-27 12:57:00,35.27,5,CUST_00660
TICKET_0004614,STORE_07,2024-02-22 16:14:00,22.07,3,CUST_00301
TICKET_0004615,STORE_06,2024-03-11 20:25:00,3.44,1,CUST_00276
TICKET_0004616,STORE_05,2024-02-12 09:06:00,8.89,1,CUST_00413
TICKET_0004617,STORE_02,2024-03-14 12:03:00,24.43,3,CUST_00271
TICKET_0004618,STORE_07,2024-02-26 16:45:00,26.42,2,CUST_00060
TICKET_0004619,STORE_06,2024-03-18 09:03:00,26.34,3,CUST_00548
TICKET_0004620,STORE_10,2024-01-08 10:17:00,19.31,2,CUST_00950
TICKET_0004621,STORE_10,2024-02-21 20:46:00,32.94,4,CUST_00536
TICKET_0004622,STORE_05,2024-01-01 15:37:00,22.68,2,CUST_00236
TICKET_0004623,STORE_08,2024-03-16 11:39:00,29.28,2,CUST_00429
TICKET_0004624,STORE_04,2024-01-26 14:29:00,6.15,2,CUST_00447
TICKET_0004625,STORE_10,2024-03-13 14:31:00,26.74,4,CUST_00721
TICKET_0004626,STORE_03,2024-02-25 11:16:00,13.33,2,CUST_00410
TICKET_0004627,STORE_02,2024-02-12 17:58:00,36.48,3,CUST_00398
TICKET_0004628,STORE_01,2024-01-06 08:21:00,15.52,2,CUST_00413
TICKET_0004629,STORE_07,2024-02-09 21:07:00,27.08,4,CUST_00699
TICKET_0004630,STORE_03,2024-03-08 18:37:00,9.84,1,CUST_00137
TICKET_0004631,STORE_10,2024-02-11 20:05:00,4.47,1,CUST_00733
TICKET_0004632,STORE_04,2024-03-03 21:35:00,26.24,3,CUST_00032
TICKET_0004633,STORE_05,2024-01-30 16:43:00,3.02,1,CUST_00462
TICKET_0004634,STORE_01,2024-01-09 19:04:00,9.47,1,CUST_00164
TICKET_0004635,STORE_04,2024-03-09 17:14:00,16.99,3,CUST_00329
TICKET_0004636,STORE_07,2024-01-15 12:37:00,14.79,2,CUST_00151
TICKET_0004637,STORE_08,2024-03-21 16:21:00,5.92,2,CUST_00093
TICKET_0004638,STORE_05,2024-01-30 18:26:00,10.27,1,CUST_00968
TICKET_0004639,STORE_05,2024-02-02 07:51:00,21.44,2,CUST_00953
TICKET_0004640,STORE_04,2024-02-20 19:08:00,4.48,1,CUST_00670
TICKET_0004641,STORE_06,2024-03-20 20:06:00,8.2,2,CUST_00091
TICKET_0004642,STORE_10,2024-03-18 08:57:00,17.51,2,CUST_00572
TICKET_0004643,STORE_04,2024-01-02 19:15:00,21.44,2,CUST_00882
TICKET_0004644,STORE_04,2024-02-14 09:55:00,15.45,2,CUST_00748
TICKET_0004645,STORE_02,2024-03-20 20:19:00,3.62,1,CUST_00366
TICKET_0004646,STORE_04,2024-01-25 21:56:00,37.73,3,CUST_00215
TICKET_0004647,STORE_10,2024-03-29 18:53:00,28.54,3,CUST_00174
TICKET_0004648,STORE_10,2024-01-08 17:32:00,31.25,4,CUST_00811
TICKET_0004649,STORE_01,2024-01-07 07:17:00,4.31,1,CUST_00139
TICKET_0004650,STORE_03,2024-03-02 19:37:00,23.33,2,CUST_00683
TICKET_0004651,STORE_01,2024-01-14 18:35:00,18.94,3,CUST_00825
TICKET_0004652,STORE_06,2024-03-06 13:44:00,11.11,2,CUST_00203
TICKET_0004653,STORE_02,2024-03-24 13:28:00,15.25,1,CUST_00156
TICKET_0004654,STORE_04,2024-03-29 17:09:00,2.19,1,CUST_00907
TICKET_0004655,STORE_04,2024-02-17 11:41:00,19.87,3,CUST_00103
TICKET_0004656,STORE_06,2024-02-26 21:56:00,21.11,3,CUST_00541
TICKET_0004657,STORE_04,2024-01-22 08:56:00,21.86,3,CUST_00531
TICKET_0004658,STORE_07,2024-03-16 08:01:00,30.67,3,CUST_00233
TICKET_0004659,STORE_03,2024-01-23 17:30:00,31.86,5,CUST_00498
TICKET_0004660,STORE_04,2024-01-16 11:15:00,4.42,1,CUST_00193
TICKET_0004661,STORE_07,2024-03-09 20:17:00,18.67,3,CUST_00857
TICKET_0004662,STORE_02,2024-01-20 11:34:00,18.36,2,CUST_00136
TICKET_0004663,STORE_03,2024-01-08 07:50:00,21.5,3,CUST_00351
TICKET_0004664,STORE_01,2024-03-19 11:43:00,36.24,3,CUST_00760
TICKET_0004665,STORE_03,2024-01-15 13:13:00,28.06,3,CUST_00790
TICKET_0004666,STORE_04,2024-02-06 21:41:00,16.49,2,CUST_00074
TICKET_0004667,STORE_04,2024-01-29 14:59:00,25.49,3,CUST_00598
TICKET_0004668,STORE_10,2024-03-16 15:45:00,12.17,1,CUST_00880
TICKET_0004669,STORE_09,2024-02-08 12:24:00,22.72,3,CUST_00068
TICKET_0004670,STORE_07,2024-01-26 11:03:00,14.33,1,CUST_00832
TICKET_0004671,STORE_03,2024-02-26 21:17:00,9.01,2,CUST_00132
TICKET_0004672,STORE_08,2024-03-13 11:43:00,6.07,1,CUST_00629
TICKET_0004673,STORE_09,2024-03-08 11:50:00,36.66,4,CUST_00673
TICKET_0004674,STORE_06,2024-01-25 17:39:00,25.42,3,CUST_00323
TICKET_0004675,STORE_06,2024-01-26 19:03:00,16.45,3,CUST_00520
TICKET_0004676,STORE_06,2024-02-03 09:14:00,18.67,2,CUST_00349
TICKET_0004677,STORE_02,2024-03-27 10:13:00,11.74,2,CUST_00918
TICKET_0004678,STORE_01,2024-02-24 20:20:00,8.85,1,CUST_00411
TICKET_0004679,STORE_07,2024-03-06 13:08:00,7.16,2,CUST_00393
TICKET_0004680,STORE_08,2024-01-13 09:13:00,21.85,2,CUST_00226
TICKET_0004681,STORE_10,2024-03-07 13:58:00,21.93,2,CUST_00013
TICKET_0004682,STORE_03,2024-03-31 08:15:00,16.89,3,CUST_00810
TICKET_0004683,STORE_05,2024-02-25 10:24:00,23.39,4,CUST_00370
TICKET_0004684,STORE_05,2024-01-04 07:06:00,52.03,5,CUST_00689
TICKET_0004685,STORE_09,2024-01-23 11:07:00,24.83,3,CUST_00361
TICKET_0004686,STORE_05,2024-01-22 08:23:00,11.15,1,CUST_00693
TICKET_0004687,STORE_01,2024-01-09 17:20:00,10.57,1,CUST_00399
TICKET_0004688,STORE_07,2024-01-28 09:18:00,19.55,2,CUST_00798
TICKET_0004689,STORE_10,2024-02-14 08:30:00,12.75,1,CUST_00654
TICKET_0004690,STORE_03,2024-02-02 21:26:00,13.96,2,CUST_00650
TICKET_0004691,STORE_10,2024-03-16 21:47:00,7.75,1,CUST_00241
TICKET_0004692,STORE_07,2024-03-21 08:36:00,46.22,5,CUST_00498
TICKET_0004693,STORE_07,2024-03-11 17:35:00,5.25,1,CUST_00609
TICKET_0004694,STORE_10,2024-02-04 13:51:00,19.92,4,CUST_00574
TICKET_0004695,STORE_10,2024-02-09 07:50:00,4.55,1,CUST_00734
TICKET_0004696,STORE_03,2024-03-28 17:47:00,13.8,1,CUST_00663
TICKET_0004697,STORE_01,2024-01-26 08:03:00,5.17,1,CUST_00095
TICKET_0004698,STORE_05,2024-01-09 18:32:00,37.03,4,CUST_00734
TICKET_0004699,STORE_09,2024-03-04 18:22:00,22.68,3,CUST_00147
TICKET_0004700,STORE_09,2024-02-14 10:56:00,14.2,1,CUST_00770
TICKET_0004701,STORE_07,2024-02-13 13:47:00,38.71,4,CUST_00058
TICKET_0004702,STORE_04,2024-03-15 08:22:00,27.28,3,CUST_00464
TICKET_0004703,STORE_02,2024-03-31 11:42:00,13.27,2,CUST_00160
TICKET_0004704,STORE_05,2024-03-03 16:06:00,37.17,4,CUST_00434
TICKET_0004705,STORE_09,2024-01-18 14:07:00,5.65,2,CUST_00670
TICKET_0004706,STORE_08,2024-01-04 20:26:00,9.56,1,CUST_00872
TICKET_0004707,STORE_08,2024-03-17 11:17:00,21.65,3,CUST_00363
TICKET_0004708,STORE_05,2024-01-24 13:40:00,12.24,1,CUST_00277
TICKET_0004709,STORE_04,2024-01-09 21:07:00,5.61,1,CUST_00712
TICKET_0004710,STORE_10,2024-01-18 08:57:00,16.39,2,CUST_00857
TICKET_0004711,STORE_06,2024-03-25 21:48:00,24.12,3,CUST_00197
TICKET_0004712,STORE_04,2024-03-10 17:30:00,3.27,1,CUST_00556
TICKET_0004713,STORE_07,2024-03-31 15:41:00,21.31,2,CUST_01000
TICKET_0004714,STORE_10,2024-03-10 20:08:00,44.64,4,CUST_00890
TICKET_0004715,STORE_06,2024-03-14 20:32:00,27.4,4,CUST_00387
TICKET_0004716,STORE_07,2024-03-21 16:02:00,25.94,3,CUST_00364
TICKET_0004717,STORE_06,2024-02-07 11:45:00,21.52,4,CUST_00547
TICKET_0004718,STORE_07,2024-02-29 09:31:00,18.66,3,CUST_00741
TICKET_0004719,STORE_01,2024-01-12 16:49:00,15.32,2,CUST_00716
TICKET_0004720,STORE_02,2024-02-16 10:49:00,15.34,2,CUST_00724
TICKET_0004721,STORE_10,2024-03-17 19:52:00,18.28,2,CUST_00563
TICKET_0004722,STORE_10,2024-01-23 08:38:00,41.48,6,CUST_00997
TICKET_0004723,STORE_05,2024-01-26 07:46:00,20.54,4,CUST_00816
TICKET_0004724,STORE_02,2024-03-14 12:36:00,15.02,2,CUST_00755
TICKET_0004725,STORE_05,2024-02-04 08:38:00,30.57,3,CUST_00847
TICKET_0004726,STORE_04,2024-03-25 09:17:00,33.7,5,CUST_00369
TICKET_0004727,STORE_02,2024-02-23 15:01:00,16.56,2,CUST_00859
TICKET_0004728,STORE_07,2024-03-30 07:05:00,49.92,5,CUST_00498
TICKET_0004729,STORE_04,2024-03-18 08:47:00,31.27,3,CUST_00207
TICKET_0004730,STORE_09,2024-02-02 11:25:00,41.76,6,CUST_00367
TICKET_0004731,STORE_03,2024-01-06 17:19:00,14.93,1,CUST_00041
TICKET_0004732,STORE_03,2024-02-07 07:24:00,26.45,4,CUST_00382
TICKET_0004733,STORE_09,2024-02-15 12:15:00,14.69,3,CUST_00087
TICKET_0004734,STORE_01,2024-01-01 12:44:00,9.32,2,CUST_00480
TICKET_0004735,STORE_02,2024-02-26 07:55:00,39.02,4,CUST_00233
TICKET_0004736,STORE_04,2024-02-12 17:28:00,27.21,2,CUST_00463
TICKET_0004737,STORE_09,2024-02-24 07:54:00,9.21,2,CUST_00958
TICKET_0004738,STORE_10,2024-02-08 19:57:00,17.15,2,CUST_00320
TICKET_0004739,STORE_09,2024-03-18 11:53:00,20.23,2,CUST_00041
TICKET_0004740,STORE_01,2024-01-14 17:51:00,7.73,2,CUST_00179
TICKET_0004741,STORE_08,2024-03-25 08:56:00,13.59,2,CUST_00700
TICKET_0004742,STORE_02,2024-02-13 11:14:00,4.61,1,CUST_00868
TICKET_0004743,STORE_07,2024-01-03 18:53:00,23.9,3,CUST_00688
TICKET_0004744,STORE_07,2024-03-17 19:29:00,20.78,4,CUST_00373
TICKET_0004745,STORE_07,2024-03-13 14:54:00,12.16,3,CUST_00170
TICKET_0004746,STORE_05,2024-03-03 15:26:00,6.28,2,CUST_00045
TICKET_0004747,STORE_02,2024-02-27 07:49:00,27.12,3,CUST_00349
TICKET_0004748,STORE_01,2024-01-24 19:46:00,14.43,1,CUST_00493
TICKET_0004749,STORE_07,2024-02-24 09:06:00,22.56,2,CUST_00992
TICKET_0004750,STORE_02,2024-01-26 15:17:00,8.02,1,CUST_00798
TICKET_0004751,STORE_08,2024-01-17 10:55:00,37.44,3,CUST_00501
TICKET_0004752,STORE_01,2024-01-02 09:33:00,28.91,3,CUST_00522
TICKET_0004753,STORE_09,2024-02-26 12:46:00,4.65,1,CUST_00077
TICKET_0004754,STORE_02,2024-01-28 20:13:00,20.4,2,CUST_00841
TICKET_0004755,STORE_05,2024-03-12 19:34:00,47.16,4,CUST_00883
TICKET_0004756,STORE_04,2024-01-03 17:15:00,31.33,4,CUST_00133
TICKET_0004757,STORE_08,2024-03-26 10:25:00,9.53,1,CUST_00336
TICKET_0004758,STORE_02,2024-01-05 18:04:00,18.92,2,CUST_00580
TICKET_0004759,STORE_06,2024-03-05 21:44:00,37.96,4,CUST_00711
TICKET_0004760,STORE_06,2024-01-04 19:16:00,38.66,4,CUST_00673
TICKET_0004761,STORE_05,2024-03-21 12:31:00,23.67,4,CUST_00233
TICKET_0004762,STORE_01,2024-02-08 20:46:00,17.39,2,CUST_00007
TICKET_0004763,STORE_03,2024-02-02 07:14:00,4.76,1,CUST_00346
TICKET_0004764,STORE_08,2024-01-15 20:44:00,11.09,3,CUST_00661
TICKET_0004765,STORE_09,2024-03-03 10:59:00,19.19,2,CUST_00990
TICKET_0004766,STORE_06,2024-02-18 08:42:00,46.94,5,CUST_00036
TICKET_0004767,STORE_10,2024-02-24 14:13:00,9.51,1,CUST_00710
TICKET_0004768,STORE_03,2024-03-21 17:08:00,5.74,2,CUST_00294
TICKET_0004769,STORE_04,2024-01-23 08:18:00,3.38,1,CUST_00705
TICKET_0004770,STORE_02,2024-03-05 13:45:00,27.19,3,CUST_00933
TICKET_0004771,STORE_01,2024-03-01 18:51:00,16.99,2,CUST_00215
TICKET_0004772,STORE_03,2024-03-16 15:35:00,20.08,2,CUST_00462
TICKET_0004773,STORE_03,2024-01-09 16:41:00,2.49,1,CUST_00837
TICKET_0004774,STORE_05,2024-01-21 14:01:00,42.66,3,CUST_00709
TICKET_0004775,STORE_03,2024-03-15 21:32:00,9.87,1,CUST_00022
TICKET_0004776,STORE_08,2024-03-24 09:58:00,30.84,3,CUST_00057
TICKET_0004777,STORE_03,2024-01-02 13:01:00,22.32,2,CUST_00329
TICKET_0004778,STORE_03,2024-02-09 08:37:00,12.32,1,CUST_00405
TICKET_0004779,STORE_06,2024-02-01 18:25:00,27.17,4,CUST_00640
TICKET_0004780,STORE_07,2024-01-12 08:50:00,15.67,3,CUST_00560
TICKET_0004781,STORE_04,2024-01-18 07:00:00,16.69,2,CUST_00712
TICKET_0004782,STORE_04,2024-03-22 20:00:00,32.28,3,CUST_00626
TICKET_0004783,STORE_08,2024-01-03 17:38:00,12.64,2,CUST_00324
TICKET_0004784,STORE_03,2024-02-01 19:47:00,30.09,3,CUST_00161
TICKET_0004785,STORE_09,2024-01-02 10:54:00,14.2,1,CUST_00089
TICKET_0004786,STORE_04,2024-03-03 10:09:00,10.05,1,CUST_00135
TICKET_0004787,STORE_06,2024-01-23 18:56:00,28.52,3,CUST_00595
TICKET_0004788,STORE_07,2024-02-06 09:20:00,31.93,4,CUST_00381
TICKET_0004789,STORE_01,2024-03-01 10:39:00,20.41,4,CUST_00476
TICKET_0004790,STORE_08,2024-01-21 17:48:00,37.89,4,CUST_00109
TICKET_0004791,STORE_09,2024-03-16 07:20:00,11.37,2,CUST_00077
TICKET_0004792,STORE_01,2024-03-15 07:46:00,12.07,3,CUST_00775
TICKET_0004793,STORE_09,2024-01-17 20:46:00,18.0,2,CUST_00740
TICKET_0004794,STORE_05,2024-01-02 09:58:00,16.89,2,CUST_00742
TICKET_0004795,STORE_07,2024-01-11 16:40:00,12.83,2,CUST_00064
TICKET_0004796,STORE_01,2024-01-08 13:53:00,2.97,1,CUST_00318
TICKET_0004797,STORE_06,2024-01-12 20:44:00,12.6,2,CUST_00302
TICKET_0004798,STORE_04,2024-02-13 17:52:00,35.32,3,CUST_00610
TICKET_0004799,STORE_08,2024-03-31 08:34:00,22.1,2,CUST_00201
TICKET_0004800,STORE_02,2024-03-08 21:23:00,28.9,3,CUST_00293
TICKET_0004801,STORE_10,2024-03-21 20:21:00,36.01,5,CUST_00291
TICKET_0004802,STORE_01,2024-01-22 18:57:00,11.46,1,CUST_00603
TICKET_0004803,STORE_08,2024-02-27 19:34:00,38.93,5,CUST_00324
TICKET_0004804,STORE_10,2024-03-01 19:34:00,33.53,4,CUST_00869
TICKET_0004805,STORE_07,2024-01-19 11:48:00,32.65,4,CUST_00186
TICKET_0004806,STORE_07,2024-02-17 07:36:00,16.39,2,CUST_00677
TICKET_0004807,STORE_04,2024-02-26 12:12:00,9.43,1,CUST_00556
TICKET_0004808,STORE_08,2024-01-10 19:59:00,12.07,2,CUST_00332
TICKET_0004809,STORE_05,2024-01-19 16:14:00,24.99,4,CUST_00011
TICKET_0004810,STORE_04,2024-03-03 13:08:00,20.42,2,CUST_00738
TICKET_0004811,STORE_08,2024-01-12 10:39:00,5.56,1,CUST_00354
TICKET_0004812,STORE_08,2024-01-18 12:04:00,11.64,2,CUST_00819
TICKET_0004813,STORE_05,2024-02-28 17:06:00,17.07,3,CUST_00525
TICKET_0004814,STORE_05,2024-02-13 13:18:00,29.45,3,CUST_00678
TICKET_0004815,STORE_04,2024-03-25 14:42:00,21.87,2,CUST_00613
TICKET_0004816,STORE_07,2024-03-25 14:46:00,45.78,4,CUST_00819
TICKET_0004817,STORE_03,2024-02-13 14:44:00,9.25,1,CUST_00555
TICKET_0004818,STORE_02,2024-03-14 19:14:00,23.43,2,CUST_00344
TICKET_0004819,STORE_07,2024-03-10 10:46:00,5.04,2,CUST_00836
TICKET_0004820,STORE_07,2024-02-15 17:07:00,4.82,1,CUST_00480
TICKET_0004821,STORE_04,2024-02-23 21:57:00,4.24,1,CUST_00587
TICKET_0004822,STORE_05,2024-01-22 13:25:00,9.71,2,CUST_00714
TICKET_0004823,STORE_02,2024-01-17 11:24:00,35.8,3,CUST_00713
TICKET_0004824,STORE_04,2024-02-13 12:34:00,14.37,1,CUST_00705
TICKET_0004825,STORE_02,2024-02-26 17:34:00,58.71,5,CUST_00192
TICKET_0004826,STORE_06,2024-02-13 09:33:00,15.51,3,CUST_00016
TICKET_0004827,STORE_04,2024-02-15 16:13:00,9.81,1,CUST_00482
TICKET_0004828,STORE_08,2024-01-23 20:20:00,11.77,2,CUST_00162
TICKET_0004829,STORE_10,2024-03-27 08:45:00,10.24,2,CUST_00798
TICKET_0004830,STORE_05,2024-01-13 20:39:00,18.28,2,CUST_00151
TICKET_0004831,STORE_09,2024-01-28 20:43:00,7.69,2,CUST_00778
TICKET_0004832,STORE_04,2024-03-24 08:20:00,10.97,1,CUST_00797
TICKET_0004833,STORE_04,2024-02-07 19:40:00,20.8,2,CUST_00468
TICKET_0004834,STORE_07,2024-03-13 08:30:00,6.73,1,CUST_00114
TICKET_0004835,STORE_08,2024-01-11 09:51:00,6.91,1,CUST_00907
TICKET_0004836,STORE_07,2024-01-29 11:16:00,22.74,3,CUST_00377
TICKET_0004837,STORE_06,2024-01-23 11:25:00,28.21,3,CUST_00419
TICKET_0004838,STORE_08,2024-02-18 09:49:00,32.97,4,CUST_00341
TICKET_0004839,STORE_01,2024-01-12 11:05:00,26.36,2,CUST_00599
TICKET_0004840,STORE_06,2024-01-30 14:48:00,23.78,3,CUST_00216
TICKET_0004841,STORE_10,2024-02-17 19:11:00,35.18,5,CUST_00782
TICKET_0004842,STORE_04,2024-01-07 21:53:00,12.89,2,CUST_00936
TICKET_0004843,STORE_04,2024-03-26 14:13:00,16.89,2,CUST_00742
TICKET_0004844,STORE_07,2024-03-02 21:32:00,12.12,3,CUST_00678
TICKET_0004845,STORE_09,2024-03-21 16:54:00,12.02,2,CUST_00162
TICKET_0004846,STORE_06,2024-01-03 07:10:00,37.19,3,CUST_00915
TICKET_0004847,STORE_09,2024-02-06 21:49:00,9.0,2,CUST_00426
TICKET_0004848,STORE_06,2024-03-23 12:41:00,6.17,1,CUST_00451
TICKET_0004849,STORE_09,2024-01-28 09:19:00,11.62,1,CUST_00827
TICKET_0004850,STORE_01,2024-02-19 20:09:00,6.69,1,CUST_00511
TICKET_0004851,STORE_03,2024-01-01 16:36:00,7.72,1,CUST_00241
TICKET_0004852,STORE_03,2024-03-02 12:02:00,39.7,5,CUST_00533
TICKET_0004853,STORE_10,2024-02-29 18:42:00,11.6,2,CUST_00386
TICKET_0004854,STORE_04,2024-03-27 15:46:00,7.58,1,CUST_00717
TICKET_0004855,STORE_07,2024-03-08 10:06:00,16.98,2,CUST_00650
TICKET_0004856,STORE_06,2024-02-11 12:00:00,16.25,2,CUST_00226
TICKET_0004857,STORE_07,2024-02-26 13:23:00,46.63,5,CUST_00817
TICKET_0004858,STORE_09,2024-01-01 18:24:00,12.45,1,CUST_00663
TICKET_0004859,STORE_01,2024-03-11 17:41:00,16.97,3,CUST_00636
TICKET_0004860,STORE_06,2024-02-06 14:22:00,16.92,2,CUST_00510
TICKET_0004861,STORE_09,2024-03-15 10:57:00,15.1,3,CUST_00911
TICKET_0004862,STORE_04,2024-03-11 07:50:00,3.01,1,CUST_00967
TICKET_0004863,STORE_01,2024-01-29 20:54:00,13.82,1,CUST_00680
TICKET_0004864,STORE_05,2024-03-03 21:45:00,15.73,2,CUST_00067
TICKET_0004865,STORE_02,2024-01-05 18:29:00,12.42,2,CUST_00944
TICKET_0004866,STORE_07,2024-02-10 07:30:00,30.4,4,CUST_00052
TICKET_0004867,STORE_04,2024-03-11 08:31:00,2.69,1,CUST_00938
TICKET_0004868,STORE_04,2024-01-16 17:14:00,21.83,2,CUST_00948
TICKET_0004869,STORE_04,2024-03-11 17:01:00,14.26,1,CUST_00492
TICKET_0004870,STORE_08,2024-02-01 14:46:00,14.07,2,CUST_00150
TICKET_0004871,STORE_01,2024-02-11 09:25:00,7.73,2,CUST_00637
TICKET_0004872,STORE_02,2024-02-14 08:44:00,17.46,2,CUST_00779
TICKET_0004873,STORE_04,2024-03-17 11:53:00,9.25,1,CUST_00108
TICKET_0004874,STORE_05,2024-02-25 15:30:00,20.66,2,CUST_00740
TICKET_0004875,STORE_04,2024-03-12 17:59:00,8.92,1,CUST_00019
TICKET_0004876,STORE_06,2024-02-07 20:47:00,14.23,3,CUST_00547
TICKET_0004877,STORE_06,2024-03-13 12:57:00,2.29,1,CUST_00387
TICKET_0004878,STORE_07,2024-01-02 15:44:00,23.57,2,CUST_00814
TICKET_0004879,STORE_08,2024-01-17 15:05:00,21.05,2,CUST_00784
TICKET_0004880,STORE_08,2024-03-27 16:01:00,34.28,4,CUST_00085
TICKET_0004881,STORE_02,2024-01-12 18:09:00,7.15,2,CUST_00509
TICKET_0004882,STORE_02,2024-03-29 13:42:00,9.43,3,CUST_00901
TICKET_0004883,STORE_01,2024-03-25 11:39:00,18.39,2,CUST_00492
TICKET_0004884,STORE_01,2024-03-14 14:04:00,8.79,1,CUST_00766
TICKET_0004885,STORE_04,2024-01-02 17:26:00,10.05,1,CUST_00219
TICKET_0004886,STORE_01,2024-03-07 11:22:00,13.84,1,CUST_00647
TICKET_0004887,STORE_07,2024-03-07 17:04:00,9.86,2,CUST_00651
TICKET_0004888,STORE_06,2024-02-18 18:58:00,30.45,5,CUST_00317
TICKET_0004889,STORE_09,2024-01-07 12:18:00,14.95,2,CUST_00408
TICKET_0004890,STORE_01,2024-02-12 10:11:00,14.72,1,CUST_00714
TICKET_0004891,STORE_09,2024-02-27 07:23:00,43.44,5,CUST_00981
TICKET_0004892,STORE_02,2024-03-27 20:22:00,37.44,5,CUST_00726
TICKET_0004893,STORE_07,2024-01-16 20:27:00,2.95,1,CUST_00372
TICKET_0004894,STORE_04,2024-02-24 18:14:00,3.04,1,CUST_00465
TICKET_0004895,STORE_09,2024-03-29 11:04:00,10.5,2,CUST_00408
TICKET_0004896,STORE_10,2024-01-05 21:04:00,9.04,1,CUST_00015
TICKET_0004897,STORE_05,2024-02-25 11:56:00,18.71,2,CUST_00956
TICKET_0004898,STORE_09,2024-01-09 11:30:00,37.48,3,CUST_00788
TICKET_0004899,STORE_04,2024-03-19 17:19:00,17.25,2,CUST_00445
TICKET_0004900,STORE_10,2024-03-03 13:15:00,4.83,1,CUST_00224
TICKET_0004901,STORE_09,2024-02-25 08:58:00,4.31,1,CUST_00250
TICKET_0004902,STORE_06,2024-02-14 12:28:00,7.54,1,CUST_00723
TICKET_0004903,STORE_04,2024-03-06 16:03:00,10.9,2,CUST_00034
TICKET_0004904,STORE_10,2024-03-01 11:50:00,5.98,1,CUST_00938
TICKET_0004905,STORE_08,2024-02-03 12:45:00,33.01,3,CUST_00236
TICKET_0004906,STORE_10,2024-01-09 17:04:00,8.42,1,CUST_00706
TICKET_0004907,STORE_08,2024-02-25 07:33:00,10.84,2,CUST_00013
TICKET_0004908,STORE_06,2024-02-29 15:56:00,11.91,2,CUST_00446
TICKET_0004909,STORE_10,2024-01-11 13:53:00,18.65,3,CUST_00821
TICKET_0004910,STORE_07,2024-02-01 08:54:00,8.87,2,CUST_00029
TICKET_0004911,STORE_10,2024-02-16 11:06:00,16.27,2,CUST_00612
TICKET_0004912,STORE_09,2024-03-24 21:59:00,9.87,1,CUST_00599
TICKET_0004913,STORE_05,2024-01-30 08:14:00,14.29,1,CUST_00109
TICKET_0004914,STORE_02,2024-03-09 10:23:00,27.94,4,CUST_00955
TICKET_0004915,STORE_03,2024-02-24 13:49:00,19.56,3,CUST_00069
TICKET_0004916,STORE_07,2024-02-07 18:57:00,30.02,3,CUST_00083
TICKET_0004917,STORE_10,2024-03-20 17:44:00,37.15,3,CUST_00456
TICKET_0004918,STORE_08,2024-01-15 13:07:00,25.15,2,CUST_00598
TICKET_0004919,STORE_03,2024-03-06 10:31:00,9.39,1,CUST_00592
TICKET_0004920,STORE_01,2024-01-24 14:59:00,18.97,3,CUST_00677
TICKET_0004921,STORE_03,2024-03-29 14:14:00,24.45,4,CUST_00632
TICKET_0004922,STORE_07,2024-03-14 19:17:00,33.48,4,CUST_00315
TICKET_0004923,STORE_06,2024-03-12 09:25:00,26.24,4,CUST_00321
TICKET_0004924,STORE_08,2024-03-25 10:49:00,18.11,2,CUST_00638
TICKET_0004925,STORE_07,2024-03-17 10:57:00,12.47,2,CUST_00559
TICKET_0004926,STORE_01,2024-02-10 11:32:00,21.11,2,CUST_00473
TICKET_0004927,STORE_07,2024-01-31 19:13:00,33.55,3,CUST_00254
TICKET_0004928,STORE_03,2024-01-26 07:28:00,8.68,1,CUST_00475
TICKET_0004929,STORE_09,2024-03-09 12:22:00,5.77,1,CUST_00402
TICKET_0004930,STORE_01,2024-03-26 16:47:00,17.99,2,CUST_00777
TICKET_0004931,STORE_01,2024-01-18 21:58:00,16.8,2,CUST_00279
TICKET_0004932,STORE_09,2024-02-26 16:26:00,13.67,1,CUST_00511
TICKET_0004933,STORE_09,2024-03-12 14:45:00,14.56,2,CUST_00429
TICKET_0004934,STORE_08,2024-03-01 15:17:00,10.38,2,CUST_00107
TICKET_0004935,STORE_08,2024-03-11 12:07:00,5.95,1,CUST_00720
TICKET_0004936,STORE_05,2024-01-27 13:20:00,26.64,3,CUST_00882
TICKET_0004937,STORE_03,2024-02-26 21:33:00,9.04,1,CUST_00448
TICKET_0004938,STORE_01,2024-02-23 20:35:00,5.01,1,CUST_00556
TICKET_0004939,STORE_09,2024-02-08 11:56:00,5.79,1,CUST_00868
TICKET_0004940,STORE_05,2024-03-14 19:08:00,4.28,1,CUST_00324
TICKET_0004941,STORE_02,2024-01-19 08:03:00,4.18,1,CUST_00119
TICKET_0004942,STORE_05,2024-02-24 17:23:00,55.95,5,CUST_00037
TICKET_0004943,STORE_01,2024-01-29 16:01:00,2.56,1,CUST_00366
TICKET_0004944,STORE_04,2024-01-08 08:23:00,21.08,2,CUST_00047
TICKET_0004945,STORE_10,2024-01-28 09:26:00,14.39,3,CUST_00985
TICKET_0004946,STORE_05,2024-01-20 12:46:00,4.37,1,CUST_00711
TICKET_0004947,STORE_03,2024-02-21 20:01:00,17.38,2,CUST_00074
TICKET_0004948,STORE_02,2024-03-02 14:13:00,8.66,1,CUST_00449
TICKET_0004949,STORE_06,2024-03-20 10:51:00,19.57,2,CUST_00606
TICKET_0004950,STORE_06,2024-02-26 19:19:00,18.81,2,CUST_00642
TICKET_0004951,STORE_06,2024-03-23 20:34:00,36.24,5,CUST_00819
TICKET_0004952,STORE_04,2024-02-15 08:32:00,9.05,1,CUST_00789
TICKET_0004953,STORE_10,2024-03-19 16:50:00,23.89,2,CUST_00610
TICKET_0004954,STORE_06,2024-01-13 19:40:00,10.21,1,CUST_00339
TICKET_0004955,STORE_07,2024-03-28 14:29:00,8.96,1,CUST_00325
TICKET_0004956,STORE_08,2024-03-23 17:35:00,33.42,4,CUST_00725
TICKET_0004957,STORE_04,2024-02-03 10:06:00,14.95,3,CUST_00790
TICKET_0004958,STORE_01,2024-01-19 16:00:00,13.69,1,CUST_00603
TICKET_0004959,STORE_08,2024-03-06 11:41:00,27.07,4,CUST_00046
TICKET_0004960,STORE_04,2024-01-02 11:32:00,18.73,2,CUST_00715
TICKET_0004961,STORE_07,2024-01-28 17:48:00,24.2,3,CUST_00255
TICKET_0004962,STORE_08,2024-01-17 13:23:00,8.84,2,CUST_00094
TICKET_0004963,STORE_08,2024-02-09 16:00:00,17.36,2,CUST_00690
TICKET_0004964,STORE_03,2024-01-09 07:56:00,9.68,1,CUST_00289
TICKET_0004965,STORE_02,2024-03-09 10:11:00,11.81,2,CUST_00941
TICKET_0004966,STORE_06,2024-02-02 12:18:00,23.33,4,CUST_00192
TICKET_0004967,STORE_03,2024-01-11 17:22:00,8.74,1,CUST_00921
TICKET_0004968,STORE_09,2024-03-16 19:59:00,16.87,2,CUST_00031
TICKET_0004969,STORE_02,2024-01-18 09:25:00,20.21,3,CUST_00389
TICKET_0004970,STORE_02,2024-01-14 12:33:00,7.27,2,CUST_00812
TICKET_0004971,STORE_04,2024-02-22 17:41:00,13.89,1,CUST_00793
TICKET_0004972,STORE_03,2024-02-01 10:22:00,32.18,4,CUST_00909
TICKET_0004973,STORE_07,2024-01-27 08:59:00,30.06,3,CUST_00888
TICKET_0004974,STORE_09,2024-03-09 14:51:00,22.22,4,CUST_00976
TICKET_0004975,STORE_01,2024-02-19 19:45:00,22.46,2,CUST_00556
TICKET_0004976,STORE_10,2024-03-02 11:16:00,22.21,2,CUST_00532
TICKET_0004977,STORE_06,2024-03-12 18:42:00,21.78,3,CUST_00502
TICKET_0004978,STORE_01,2024-01-02 20:13:00,17.31,2,CUST_00110
TICKET_0004979,STORE_07,2024-02-02 08:20:00,26.31,3,CUST_00044
TICKET_0004980,STORE_01,2024-03-09 16:56:00,11.41,2,CUST_00540
TICKET_0004981,STORE_05,2024-03-12 14:27:00,5.93,1,CUST_00976
TICKET_0004982,STORE_03,2024-01-23 15:04:00,30.3,3,CUST_00473
TICKET_0004983,STORE_07,2024-03-05 19:52:00,15.49,2,CUST_00038
TICKET_0004984,STORE_10,2024-01-17 14:57:00,15.43,2,CUST_00435
TICKET_0004985,STORE_02,2024-01-21 19:47:00,9.18,2,CUST_00892
TICKET_0004986,STORE_09,2024-03-27 14:38:00,8.28,2,CUST_00556
TICKET_0004987,STORE_03,2024-03-21 10:41:00,38.66,6,CUST_00543
TICKET_0004988,STORE_01,2024-01-11 11:08:00,9.02,1,CUST_00443
TICKET_0004989,STORE_06,2024-01-29 14:11:00,31.63,4,CUST_00306
TICKET_0004990,STORE_03,2024-03-03 11:48:00,27.04,3,CUST_00169
TICKET_0004991,STORE_05,2024-01-14 12:21:00,25.25,3,CUST_00591
TICKET_0004992,STORE_04,2024-01-14 20:24:00,27.94,4,CUST_00870
TICKET_0004993,STORE_05,2024-01-25 18:33:00,21.56,2,CUST_00259
TICKET_0004994,STORE_09,2024-01-16 12:44:00,15.31,1,CUST_00399
TICKET_0004995,STORE_02,2024-01-08 19:15:00,7.51,1,CUST_00613
TICKET_0004996,STORE_01,2024-02-23 20:35:00,22.73,2,CUST_00034
TICKET_0004997,STORE_08,2024-02-24 17:02:00,11.93,1,CUST_00196
TICKET_0004998,STORE_10,2024-02-04 19:28:00,25.03,4,CUST_00801
TICKET_0004999,STORE_08,2024-03-26 21:15:00,13.65,2,CUST_00964
TICKET_0005000,STORE_01,2024-03-14 09:13:00,17.34,2,CUST_00761
TICKET_0005001,STORE_04,2024-03-16 10:40:00,12.58,2,CUST_00055
TICKET_0005002,STORE_09,2024-02-21 18:02:00,17.39,2,CUST_00599
TICKET_0005003,STORE_10,2024-03-16 11:26:00,34.19,3,CUST_00118
TICKET_0005004,STORE_08,2024-03-07 11:02:00,9.87,2,CUST_00185
TICKET_0005005,STORE_07,2024-02-18 10:31:00,34.5,4,CUST_00997
TICKET_0005006,STORE_10,2024-02-18 17:00:00,15.74,2,CUST_00914
TICKET_0005007,STORE_01,2024-01-26 12:44:00,7.02,1,CUST_00097
TICKET_0005008,STORE_06,2024-01-14 18:34:00,12.72,2,CUST_00639
TICKET_0005009,STORE_06,2024-02-12 16:45:00,29.45,4,CUST_00976
TICKET_0005010,STORE_05,2024-03-04 08:21:00,11.46,1,CUST_00518
TICKET_0005011,STORE_09,2024-01-08 10:30:00,6.62,2,CUST_00678
TICKET_0005012,STORE_04,2024-02-07 09:04:00,5.85,1,CUST_00587
TICKET_0005013,STORE_02,2024-01-14 11:32:00,24.37,3,CUST_00536
TICKET_0005014,STORE_05,2024-01-21 07:23:00,20.86,4,CUST_00211
TICKET_0005015,STORE_03,2024-01-21 08:45:00,8.48,1,CUST_00197
TICKET_0005016,STORE_02,2024-03-06 16:40:00,24.12,2,CUST_00461
TICKET_0005017,STORE_03,2024-01-21 20:35:00,29.28,5,CUST_00350
TICKET_0005018,STORE_10,2024-01-29 13:37:00,2.95,1,CUST_00494
TICKET_0005019,STORE_09,2024-03-23 18:17:00,32.12,4,CUST_00837
TICKET_0005020,STORE_10,2024-03-21 13:57:00,22.65,3,CUST_00898
TICKET_0005021,STORE_07,2024-02-25 07:10:00,5.59,1,CUST_00859
TICKET_0005022,STORE_04,2024-01-11 16:32:00,14.25,2,CUST_00938
TICKET_0005023,STORE_09,2024-02-10 13:11:00,8.77,1,CUST_00108
TICKET_0005024,STORE_04,2024-02-23 14:27:00,13.94,2,CUST_00400
TICKET_0005025,STORE_08,2024-03-07 13:40:00,10.66,2,CUST_00180
TICKET_0005026,STORE_01,2024-02-03 07:22:00,12.38,1,CUST_00077
TICKET_0005027,STORE_08,2024-02-21 16:40:00,9.28,1,CUST_00619
TICKET_0005028,STORE_03,2024-01-13 13:38:00,17.65,2,CUST_00259
TICKET_0005029,STORE_04,2024-03-01 15:41:00,2.37,1,CUST_00600
TICKET_0005030,STORE_09,2024-02-27 15:41:00,23.06,2,CUST_00509
TICKET_0005031,STORE_06,2024-02-09 09:45:00,8.64,1,CUST_00175
TICKET_0005032,STORE_09,2024-01-03 07:52:00,23.8,2,CUST_00014
TICKET_0005033,STORE_07,2024-03-16 17:03:00,4.79,1,CUST_00926
TICKET_0005034,STORE_06,2024-02-15 15:43:00,17.79,2,CUST_00650
TICKET_0005035,STORE_08,2024-01-14 21:42:00,18.18,3,CUST_00114
TICKET_0005036,STORE_09,2024-01-25 21:18:00,4.45,1,CUST_00173
TICKET_0005037,STORE_09,2024-01-12 10:03:00,5.62,2,CUST_00052
TICKET_0005038,STORE_09,2024-03-04 11:03:00,16.43,2,CUST_00431
TICKET_0005039,STORE_09,2024-03-23 20:32:00,9.14,2,CUST_00303
TICKET_0005040,STORE_07,2024-02-22 12:19:00,28.3,2,CUST_00992
TICKET_0005041,STORE_01,2024-01-19 13:59:00,4.82,1,CUST_00097
TICKET_0005042,STORE_09,2024-02-26 19:36:00,2.48,1,CUST_00375
TICKET_0005043,STORE_04,2024-01-11 11:54:00,10.44,2,CUST_00098
TICKET_0005044,STORE_10,2024-01-19 08:26:00,29.31,2,CUST_00272
TICKET_0005045,STORE_01,2024-03-09 18:27:00,19.03,3,CUST_00856
TICKET_0005046,STORE_06,2024-01-14 15:27:00,22.06,3,CUST_00030
TICKET_0005047,STORE_06,2024-01-26 15:37:00,23.07,2,CUST_00915
TICKET_0005048,STORE_06,2024-03-28 09:24:00,37.04,5,CUST_00169
TICKET_0005049,STORE_01,2024-02-08 17:44:00,20.02,2,CUST_00531
TICKET_0005050,STORE_08,2024-02-11 21:13:00,7.52,2,CUST_00665
TICKET_0005051,STORE_09,2024-02-01 14:42:00,13.72,1,CUST_00706
TICKET_0005052,STORE_06,2024-02-05 07:20:00,9.56,1,CUST_00804
TICKET_0005053,STORE_04,2024-03-30 19:23:00,26.21,3,CUST_00297
TICKET_0005054,STORE_03,2024-01-08 08:00:00,14.13,1,CUST_00034
TICKET_0005055,STORE_01,2024-02-23 18:49:00,12.7,1,CUST_00251
TICKET_0005056,STORE_07,2024-01-16 21:22:00,3.05,1,CUST_00768
TICKET_0005057,STORE_09,2024-03-10 15:23:00,33.0,4,CUST_00226
TICKET_0005058,STORE_01,2024-01-28 11:04:00,16.85,2,CUST_00354
TICKET_0005059,STORE_09,2024-03-12 08:18:00,13.52,1,CUST_00219
TICKET_0005060,STORE_01,2024-03-23 09:14:00,8.89,1,CUST_00097
TICKET_0005061,STORE_02,2024-01-16 12:31:00,16.79,2,CUST_00003
TICKET_0005062,STORE_05,2024-01-30 11:55:00,2.41,1,CUST_00157
TICKET_0005063,STORE_03,2024-01-22 09:55:00,8.63,2,CUST_00516
TICKET_0005064,STORE_02,2024-03-12 19:43:00,25.95,4,CUST_00498
TICKET_0005065,STORE_08,2024-02-23 08:30:00,9.46,1,CUST_00603
TICKET_0005066,STORE_09,2024-02-07 20:28:00,25.44,3,CUST_00207
TICKET_0005067,STORE_01,2024-03-17 15:05:00,9.89,1,CUST_00339
TICKET_0005068,STORE_01,2024-03-10 08:18:00,10.27,1,CUST_00250
TICKET_0005069,STORE_06,2024-02-14 10:25:00,18.28,2,CUST_00226
TICKET_0005070,STORE_08,2024-01-29 20:15:00,5.95,2,CUST_00359
TICKET_0005071,STORE_04,2024-01-10 21:08:00,16.5,2,CUST_00612
TICKET_0005072,STORE_09,2024-03-02 16:23:00,9.3,1,CUST_00907
TICKET_0005073,STORE_10,2024-02-04 07:44:00,21.05,2,CUST_00812
TICKET_0005074,STORE_05,2024-01-12 20:30:00,10.01,2,CUST_00198
TICKET_0005075,STORE_10,2024-01-25 15:43:00,20.36,2,CUST_00433
TICKET_0005076,STORE_03,2024-02-17 12:40:00,4.4,1,CUST_00063
TICKET_0005077,STORE_06,2024-01-11 11:39:00,19.48,2,CUST_00581
TICKET_0005078,STORE_10,2024-02-04 18:34:00,41.74,4,CUST_00423
TICKET_0005079,STORE_02,2024-01-27 19:28:00,10.64,2,CUST_00770
TICKET_0005080,STORE_06,2024-02-05 13:43:00,18.87,4,CUST_00324
TICKET_0005081,STORE_04,2024-01-26 17:28:00,13.46,1,CUST_00318
TICKET_0005082,STORE_06,2024-01-23 09:43:00,26.88,4,CUST_00022
TICKET_0005083,STORE_02,2024-02-16 15:04:00,18.09,3,CUST_00412
TICKET_0005084,STORE_05,2024-03-18 11:23:00,37.39,5,CUST_00573
TICKET_0005085,STORE_02,2024-01-20 15:52:00,26.32,3,CUST_00479
TICKET_0005086,STORE_05,2024-02-17 18:55:00,21.6,2,CUST_00175
TICKET_0005087,STORE_03,2024-02-28 10:44:00,9.6,2,CUST_00084
TICKET_0005088,STORE_02,2024-01-18 15:51:00,9.38,2,CUST_00301
TICKET_0005089,STORE_03,2024-03-16 13:58:00,11.58,2,CUST_00147
TICKET_0005090,STORE_04,2024-02-12 21:54:00,5.73,1,CUST_00221
TICKET_0005091,STORE_08,2024-02-15 15:22:00,26.64,3,CUST_00543
TICKET_0005092,STORE_07,2024-02-27 20:04:00,53.99,5,CUST_00825
TICKET_0005093,STORE_08,2024-03-14 19:28:00,19.34,2,CUST_00997
TICKET_0005094,STORE_01,2024-03-28 09:12:00,17.59,3,CUST_00461
TICKET_0005095,STORE_10,2024-03-23 16:24:00,7.93,2,CUST_00781
TICKET_0005096,STORE_04,2024-01-13 17:41:00,8.16,1,CUST_00518
TICKET_0005097,STORE_08,2024-01-31 09:17:00,9.84,1,CUST_00322
TICKET_0005098,STORE_05,2024-01-18 12:15:00,24.88,3,CUST_00419
TICKET_0005099,STORE_08,2024-02-27 12:17:00,9.52,1,CUST_00025
TICKET_0005100,STORE_10,2024-03-24 09:05:00,11.07,2,CUST_00471
TICKET_0005101,STORE_04,2024-02-11 11:45:00,9.29,1,CUST_00395
TICKET_0005102,STORE_04,2024-03-21 18:28:00,19.58,3,CUST_00740
TICKET_0005103,STORE_05,2024-03-01 13:05:00,9.73,1,CUST_00337
TICKET_0005104,STORE_02,2024-03-12 19:19:00,5.83,1,CUST_00605
TICKET_0005105,STORE_04,2024-01-08 08:06:00,44.35,5,CUST_00292
TICKET_0005106,STORE_09,2024-01-04 17:46:00,15.81,2,CUST_00958
TICKET_0005107,STORE_04,2024-03-14 13:47:00,15.11,2,CUST_00493
TICKET_0005108,STORE_03,2024-03-23 07:59:00,25.35,4,CUST_00811
TICKET_0005109,STORE_07,2024-02-03 20:33:00,6.32,1,CUST_00901
TICKET_0005110,STORE_07,2024-02-10 21:28:00,37.09,3,CUST_00481
TICKET_0005111,STORE_02,2024-02-24 16:21:00,15.01,2,CUST_00461
TICKET_0005112,STORE_08,2024-03-24 07:23:00,20.46,2,CUST_00587
TICKET_0005113,STORE_07,2024-01-23 17:40:00,22.68,4,CUST_00888
TICKET_0005114,STORE_10,2024-02-22 19:01:00,28.72,3,CUST_00489
TICKET_0005115,STORE_07,2024-03-06 14:13:00,8.14,1,CUST_00819
TICKET_0005116,STORE_09,2024-03-20 11:04:00,8.87,2,CUST_00080
TICKET_0005117,STORE_09,2024-02-22 09:36:00,3.12,1,CUST_00765
TICKET_0005118,STORE_06,2024-03-06 10:56:00,19.92,2,CUST_00168
TICKET_0005119,STORE_09,2024-01-12 07:58:00,13.68,2,CUST_00522
TICKET_0005120,STORE_10,2024-01-08 18:37:00,2.38,1,CUST_00108
TICKET_0005121,STORE_10,2024-01-17 13:18:00,8.69,2,CUST_00674
TICKET_0005122,STORE_05,2024-03-14 10:14:00,4.19,1,CUST_00518
TICKET_0005123,STORE_06,2024-01-16 07:04:00,20.7,3,CUST_00999
TICKET_0005124,STORE_06,2024-02-21 12:46:00,19.56,2,CUST_00732
TICKET_0005125,STORE_05,2024-02-14 18:59:00,45.84,7,CUST_00112
TICKET_0005126,STORE_07,2024-01-04 15:22:00,8.55,1,CUST_00684
TICKET_0005127,STORE_08,2024-03-25 07:08:00,8.72,3,CUST_00232
TICKET_0005128,STORE_08,2024-02-09 12:09:00,8.76,1,CUST_00667
TICKET_0005129,STORE_04,2024-01-27 13:23:00,10.47,1,CUST_00153
TICKET_0005130,STORE_08,2024-03-04 21:53:00,40.25,5,CUST_00036
TICKET_0005131,STORE_04,2024-01-22 07:46:00,7.4,1,CUST_00570
TICKET_0005132,STORE_04,2024-02-24 14:27:00,2.23,1,CUST_00019
TICKET_0005133,STORE_09,2024-02-12 15:43:00,23.22,2,CUST_00477
TICKET_0005134,STORE_05,2024-03-25 13:24:00,21.11,3,CUST_00483
TICKET_0005135,STORE_05,2024-03-23 13:15:00,23.95,3,CUST_00211
TICKET_0005136,STORE_04,2024-01-20 10:34:00,11.56,1,CUST_00392
TICKET_0005137,STORE_02,2024-01-02 15:44:00,29.08,3,CUST_00239
TICKET_0005138,STORE_03,2024-03-28 16:05:00,10.32,1,CUST_00841
TICKET_0005139,STORE_05,2024-01-04 10:02:00,29.43,5,CUST_00381
TICKET_0005140,STORE_07,2024-02-14 13:56:00,4.73,1,CUST_00352
TICKET_0005141,STORE_04,2024-02-17 21:00:00,9.09,1,CUST_00256
TICKET_0005142,STORE_02,2024-03-07 13:51:00,6.86,2,CUST_00894
TICKET_0005143,STORE_07,2024-02-21 19:33:00,4.94,2,CUST_00009
TICKET_0005144,STORE_02,2024-01-23 14:21:00,17.35,2,CUST_00353
TICKET_0005145,STORE_09,2024-01-10 16:48:00,42.87,4,CUST_00455
TICKET_0005146,STORE_04,2024-02-19 08:13:00,14.66,1,CUST_00556
TICKET_0005147,STORE_07,2024-02-29 18:02:00,14.37,1,CUST_00295
TICKET_0005148,STORE_07,2024-03-24 07:02:00,18.66,2,CUST_00461
TICKET_0005149,STORE_01,2024-01-01 08:48:00,19.0,2,CUST_00081
TICKET_0005150,STORE_09,2024-03-06 12:43:00,18.1,3,CUST_00763
TICKET_0005151,STORE_06,2024-01-16 16:09:00,41.57,4,CUST_00884
TICKET_0005152,STORE_04,2024-02-27 21:22:00,23.37,4,CUST_00127
TICKET_0005153,STORE_08,2024-01-23 17:02:00,23.35,3,CUST_00634
TICKET_0005154,STORE_08,2024-01-23 11:27:00,20.29,2,CUST_00584
TICKET_0005155,STORE_06,2024-02-03 08:13:00,18.07,2,CUST_00346
TICKET_0005156,STORE_09,2024-03-30 19:38:00,25.52,3,CUST_00273
TICKET_0005157,STORE_04,2024-01-10 10:14:00,5.61,1,CUST_00252
TICKET_0005158,STORE_07,2024-01-19 13:29:00,2.53,1,CUST_00213
TICKET_0005159,STORE_08,2024-01-10 11:41:00,21.64,2,CUST_00669
TICKET_0005160,STORE_09,2024-01-22 21:45:00,12.91,2,CUST_00304
TICKET_0005161,STORE_05,2024-02-27 12:50:00,14.35,1,CUST_00982
TICKET_0005162,STORE_08,2024-02-22 10:13:00,6.2,1,CUST_00937
TICKET_0005163,STORE_07,2024-02-26 10:24:00,7.21,1,CUST_00124
TICKET_0005164,STORE_03,2024-02-03 18:46:00,13.27,2,CUST_00934
TICKET_0005165,STORE_03,2024-02-19 13:43:00,13.18,2,CUST_00807
TICKET_0005166,STORE_05,2024-03-23 10:06:00,39.9,6,CUST_00773
TICKET_0005167,STORE_08,2024-03-16 09:49:00,23.59,3,CUST_00265
TICKET_0005168,STORE_04,2024-03-13 17:02:00,7.16,1,CUST_00384
TICKET_0005169,STORE_01,2024-01-14 13:22:00,11.53,1,CUST_00486
TICKET_0005170,STORE_09,2024-03-03 17:59:00,25.82,3,CUST_00974
TICKET_0005171,STORE_09,2024-02-25 08:25:00,9.59,1,CUST_00198
TICKET_0005172,STORE_04,2024-01-22 15:31:00,4.73,1,CUST_00683
TICKET_0005173,STORE_01,2024-02-22 10:44:00,7.49,1,CUST_00493
TICKET_0005174,STORE_10,2024-03-11 16:02:00,27.27,2,CUST_00515
TICKET_0005175,STORE_05,2024-01-02 13:40:00,2.98,1,CUST_00227
TICKET_0005176,STORE_06,2024-02-22 10:53:00,35.44,3,CUST_00096
TICKET_0005177,STORE_06,2024-03-15 14:41:00,2.9,1,CUST_00801
TICKET_0005178,STORE_07,2024-01-30 13:06:00,15.08,1,CUST_00771
TICKET_0005179,STORE_05,2024-03-14 15:58:00,12.57,1,CUST_00202
TICKET_0005180,STORE_01,2024-03-02 15:13:00,43.49,5,CUST_00123
TICKET_0005181,STORE_03,2024-01-29 20:50:00,19.05,2,CUST_00754
TICKET_0005182,STORE_04,2024-03-25 19:04:00,27.7,2,CUST_00184
TICKET_0005183,STORE_06,2024-03-03 15:22:00,46.27,5,CUST_00519
TICKET_0005184,STORE_07,2024-02-24 16:37:00,27.06,3,CUST_00756
TICKET_0005185,STORE_06,2024-01-24 07:23:00,14.66,2,CUST_00472
TICKET_0005186,STORE_08,2024-03-15 18:07:00,8.09,2,CUST_00626
TICKET_0005187,STORE_04,2024-02-22 21:54:00,32.25,3,CUST_00581
TICKET_0005188,STORE_10,2024-03-27 12:57:00,13.46,3,CUST_00433
TICKET_0005189,STORE_03,2024-01-21 21:22:00,13.77,2,CUST_00005
TICKET_0005190,STORE_09,2024-03-25 16:59:00,14.13,1,CUST_00540
TICKET_0005191,STORE_09,2024-02-25 18:52:00,24.99,2,CUST_00971
TICKET_0005192,STORE_05,2024-02-07 17:09:00,6.02,2,CUST_00856
TICKET_0005193,STORE_10,2024-01-14 10:24:00,27.19,4,CUST_00328
TICKET_0005194,STORE_01,2024-03-30 15:02:00,4.43,1,CUST_00717
TICKET_0005195,STORE_10,2024-02-19 20:21:00,9.54,2,CUST_00742
TICKET_0005196,STORE_02,2024-03-21 13:35:00,13.42,2,CUST_00102
TICKET_0005197,STORE_08,2024-01-14 15:53:00,26.92,2,CUST_00524
TICKET_0005198,STORE_06,2024-01-26 12:45:00,29.89,5,CUST_00969
TICKET_0005199,STORE_07,2024-02-24 18:20:00,19.62,2,CUST_00521
TICKET_0005200,STORE_02,2024-01-18 10:41:00,6.5,1,CUST_00403
TICKET_0005201,STORE_02,2024-01-21 09:29:00,19.0,3,CUST_00576
TICKET_0005202,STORE_03,2024-03-29 13:40:00,26.93,3,CUST_00219
TICKET_0005203,STORE_05,2024-03-23 15:58:00,33.9,3,CUST_00070
TICKET_0005204,STORE_05,2024-01-23 18:29:00,23.72,4,CUST_00116
TICKET_0005205,STORE_08,2024-01-02 15:27:00,20.98,3,CUST_00061
TICKET_0005206,STORE_01,2024-02-22 12:26:00,8.8,1,CUST_00616
TICKET_0005207,STORE_08,2024-03-03 15:05:00,15.37,2,CUST_00191
TICKET_0005208,STORE_10,2024-03-09 15:55:00,24.51,3,CUST_00826
TICKET_0005209,STORE_08,2024-02-03 15:19:00,13.02,1,CUST_00643
TICKET_0005210,STORE_03,2024-02-06 10:49:00,22.41,2,CUST_00950
TICKET_0005211,STORE_01,2024-01-03 12:15:00,32.22,5,CUST_00898
TICKET_0005212,STORE_04,2024-03-22 09:50:00,27.7,2,CUST_00245
TICKET_0005213,STORE_04,2024-03-23 17:24:00,14.68,3,CUST_00727
TICKET_0005214,STORE_09,2024-02-22 14:44:00,34.41,3,CUST_00940
TICKET_0005215,STORE_01,2024-03-27 16:38:00,5.26,1,CUST_00512
TICKET_0005216,STORE_08,2024-03-31 08:58:00,8.75,1,CUST_00072
TICKET_0005217,STORE_01,2024-03-31 14:21:00,17.23,2,CUST_00695
TICKET_0005218,STORE_10,2024-02-22 18:29:00,44.71,4,CUST_00069
TICKET_0005219,STORE_06,2024-02-17 15:26:00,34.63,4,CUST_00673
TICKET_0005220,STORE_07,2024-02-08 08:34:00,35.13,4,CUST_00123
TICKET_0005221,STORE_08,2024-03-19 10:40:00,9.32,2,CUST_00399
TICKET_0005222,STORE_10,2024-03-28 21:11:00,16.0,2,CUST_00119
TICKET_0005223,STORE_04,2024-03-08 16:55:00,20.79,3,CUST_00730
TICKET_0005224,STORE_07,2024-02-03 10:50:00,47.95,5,CUST_00825
TICKET_0005225,STORE_01,2024-02-26 21:48:00,12.19,2,CUST_00710
TICKET_0005226,STORE_07,2024-01-04 07:00:00,19.1,2,CUST_00586
TICKET_0005227,STORE_09,2024-02-08 13:18:00,18.06,2,CUST_00501
TICKET_0005228,STORE_09,2024-01-01 07:40:00,14.63,1,CUST_00678
TICKET_0005229,STORE_07,2024-02-27 19:47:00,29.63,3,CUST_00291
TICKET_0005230,STORE_05,2024-03-11 13:11:00,34.43,5,CUST_00898
TICKET_0005231,STORE_08,2024-02-19 12:36:00,19.6,2,CUST_00471
TICKET_0005232,STORE_10,2024-02-17 14:03:00,33.63,5,CUST_00069
TICKET_0005233,STORE_10,2024-03-21 20:31:00,12.61,2,CUST_00676
TICKET_0005234,STORE_08,2024-02-17 18:13:00,19.27,2,CUST_00950
TICKET_0005235,STORE_05,2024-03-26 17:04:00,5.95,1,CUST_00461
TICKET_0005236,STORE_02,2024-02-26 12:50:00,21.73,2,CUST_00463
TICKET_0005237,STORE_04,2024-01-11 09:32:00,2.19,1,CUST_00864
TICKET_0005238,STORE_05,2024-01-07 07:01:00,32.05,4,CUST_00450
TICKET_0005239,STORE_02,2024-01-26 09:09:00,19.78,2,CUST_00743
TICKET_0005240,STORE_05,2024-02-01 15:27:00,3.06,1,CUST_00579
TICKET_0005241,STORE_04,2024-01-16 12:09:00,34.98,3,CUST_00610
TICKET_0005242,STORE_02,2024-03-12 20:19:00,19.05,2,CUST_00163
TICKET_0005243,STORE_05,2024-01-07 15:28:00,20.92,3,CUST_00745
TICKET_0005244,STORE_06,2024-02-05 07:28:00,20.56,4,CUST_00101
TICKET_0005245,STORE_03,2024-02-05 17:59:00,25.12,3,CUST_00527
TICKET_0005246,STORE_02,2024-01-05 11:36:00,2.27,1,CUST_00841
TICKET_0005247,STORE_06,2024-01-10 19:46:00,10.28,2,CUST_00096
TICKET_0005248,STORE_10,2024-01-21 07:40:00,10.86,2,CUST_00972
TICKET_0005249,STORE_08,2024-02-03 09:00:00,24.92,4,CUST_00169
TICKET_0005250,STORE_10,2024-03-03 07:43:00,11.61,1,CUST_00861
TICKET_0005251,STORE_01,2024-02-19 13:23:00,14.68,2,CUST_00005
TICKET_0005252,STORE_05,2024-01-19 21:57:00,5.08,1,CUST_00189
TICKET_0005253,STORE_07,2024-01-27 10:48:00,22.85,2,CUST_00659
TICKET_0005254,STORE_06,2024-01-03 08:57:00,5.73,2,CUST_01000
TICKET_0005255,STORE_02,2024-02-09 17:54:00,5.6,1,CUST_00523
TICKET_0005256,STORE_04,2024-03-01 07:12:00,12.25,2,CUST_00258
TICKET_0005257,STORE_02,2024-01-14 19:06:00,23.65,3,CUST_00693
TICKET_0005258,STORE_07,2024-02-23 19:21:00,24.24,3,CUST_00560
TICKET_0005259,STORE_07,2024-03-01 15:27:00,39.91,4,CUST_00519
TICKET_0005260,STORE_08,2024-01-29 12:50:00,3.58,1,CUST_00906
TICKET_0005261,STORE_03,2024-01-26 11:59:00,7.0,1,CUST_00923
TICKET_0005262,STORE_07,2024-02-01 07:06:00,6.87,1,CUST_00277
TICKET_0005263,STORE_10,2024-03-20 07:35:00,9.87,1,CUST_00836
TICKET_0005264,STORE_04,2024-02-08 14:38:00,20.78,2,CUST_00368
TICKET_0005265,STORE_01,2024-03-07 16:08:00,21.6,2,CUST_00504
TICKET_0005266,STORE_02,2024-02-18 14:26:00,14.73,2,CUST_00821
TICKET_0005267,STORE_06,2024-01-24 11:47:00,31.77,4,CUST_00853
TICKET_0005268,STORE_05,2024-02-22 21:39:00,14.35,1,CUST_00909
TICKET_0005269,STORE_03,2024-02-27 19:48:00,26.01,3,CUST_00223
TICKET_0005270,STORE_02,2024-01-30 17:21:00,3.03,1,CUST_00493
TICKET_0005271,STORE_08,2024-02-17 07:44:00,25.37,3,CUST_00383
TICKET_0005272,STORE_01,2024-02-01 08:21:00,29.33,4,CUST_00085
TICKET_0005273,STORE_05,2024-02-03 11:47:00,2.97,1,CUST_00616
TICKET_0005274,STORE_06,2024-02-18 13:50:00,26.31,4,CUST_00573
TICKET_0005275,STORE_02,2024-01-07 20:59:00,7.49,2,CUST_00824
TICKET_0005276,STORE_08,2024-03-25 19:27:00,15.4,2,CUST_00481
TICKET_0005277,STORE_05,2024-01-16 12:09:00,6.03,1,CUST_00255
TICKET_0005278,STORE_06,2024-03-09 11:47:00,28.25,3,CUST_00525
TICKET_0005279,STORE_06,2024-03-01 18:44:00,16.93,2,CUST_00600
TICKET_0005280,STORE_03,2024-02-13 09:53:00,14.04,2,CUST_00565
TICKET_0005281,STORE_06,2024-02-22 16:26:00,33.04,4,CUST_00609
TICKET_0005282,STORE_09,2024-01-08 11:12:00,8.35,2,CUST_00409
TICKET_0005283,STORE_07,2024-03-07 16:52:00,5.94,1,CUST_00982
TICKET_0005284,STORE_05,2024-01-10 08:07:00,9.38,1,CUST_00313
TICKET_0005285,STORE_02,2024-02-07 13:54:00,39.83,4,CUST_00367
TICKET_0005286,STORE_04,2024-01-29 08:29:00,16.6,2,CUST_00938
TICKET_0005287,STORE_01,2024-02-23 19:41:00,2.22,1,CUST_00223
TICKET_0005288,STORE_09,2024-03-23 18:32:00,46.01,5,CUST_00698
TICKET_0005289,STORE_01,2024-01-29 19:41:00,13.25,2,CUST_00515
TICKET_0005290,STORE_01,2024-01-11 14:38:00,5.05,1,CUST_00605
TICKET_0005291,STORE_04,2024-03-02 21:03:00,7.77,2,CUST_00030
TICKET_0005292,STORE_09,2024-02-17 20:06:00,5.55,1,CUST_00033
TICKET_0005293,STORE_06,2024-01-19 15:15:00,30.17,3,CUST_00981
TICKET_0005294,STORE_05,2024-02-03 17:56:00,23.91,2,CUST_00112
TICKET_0005295,STORE_02,2024-03-06 16:24:00,32.22,5,CUST_00321
TICKET_0005296,STORE_09,2024-03-13 17:25:00,12.23,1,CUST_00672
TICKET_0005297,STORE_03,2024-03-07 18:54:00,30.72,5,CUST_00174
TICKET_0005298,STORE_06,2024-02-13 12:40:00,29.51,3,CUST_00112
TICKET_0005299,STORE_09,2024-03-30 17:50:00,13.37,2,CUST_00263
TICKET_0005300,STORE_02,2024-02-19 17:39:00,2.97,1,CUST_00736
TICKET_0005301,STORE_06,2024-03-05 09:53:00,9.62,1,CUST_00208
TICKET_0005302,STORE_04,2024-02-26 18:10:00,28.59,2,CUST_00469
TICKET_0005303,STORE_08,2024-03-26 15:25:00,20.81,2,CUST_00900
TICKET_0005304,STORE_01,2024-03-21 14:18:00,19.6,2,CUST_00975
TICKET_0005305,STORE_10,2024-02-01 12:18:00,35.73,5,CUST_00052
TICKET_0005306,STORE_03,2024-02-19 21:51:00,14.75,4,CUST_00659
TICKET_0005307,STORE_09,2024-02-03 15:35:00,17.93,2,CUST_00399
TICKET_0005308,STORE_08,2024-01-04 13:30:00,12.32,2,CUST_00613
TICKET_0005309,STORE_06,2024-02-04 11:50:00,13.15,2,CUST_00261
TICKET_0005310,STORE_06,2024-02-08 14:08:00,22.41,3,CUST_00669
TICKET_0005311,STORE_02,2024-03-07 20:21:00,16.19,2,CUST_00187
TICKET_0005312,STORE_07,2024-03-03 20:03:00,36.81,4,CUST_00877
TICKET_0005313,STORE_09,2024-01-19 20:40:00,22.41,3,CUST_00756
TICKET_0005314,STORE_06,2024-03-14 20:21:00,3.55,1,CUST_00744
TICKET_0005315,STORE_08,2024-01-05 14:39:00,9.41,1,CUST_00622
TICKET_0005316,STORE_08,2024-01-11 21:44:00,5.49,2,CUST_00779
TICKET_0005317,STORE_04,2024-01-08 21:53:00,5.63,1,CUST_00207
TICKET_0005318,STORE_06,2024-03-06 09:40:00,28.43,3,CUST_00562
TICKET_0005319,STORE_07,2024-01-18 19:33:00,6.17,2,CUST_00315
TICKET_0005320,STORE_09,2024-03-11 14:02:00,11.73,2,CUST_00584
TICKET_0005321,STORE_06,2024-03-11 08:00:00,17.9,2,CUST_00633
TICKET_0005322,STORE_06,2024-01-22 10:51:00,7.24,2,CUST_00098
TICKET_0005323,STORE_03,2024-03-18 14:45:00,37.48,3,CUST_00565
TICKET_0005324,STORE_05,2024-03-14 18:28:00,14.36,2,CUST_00027
TICKET_0005325,STORE_10,2024-02-20 12:38:00,14.04,2,CUST_00516
TICKET_0005326,STORE_08,2024-03-07 15:41:00,2.29,1,CUST_00209
TICKET_0005327,STORE_06,2024-01-13 12:20:00,31.53,3,CUST_00525
TICKET_0005328,STORE_06,2024-01-01 19:18:00,11.88,2,CUST_00852
TICKET_0005329,STORE_01,2024-01-16 20:03:00,4.87,1,CUST_00753
TICKET_0005330,STORE_10,2024-01-02 21:48:00,23.74,2,CUST_00021
TICKET_0005331,STORE_02,2024-03-26 17:10:00,3.25,1,CUST_00055
TICKET_0005332,STORE_08,2024-03-01 21:30:00,3.59,1,CUST_00896
TICKET_0005333,STORE_09,2024-01-16 07:06:00,11.39,2,CUST_00374
TICKET_0005334,STORE_09,2024-03-25 13:35:00,12.33,2,CUST_00762
TICKET_0005335,STORE_04,2024-03-10 13:27:00,50.05,4,CUST_00842
TICKET_0005336,STORE_01,2024-01-26 15:57:00,22.32,2,CUST_00891
TICKET_0005337,STORE_02,2024-01-28 17:49:00,14.49,2,CUST_00118
TICKET_0005338,STORE_10,2024-02-21 20:43:00,5.84,1,CUST_00154
TICKET_0005339,STORE_07,2024-01-01 15:13:00,21.35,2,CUST_00991
TICKET_0005340,STORE_02,2024-03-28 10:05:00,21.53,2,CUST_00497
TICKET_0005341,STORE_01,2024-03-23 15:12:00,26.38,2,CUST_00636
TICKET_0005342,STORE_02,2024-01-17 14:34:00,44.45,5,CUST_00306
TICKET_0005343,STORE_04,2024-02-06 16:59:00,3.57,1,CUST_00221
TICKET_0005344,STORE_01,2024-02-08 19:22:00,3.68,1,CUST_00055
TICKET_0005345,STORE_01,2024-01-25 11:36:00,19.12,2,CUST_00892
TICKET_0005346,STORE_10,2024-01-13 07:20:00,6.87,1,CUST_00198
TICKET_0005347,STORE_01,2024-02-14 16:26:00,30.81,3,CUST_00308
TICKET_0005348,STORE_06,2024-03-08 18:16:00,24.86,3,CUST_00132
TICKET_0005349,STORE_07,2024-01-29 11:30:00,14.66,1,CUST_00979
TICKET_0005350,STORE_03,2024-03-05 19:23:00,11.5,1,CUST_00843
TICKET_0005351,STORE_05,2024-01-18 13:02:00,24.26,3,CUST_00155
TICKET_0005352,STORE_03,2024-02-24 20:37:00,32.48,4,CUST_00883
TICKET_0005353,STORE_02,2024-03-13 14:24:00,38.73,4,CUST_00113
TICKET_0005354,STORE_10,2024-02-09 13:20:00,13.75,1,CUST_00097
TICKET_0005355,STORE_08,2024-01-30 14:14:00,23.75,2,CUST_00461
TICKET_0005356,STORE_10,2024-02-23 12:02:00,4.78,1,CUST_00812
TICKET_0005357,STORE_09,2024-02-09 19:11:00,3.08,1,CUST_00015
TICKET_0005358,STORE_08,2024-01-04 21:35:00,38.71,5,CUST_00176
TICKET_0005359,STORE_10,2024-03-16 21:43:00,13.34,2,CUST_00319
TICKET_0005360,STORE_07,2024-01-17 08:32:00,3.7,1,CUST_00665
TICKET_0005361,STORE_08,2024-01-12 08:35:00,27.0,3,CUST_00967
TICKET_0005362,STORE_04,2024-01-17 20:05:00,54.76,5,CUST_00155
TICKET_0005363,STORE_03,2024-01-19 09:22:00,48.48,5,CUST_00640
TICKET_0005364,STORE_02,2024-02-06 18:49:00,29.34,4,CUST_00562
TICKET_0005365,STORE_07,2024-03-25 14:49:00,40.49,5,CUST_00326
TICKET_0005366,STORE_07,2024-02-28 12:15:00,7.15,1,CUST_00699
TICKET_0005367,STORE_10,2024-01-11 08:11:00,36.31,3,CUST_00882
TICKET_0005368,STORE_10,2024-02-11 20:54:00,14.53,3,CUST_00320
TICKET_0005369,STORE_04,2024-02-29 15:12:00,19.1,2,CUST_00904
TICKET_0005370,STORE_05,2024-01-24 21:49:00,22.76,2,CUST_00862
TICKET_0005371,STORE_03,2024-03-31 14:08:00,8.93,2,CUST_00352
TICKET_0005372,STORE_02,2024-02-16 09:40:00,41.16,5,CUST_00357
TICKET_0005373,STORE_01,2024-03-18 13:38:00,8.23,1,CUST_00618
TICKET_0005374,STORE_05,2024-03-03 09:13:00,37.45,3,CUST_00545
TICKET_0005375,STORE_07,2024-03-17 19:15:00,27.36,2,CUST_00964
TICKET_0005376,STORE_02,2024-01-11 15:03:00,24.85,3,CUST_00428
TICKET_0005377,STORE_09,2024-02-28 16:23:00,22.49,3,CUST_00858
TICKET_0005378,STORE_02,2024-01-08 11:50:00,6.55,2,CUST_00447
TICKET_0005379,STORE_01,2024-02-18 10:54:00,38.38,4,CUST_00036
TICKET_0005380,STORE_09,2024-02-18 20:21:00,23.7,2,CUST_00942
TICKET_0005381,STORE_04,2024-02-02 16:58:00,31.4,3,CUST_00169
TICKET_0005382,STORE_02,2024-02-03 19:12:00,10.54,2,CUST_00331
TICKET_0005383,STORE_05,2024-02-06 21:36:00,4.26,1,CUST_00930
TICKET_0005384,STORE_01,2024-03-12 13:46:00,18.4,2,CUST_00462
TICKET_0005385,STORE_06,2024-03-23 19:38:00,3.22,1,CUST_00584
TICKET_0005386,STORE_10,2024-03-01 10:03:00,39.49,4,CUST_00314
TICKET_0005387,STORE_06,2024-03-03 17:37:00,13.03,2,CUST_00703
TICKET_0005388,STORE_01,2024-03-27 20:40:00,15.61,2,CUST_00742
TICKET_0005389,STORE_04,2024-03-15 16:51:00,15.06,1,CUST_00279
TICKET_0005390,STORE_09,2024-02-23 16:26:00,6.87,1,CUST_00564
TICKET_0005391,STORE_07,2024-02-09 12:53:00,12.98,3,CUST_00961
TICKET_0005392,STORE_08,2024-03-08 21:23:00,2.53,1,CUST_00195
TICKET_0005393,STORE_01,2024-01-11 20:16:00,18.62,2,CUST_00710
TICKET_0005394,STORE_08,2024-02-20 08:10:00,8.1,1,CUST_00121
TICKET_0005395,STORE_08,2024-01-19 14:06:00,16.67,2,CUST_00518
TICKET_0005396,STORE_04,2024-02-14 18:24:00,20.07,3,CUST_00616
TICKET_0005397,STORE_06,2024-01-03 09:35:00,12.84,2,CUST_00935
TICKET_0005398,STORE_07,2024-03-19 15:46:00,21.7,3,CUST_00867
TICKET_0005399,STORE_08,2024-03-12 09:21:00,23.41,2,CUST_00618
TICKET_0005400,STORE_06,2024-03-05 17:21:00,2.41,1,CUST_00600
TICKET_0005401,STORE_05,2024-02-17 15:02:00,23.09,3,CUST_00777
TICKET_0005402,STORE_05,2024-03-12 08:14:00,10.87,2,CUST_00882
TICKET_0005403,STORE_10,2024-02-15 09:00:00,14.89,1,CUST_00399
TICKET_0005404,STORE_07,2024-02-02 18:47:00,33.42,3,CUST_00312
TICKET_0005405,STORE_08,2024-02-09 09:41:00,21.61,3,CUST_00236
TICKET_0005406,STORE_03,2024-01-11 15:18:00,13.97,2,CUST_00131
TICKET_0005407,STORE_07,2024-03-15 17:11:00,39.69,4,CUST_00441
TICKET_0005408,STORE_09,2024-02-07 12:47:00,7.74,1,CUST_00836
TICKET_0005409,STORE_10,2024-03-25 18:12:00,16.76,2,CUST_00374
TICKET_0005410,STORE_05,2024-01-08 11:23:00,19.91,2,CUST_00109
TICKET_0005411,STORE_03,2024-01-28 10:44:00,17.71,2,CUST_00502
TICKET_0005412,STORE_05,2024-03-30 17:00:00,30.36,5,CUST_00083
TICKET_0005413,STORE_07,2024-02-28 18:15:00,9.55,1,CUST_00893
TICKET_0005414,STORE_09,2024-02-25 15:27:00,46.15,5,CUST_00423
TICKET_0005415,STORE_08,2024-03-12 15:52:00,46.63,5,CUST_00747
TICKET_0005416,STORE_02,2024-03-08 13:35:00,11.33,3,CUST_00147
TICKET_0005417,STORE_05,2024-02-26 14:38:00,12.4,1,CUST_00308
TICKET_0005418,STORE_01,2024-02-05 16:13:00,5.69,1,CUST_00552
TICKET_0005419,STORE_04,2024-02-15 12:24:00,9.05,1,CUST_00643
TICKET_0005420,STORE_10,2024-01-02 17:57:00,13.52,1,CUST_00569
TICKET_0005421,STORE_06,2024-01-27 18:08:00,44.58,4,CUST_00987
TICKET_0005422,STORE_04,2024-02-25 21:00:00,7.65,2,CUST_00401
TICKET_0005423,STORE_05,2024-02-17 18:20:00,12.08,2,CUST_00791
TICKET_0005424,STORE_09,2024-01-12 20:29:00,18.86,3,CUST_00596
TICKET_0005425,STORE_05,2024-03-30 18:36:00,19.32,4,CUST_00373
TICKET_0005426,STORE_06,2024-01-09 18:12:00,28.37,3,CUST_00842
TICKET_0005427,STORE_02,2024-01-15 10:50:00,2.31,1,CUST_00964
TICKET_0005428,STORE_08,2024-02-21 12:18:00,13.6,2,CUST_00991
TICKET_0005429,STORE_08,2024-02-07 20:36:00,2.26,1,CUST_00177
TICKET_0005430,STORE_03,2024-01-17 11:17:00,2.51,1,CUST_00692
TICKET_0005431,STORE_03,2024-03-30 10:29:00,15.47,2,CUST_00594
TICKET_0005432,STORE_07,2024-03-08 12:40:00,14.41,2,CUST_00790
TICKET_0005433,STORE_09,2024-02-05 17:33:00,6.4,2,CUST_00835
TICKET_0005434,STORE_07,2024-02-15 20:32:00,10.12,1,CUST_00823
TICKET_0005435,STORE_02,2024-03-08 13:01:00,7.18,1,CUST_00783
TICKET_0005436,STORE_05,2024-02-20 09:16:00,2.31,1,CUST_00773
TICKET_0005437,STORE_05,2024-03-05 16:06:00,15.02,3,CUST_00834
TICKET_0005438,STORE_02,2024-03-11 13:11:00,13.88,2,CUST_00938
TICKET_0005439,STORE_04,2024-02-15 19:47:00,3.45,1,CUST_00173
TICKET_0005440,STORE_09,2024-02-06 09:17:00,26.37,3,CUST_00691
TICKET_0005441,STORE_06,2024-03-19 20:48:00,26.97,4,CUST_00745
TICKET_0005442,STORE_01,2024-03-11 17:57:00,13.13,1,CUST_00203
TICKET_0005443,STORE_10,2024-01-11 20:57:00,13.71,1,CUST_00535
TICKET_0005444,STORE_09,2024-01-05 19:19:00,30.11,4,CUST_00747
TICKET_0005445,STORE_09,2024-02-14 21:39:00,22.65,2,CUST_00007
TICKET_0005446,STORE_09,2024-01-10 16:38:00,20.77,2,CUST_00268
TICKET_0005447,STORE_05,2024-03-19 10:11:00,8.25,2,CUST_00682
TICKET_0005448,STORE_01,2024-02-26 15:10:00,5.87,1,CUST_00354
TICKET_0005449,STORE_02,2024-03-25 16:00:00,29.92,4,CUST_00770
TICKET_0005450,STORE_08,2024-02-25 13:04:00,35.53,5,CUST_00069
TICKET_0005451,STORE_08,2024-02-07 16:26:00,26.81,3,CUST_00038
TICKET_0005452,STORE_01,2024-01-09 10:02:00,12.76,1,CUST_00135
TICKET_0005453,STORE_09,2024-01-02 13:53:00,6.86,1,CUST_00840
TICKET_0005454,STORE_01,2024-03-26 19:33:00,6.17,1,CUST_00598
TICKET_0005455,STORE_05,2024-01-14 18:13:00,38.23,5,CUST_00659
TICKET_0005456,STORE_02,2024-02-02 09:25:00,15.21,1,CUST_00850
TICKET_0005457,STORE_06,2024-03-26 13:53:00,9.26,1,CUST_00200
TICKET_0005458,STORE_05,2024-01-04 07:14:00,40.76,6,CUST_00176
TICKET_0005459,STORE_04,2024-02-25 07:08:00,5.8,1,CUST_00683
TICKET_0005460,STORE_02,2024-01-19 18:23:00,28.26,3,CUST_00454
TICKET_0005461,STORE_04,2024-02-17 15:13:00,21.55,2,CUST_00787
TICKET_0005462,STORE_05,2024-02-08 18:08:00,12.3,2,CUST_00949
TICKET_0005463,STORE_08,2024-02-27 15:48:00,3.07,1,CUST_00019
TICKET_0005464,STORE_02,2024-03-23 11:03:00,17.47,2,CUST_00055
TICKET_0005465,STORE_03,2024-02-05 08:19:00,28.21,4,CUST_00881
TICKET_0005466,STORE_05,2024-01-21 09:07:00,9.08,1,CUST_00130
TICKET_0005467,STORE_01,2024-01-04 13:46:00,19.56,3,CUST_00734
TICKET_0005468,STORE_05,2024-03-15 09:35:00,32.47,4,CUST_00930
TICKET_0005469,STORE_10,2024-02-08 10:28:00,12.62,2,CUST_00795
TICKET_0005470,STORE_05,2024-01-14 21:23:00,39.3,4,CUST_00239
TICKET_0005471,STORE_03,2024-02-03 09:33:00,8.65,1,CUST_00322
TICKET_0005472,STORE_02,2024-02-08 17:56:00,19.71,2,CUST_00029
TICKET_0005473,STORE_07,2024-02-12 08:06:00,7.05,1,CUST_00119
TICKET_0005474,STORE_03,2024-03-06 08:53:00,6.67,2,CUST_00237
TICKET_0005475,STORE_01,2024-01-22 10:23:00,8.02,1,CUST_00404
TICKET_0005476,STORE_03,2024-03-27 16:58:00,8.63,2,CUST_00447
TICKET_0005477,STORE_06,2024-03-09 21:31:00,15.28,3,CUST_00096
TICKET_0005478,STORE_09,2024-02-29 08:49:00,26.26,4,CUST_00145
TICKET_0005479,STORE_10,2024-01-06 21:39:00,11.64,2,CUST_00452
TICKET_0005480,STORE_02,2024-03-21 17:55:00,11.55,3,CUST_00344
TICKET_0005481,STORE_10,2024-02-26 08:16:00,2.58,1,CUST_00989
TICKET_0005482,STORE_06,2024-01-17 21:31:00,5.08,1,CUST_00591
TICKET_0005483,STORE_06,2024-01-17 13:22:00,27.64,3,CUST_00461
TICKET_0005484,STORE_03,2024-01-23 18:41:00,29.13,3,CUST_00556
TICKET_0005485,STORE_07,2024-01-20 15:12:00,23.36,4,CUST_00448
TICKET_0005486,STORE_08,2024-03-15 11:31:00,38.35,5,CUST_00498
TICKET_0005487,STORE_05,2024-02-24 20:25:00,27.66,3,CUST_00777
TICKET_0005488,STORE_02,2024-02-22 13:38:00,13.73,2,CUST_00312
TICKET_0005489,STORE_02,2024-02-17 08:19:00,14.03,1,CUST_00034
TICKET_0005490,STORE_09,2024-02-07 12:48:00,10.65,2,CUST_00841
TICKET_0005491,STORE_08,2024-03-27 20:34:00,16.75,2,CUST_00621
TICKET_0005492,STORE_03,2024-03-21 18:28:00,11.47,1,CUST_00822
TICKET_0005493,STORE_09,2024-03-28 12:50:00,5.72,1,CUST_00139
TICKET_0005494,STORE_03,2024-01-21 11:38:00,28.73,2,CUST_00227
TICKET_0005495,STORE_01,2024-02-25 20:11:00,2.37,1,CUST_00690
TICKET_0005496,STORE_04,2024-01-31 09:50:00,33.22,3,CUST_00974
TICKET_0005497,STORE_04,2024-02-02 19:02:00,12.2,1,CUST_00833
TICKET_0005498,STORE_09,2024-02-24 12:42:00,30.0,3,CUST_00500
TICKET_0005499,STORE_09,2024-03-20 14:11:00,13.57,1,CUST_00499
TICKET_0005500,STORE_04,2024-01-15 07:26:00,11.41,2,CUST_00226
TICKET_0005501,STORE_04,2024-03-16 10:30:00,14.85,2,CUST_00462
TICKET_0005502,STORE_06,2024-01-29 08:45:00,32.3,4,CUST_00915
TICKET_0005503,STORE_02,2024-01-22 07:29:00,3.13,1,CUST_00737
TICKET_0005504,STORE_03,2024-01-28 20:07:00,31.22,3,CUST_00449
TICKET_0005505,STORE_07,2024-01-17 13:57:00,24.51,2,CUST_00807
TICKET_0005506,STORE_05,2024-02-27 10:51:00,12.59,1,CUST_00211
TICKET_0005507,STORE_10,2024-01-13 21:38:00,15.48,2,CUST_00307
TICKET_0005508,STORE_05,2024-03-09 15:07:00,40.67,5,CUST_00291
TICKET_0005509,STORE_10,2024-02-06 14:29:00,20.72,3,CUST_00444
TICKET_0005510,STORE_09,2024-01-17 10:20:00,36.75,4,CUST_00883
TICKET_0005511,STORE_08,2024-01-23 10:37:00,18.98,2,CUST_00465
TICKET_0005512,STORE_07,2024-03-20 20:27:00,23.36,2,CUST_00514
TICKET_0005513,STORE_02,2024-03-09 14:28:00,5.98,1,CUST_00874
TICKET_0005514,STORE_05,2024-03-25 11:12:00,29.8,4,CUST_00847
TICKET_0005515,STORE_09,2024-02-02 08:57:00,9.9,1,CUST_00307
TICKET_0005516,STORE_04,2024-01-14 09:01:00,25.89,2,CUST_00795
TICKET_0005517,STORE_04,2024-02-17 16:13:00,9.0,2,CUST_00653
TICKET_0005518,STORE_10,2024-03-13 09:16:00,9.21,1,CUST_00614
TICKET_0005519,STORE_02,2024-02-09 07:37:00,19.2,2,CUST_00056
TICKET_0005520,STORE_03,2024-02-19 11:16:00,3.36,1,CUST_00487
TICKET_0005521,STORE_05,2024-01-12 08:09:00,29.66,4,CUST_00979
TICKET_0005522,STORE_02,2024-03-21 21:04:00,28.16,3,CUST_00724
TICKET_0005523,STORE_02,2024-03-27 21:51:00,18.91,3,CUST_00630
TICKET_0005524,STORE_03,2024-03-13 09:53:00,17.68,2,CUST_00991
TICKET_0005525,STORE_07,2024-03-27 11:18:00,16.52,2,CUST_00502
TICKET_0005526,STORE_03,2024-03-05 08:17:00,6.03,1,CUST_00495
TICKET_0005527,STORE_06,2024-02-16 18:45:00,13.99,1,CUST_00322
TICKET_0005528,STORE_09,2024-03-21 17:00:00,14.58,1,CUST_00962
TICKET_0005529,STORE_01,2024-02-02 14:00:00,8.4,1,CUST_00837
TICKET_0005530,STORE_02,2024-03-12 08:13:00,13.28,2,CUST_00221
TICKET_0005531,STORE_01,2024-02-16 13:31:00,8.95,1,CUST_00936
TICKET_0005532,STORE_09,2024-03-15 08:48:00,26.34,3,CUST_00951
TICKET_0005533,STORE_08,2024-01-12 21:07:00,29.76,4,CUST_00321
TICKET_0005534,STORE_04,2024-01-17 07:45:00,2.39,1,CUST_00435
TICKET_0005535,STORE_09,2024-01-21 11:43:00,22.99,2,CUST_00994
TICKET_0005536,STORE_04,2024-03-26 20:46:00,9.06,1,CUST_00143
TICKET_0005537,STORE_02,2024-03-28 15:29:00,19.17,3,CUST_00223
TICKET_0005538,STORE_05,2024-02-07 07:09:00,41.45,6,CUST_00376
TICKET_0005539,STORE_01,2024-02-15 09:13:00,14.06,1,CUST_00868
TICKET_0005540,STORE_10,2024-03-19 18:49:00,38.55,4,CUST_00295
TICKET_0005541,STORE_09,2024-03-08 14:33:00,9.6,1,CUST_00290
TICKET_0005542,STORE_02,2024-03-04 15:17:00,13.49,1,CUST_00365
TICKET_0005543,STORE_10,2024-03-16 20:07:00,11.57,2,CUST_00808
TICKET_0005544,STORE_06,2024-03-10 18:14:00,18.97,2,CUST_00799
TICKET_0005545,STORE_04,2024-01-13 19:21:00,19.93,3,CUST_00708
TICKET_0005546,STORE_05,2024-02-04 12:46:00,12.02,1,CUST_00836
TICKET_0005547,STORE_07,2024-01-17 10:01:00,30.24,3,CUST_00261
TICKET_0005548,STORE_09,2024-01-20 15:08:00,9.69,1,CUST_00057
TICKET_0005549,STORE_08,2024-03-21 19:09:00,24.37,4,CUST_00963
TICKET_0005550,STORE_01,2024-02-22 13:13:00,9.96,1,CUST_00234
TICKET_0005551,STORE_09,2024-01-03 13:01:00,21.91,3,CUST_00782
TICKET_0005552,STORE_10,2024-02-26 17:07:00,42.72,5,CUST_00155
TICKET_0005553,STORE_05,2024-01-03 07:11:00,4.91,1,CUST_00138
TICKET_0005554,STORE_09,2024-02-13 07:08:00,4.76,1,CUST_00928
TICKET_0005555,STORE_06,2024-03-11 13:32:00,23.75,3,CUST_00641
TICKET_0005556,STORE_05,2024-03-11 16:17:00,5.16,1,CUST_00525
TICKET_0005557,STORE_03,2024-01-27 09:57:00,33.07,3,CUST_00304
TICKET_0005558,STORE_02,2024-01-10 20:50:00,9.25,2,CUST_00991
TICKET_0005559,STORE_05,2024-02-14 17:54:00,51.16,4,CUST_00940
TICKET_0005560,STORE_05,2024-02-01 10:40:00,34.46,4,CUST_00660
TICKET_0005561,STORE_10,2024-03-31 12:53:00,13.94,2,CUST_00347
TICKET_0005562,STORE_10,2024-03-17 07:33:00,8.93,2,CUST_00672
TICKET_0005563,STORE_02,2024-02-06 18:47:00,8.7,1,CUST_00443
TICKET_0005564,STORE_07,2024-01-17 07:42:00,31.72,4,CUST_00545
TICKET_0005565,STORE_01,2024-01-19 19:00:00,7.32,2,CUST_00361
TICKET_0005566,STORE_07,2024-02-22 21:46:00,6.99,2,CUST_00267
TICKET_0005567,STORE_06,2024-02-05 17:50:00,12.05,1,CUST_00211
TICKET_0005568,STORE_10,2024-02-04 08:53:00,42.43,5,CUST_00653
TICKET_0005569,STORE_10,2024-03-30 14:48:00,10.64,2,CUST_00393
TICKET_0005570,STORE_09,2024-01-23 21:07:00,22.95,2,CUST_00952
TICKET_0005571,STORE_08,2024-01-08 13:44:00,37.14,4,CUST_00659
TICKET_0005572,STORE_01,2024-03-05 11:24:00,8.68,1,CUST_00092
TICKET_0005573,STORE_04,2024-03-12 19:45:00,11.75,1,CUST_00108
TICKET_0005574,STORE_06,2024-01-21 17:01:00,27.94,4,CUST_00134
TICKET_0005575,STORE_05,2024-01-22 11:40:00,12.17,3,CUST_00858
TICKET_0005576,STORE_02,2024-01-10 11:42:00,35.48,4,CUST_00306
TICKET_0005577,STORE_08,2024-03-22 09:55:00,24.25,3,CUST_00743
TICKET_0005578,STORE_02,2024-03-12 08:08:00,12.03,2,CUST_00503
TICKET_0005579,STORE_07,2024-01-29 11:46:00,49.72,5,CUST_00328
TICKET_0005580,STORE_10,2024-01-06 16:07:00,6.1,1,CUST_00173
TICKET_0005581,STORE_06,2024-03-28 15:25:00,15.72,2,CUST_00757
TICKET_0005582,STORE_01,2024-03-09 09:16:00,4.46,1,CUST_00696
TICKET_0005583,STORE_05,2024-03-13 20:52:00,20.78,2,CUST_00520
TICKET_0005584,STORE_05,2024-01-14 21:30:00,9.27,1,CUST_00546
TICKET_0005585,STORE_08,2024-01-05 13:37:00,14.03,2,CUST_00594
TICKET_0005586,STORE_10,2024-03-06 20:59:00,6.02,1,CUST_00153
TICKET_0005587,STORE_01,2024-02-28 15:39:00,21.93,2,CUST_00401
TICKET_0005588,STORE_10,2024-03-12 14:25:00,8.94,2,CUST_00145
TICKET_0005589,STORE_02,2024-01-31 10:48:00,11.96,2,CUST_00045
TICKET_0005590,STORE_04,2024-02-10 11:11:00,4.89,1,CUST_00618
TICKET_0005591,STORE_07,2024-03-15 10:46:00,25.26,3,CUST_00283
TICKET_0005592,STORE_01,2024-03-03 12:00:00,10.83,2,CUST_00141
TICKET_0005593,STORE_08,2024-02-11 08:31:00,13.39,2,CUST_00019
TICKET_0005594,STORE_06,2024-03-17 16:13:00,17.62,2,CUST_00516
TICKET_0005595,STORE_10,2024-03-22 13:48:00,18.01,2,CUST_00380
TICKET_0005596,STORE_02,2024-01-05 09:17:00,23.34,3,CUST_00522
TICKET_0005597,STORE_10,2024-03-20 19:51:00,21.03,2,CUST_00800
TICKET_0005598,STORE_05,2024-02-09 16:07:00,9.49,1,CUST_00160
TICKET_0005599,STORE_09,2024-02-18 19:14:00,7.18,1,CUST_00411
TICKET_0005600,STORE_05,2024-03-29 14:58:00,35.22,4,CUST_00772
TICKET_0005601,STORE_10,2024-02-13 20:22:00,8.89,1,CUST_00041
TICKET_0005602,STORE_06,2024-01-03 08:26:00,8.6,2,CUST_00190
TICKET_0005603,STORE_04,2024-03-08 18:53:00,22.02,2,CUST_00331
TICKET_0005604,STORE_08,2024-01-15 18:14:00,10.06,1,CUST_00585
TICKET_0005605,STORE_10,2024-03-25 08:43:00,35.14,4,CUST_00069
TICKET_0005606,STORE_07,2024-02-21 11:29:00,5.99,2,CUST_00945
TICKET_0005607,STORE_02,2024-03-04 20:18:00,18.91,2,CUST_00555
TICKET_0005608,STORE_03,2024-02-28 15:57:00,6.75,1,CUST_00880
TICKET_0005609,STORE_05,2024-01-14 21:25:00,16.2,2,CUST_00669
TICKET_0005610,STORE_06,2024-02-16 19:58:00,4.8,1,CUST_00769
TICKET_0005611,STORE_05,2024-03-29 16:03:00,14.95,1,CUST_00813
TICKET_0005612,STORE_10,2024-03-20 11:23:00,15.88,3,CUST_00748
TICKET_0005613,STORE_06,2024-03-07 08:34:00,38.54,5,CUST_00407
TICKET_0005614,STORE_01,2024-03-07 10:56:00,11.55,2,CUST_00789
TICKET_0005615,STORE_10,2024-03-16 14:28:00,5.83,1,CUST_00512
TICKET_0005616,STORE_01,2024-01-03 16:08:00,3.36,1,CUST_00912
TICKET_0005617,STORE_02,2024-01-21 08:35:00,16.19,2,CUST_00734
TICKET_0005618,STORE_06,2024-03-24 09:08:00,27.58,4,CUST_00881
TICKET_0005619,STORE_08,2024-02-21 17:42:00,7.4,1,CUST_00581
TICKET_0005620,STORE_08,2024-01-25 13:30:00,22.89,5,CUST_00713
TICKET_0005621,STORE_07,2024-01-07 15:49:00,16.91,2,CUST_00474
TICKET_0005622,STORE_10,2024-02-08 18:30:00,14.07,2,CUST_00159
TICKET_0005623,STORE_05,2024-01-08 18:49:00,36.93,4,CUST_00817
TICKET_0005624,STORE_09,2024-02-13 08:07:00,18.27,2,CUST_00916
TICKET_0005625,STORE_10,2024-03-04 21:50:00,30.05,3,CUST_00415
TICKET_0005626,STORE_07,2024-01-25 14:16:00,36.4,5,CUST_00113
TICKET_0005627,STORE_10,2024-03-01 16:43:00,29.52,3,CUST_00180
TICKET_0005628,STORE_01,2024-01-13 14:27:00,14.32,2,CUST_00552
TICKET_0005629,STORE_04,2024-03-24 16:16:00,34.96,4,CUST_00562
TICKET_0005630,STORE_09,2024-02-27 21:51:00,13.91,2,CUST_00143
TICKET_0005631,STORE_06,2024-01-11 12:50:00,25.32,4,CUST_00747
TICKET_0005632,STORE_05,2024-01-02 14:56:00,34.96,3,CUST_00545
TICKET_0005633,STORE_08,2024-02-01 13:09:00,17.49,2,CUST_00146
TICKET_0005634,STORE_04,2024-03-12 15:17:00,3.19,1,CUST_00466
TICKET_0005635,STORE_07,2024-01-21 09:35:00,19.37,2,CUST_00837
TICKET_0005636,STORE_01,2024-01-20 16:51:00,8.89,1,CUST_00231
TICKET_0005637,STORE_06,2024-02-20 21:42:00,20.65,2,CUST_00884
TICKET_0005638,STORE_04,2024-01-25 18:22:00,16.65,2,CUST_00723
TICKET_0005639,STORE_01,2024-03-12 13:58:00,10.59,2,CUST_00994
TICKET_0005640,STORE_07,2024-01-31 12:01:00,33.32,3,CUST_00598
TICKET_0005641,STORE_03,2024-03-25 15:46:00,11.93,2,CUST_00821
TICKET_0005642,STORE_05,2024-02-22 21:42:00,3.07,1,CUST_00009
TICKET_0005643,STORE_04,2024-03-20 18:51:00,21.05,2,CUST_00213
TICKET_0005644,STORE_05,2024-01-10 15:19:00,18.2,3,CUST_00791
TICKET_0005645,STORE_03,2024-02-07 07:14:00,30.43,3,CUST_00736
TICKET_0005646,STORE_03,2024-01-14 20:06:00,13.1,1,CUST_00598
TICKET_0005647,STORE_03,2024-02-18 08:26:00,15.15,2,CUST_00207
TICKET_0005648,STORE_03,2024-01-07 09:14:00,9.53,2,CUST_00687
TICKET_0005649,STORE_08,2024-02-25 13:46:00,5.9,1,CUST_00356
TICKET_0005650,STORE_06,2024-02-02 16:42:00,19.89,3,CUST_00474
TICKET_0005651,STORE_03,2024-01-03 10:11:00,5.51,2,CUST_00892
TICKET_0005652,STORE_01,2024-03-06 12:39:00,14.34,2,CUST_00126
TICKET_0005653,STORE_05,2024-03-01 14:43:00,11.93,2,CUST_00361
TICKET_0005654,STORE_07,2024-02-19 08:28:00,4.66,1,CUST_00724
TICKET_0005655,STORE_04,2024-01-23 07:25:00,21.36,3,CUST_00437
TICKET_0005656,STORE_10,2024-03-13 12:30:00,10.35,2,CUST_00896
TICKET_0005657,STORE_03,2024-01-06 20:45:00,9.1,1,CUST_00017
TICKET_0005658,STORE_08,2024-03-03 07:45:00,5.72,1,CUST_00304
TICKET_0005659,STORE_08,2024-02-16 17:15:00,9.88,1,CUST_00949
TICKET_0005660,STORE_08,2024-02-22 08:37:00,4.56,1,CUST_00277
TICKET_0005661,STORE_10,2024-02-10 13:09:00,6.79,1,CUST_00142
TICKET_0005662,STORE_01,2024-01-22 21:23:00,51.31,5,CUST_00665
TICKET_0005663,STORE_04,2024-03-03 18:46:00,24.41,3,CUST_00699
TICKET_0005664,STORE_02,2024-01-24 10:34:00,21.88,2,CUST_00797
TICKET_0005665,STORE_08,2024-02-11 12:54:00,35.19,3,CUST_00078
TICKET_0005666,STORE_08,2024-01-21 14:12:00,4.51,1,CUST_00731
TICKET_0005667,STORE_03,2024-02-22 19:35:00,19.54,2,CUST_00371
TICKET_0005668,STORE_08,2024-03-09 09:37:00,17.4,2,CUST_00122
TICKET_0005669,STORE_03,2024-02-15 18:18:00,15.26,2,CUST_00642
TICKET_0005670,STORE_10,2024-02-21 09:15:00,9.23,2,CUST_00650
TICKET_0005671,STORE_02,2024-01-09 10:58:00,5.17,1,CUST_00848
TICKET_0005672,STORE_04,2024-02-01 09:24:00,14.73,1,CUST_00989
TICKET_0005673,STORE_03,2024-03-09 19:27:00,13.85,3,CUST_00352
TICKET_0005674,STORE_02,2024-01-03 15:17:00,16.31,4,CUST_00069
TICKET_0005675,STORE_03,2024-01-24 16:54:00,17.98,3,CUST_00364
TICKET_0005676,STORE_08,2024-03-13 15:47:00,12.88,3,CUST_00905
TICKET_0005677,STORE_02,2024-02-15 12:06:00,28.76,3,CUST_00685
TICKET_0005678,STORE_05,2024-02-11 13:15:00,6.85,1,CUST_00921
TICKET_0005679,STORE_06,2024-03-18 21:34:00,24.81,4,CUST_00085
TICKET_0005680,STORE_06,2024-02-07 14:12:00,20.85,2,CUST_00321
TICKET_0005681,STORE_09,2024-02-08 16:12:00,8.6,1,CUST_00558
TICKET_0005682,STORE_02,2024-01-19 09:29:00,15.36,2,CUST_00956
TICKET_0005683,STORE_01,2024-03-12 19:52:00,27.22,2,CUST_00612
TICKET_0005684,STORE_07,2024-02-21 15:19:00,27.08,4,CUST_00898
TICKET_0005685,STORE_01,2024-01-12 15:41:00,7.02,2,CUST_00848
TICKET_0005686,STORE_10,2024-03-24 08:10:00,11.84,1,CUST_00364
TICKET_0005687,STORE_02,2024-02-07 12:21:00,15.3,3,CUST_00418
TICKET_0005688,STORE_07,2024-02-16 16:28:00,9.26,1,CUST_00118
TICKET_0005689,STORE_01,2024-03-16 13:40:00,12.12,2,CUST_00636
TICKET_0005690,STORE_06,2024-02-18 18:39:00,18.9,3,CUST_00116
TICKET_0005691,STORE_03,2024-03-16 18:19:00,14.25,1,CUST_00723
TICKET_0005692,STORE_09,2024-02-05 14:06:00,37.11,4,CUST_00065
TICKET_0005693,STORE_01,2024-03-03 15:40:00,51.65,5,CUST_00574
TICKET_0005694,STORE_04,2024-02-28 17:06:00,27.11,2,CUST_00469
TICKET_0005695,STORE_09,2024-03-13 08:55:00,30.09,3,CUST_00708
TICKET_0005696,STORE_03,2024-02-08 07:11:00,22.58,3,CUST_00075
TICKET_0005697,STORE_04,2024-01-20 19:00:00,8.61,1,CUST_00002
TICKET_0005698,STORE_09,2024-03-14 16:06:00,22.57,3,CUST_00628
TICKET_0005699,STORE_03,2024-02-15 15:42:00,8.93,1,CUST_00307
TICKET_0005700,STORE_06,2024-01-31 14:48:00,17.77,2,CUST_00040
TICKET_0005701,STORE_02,2024-02-16 18:20:00,16.37,2,CUST_00685
TICKET_0005702,STORE_04,2024-03-14 11:51:00,24.73,2,CUST_00929
TICKET_0005703,STORE_04,2024-03-13 14:38:00,8.91,2,CUST_00073
TICKET_0005704,STORE_05,2024-03-22 21:53:00,17.89,3,CUST_00434
TICKET_0005705,STORE_02,2024-01-02 08:59:00,14.27,1,CUST_00507
TICKET_0005706,STORE_07,2024-03-13 08:12:00,7.38,1,CUST_00017
TICKET_0005707,STORE_10,2024-02-27 09:44:00,18.37,3,CUST_00747
TICKET_0005708,STORE_08,2024-01-06 09:52:00,4.2,1,CUST_00399
TICKET_0005709,STORE_04,2024-01-14 13:41:00,12.33,2,CUST_00833
TICKET_0005710,STORE_05,2024-02-09 16:27:00,9.63,1,CUST_00266
TICKET_0005711,STORE_09,2024-01-07 10:54:00,19.08,2,CUST_00854
TICKET_0005712,STORE_02,2024-01-31 13:06:00,13.57,2,CUST_00327
TICKET_0005713,STORE_04,2024-02-11 21:57:00,16.73,2,CUST_00983
TICKET_0005714,STORE_01,2024-03-21 15:55:00,2.57,1,CUST_00693
TICKET_0005715,STORE_01,2024-02-28 08:16:00,2.97,1,CUST_00443
TICKET_0005716,STORE_04,2024-02-23 15:11:00,33.48,3,CUST_00943
TICKET_0005717,STORE_04,2024-01-16 07:58:00,8.85,1,CUST_00924
TICKET_0005718,STORE_02,2024-02-27 14:19:00,28.44,5,CUST_00418
TICKET_0005719,STORE_08,2024-03-06 09:45:00,15.74,2,CUST_00828
TICKET_0005720,STORE_10,2024-01-25 12:02:00,4.82,1,CUST_00286
TICKET_0005721,STORE_05,2024-03-14 20:13:00,9.93,1,CUST_00927
TICKET_0005722,STORE_01,2024-02-03 19:16:00,15.32,2,CUST_00554
TICKET_0005723,STORE_06,2024-02-28 17:41:00,4.75,1,CUST_00757
TICKET_0005724,STORE_05,2024-01-25 08:45:00,43.14,4,CUST_00246
TICKET_0005725,STORE_06,2024-01-03 15:20:00,32.11,3,CUST_00091
TICKET_0005726,STORE_08,2024-03-12 10:01:00,34.12,4,CUST_00281
TICKET_0005727,STORE_08,2024-02-14 07:23:00,20.66,3,CUST_00059
TICKET_0005728,STORE_08,2024-02-17 21:50:00,18.83,2,CUST_00582
TICKET_0005729,STORE_08,2024-03-16 19:14:00,3.62,1,CUST_00444
TICKET_0005730,STORE_09,2024-01-09 14:10:00,23.44,2,CUST_00901
TICKET_0005731,STORE_01,2024-01-28 17:08:00,12.25,1,CUST_00145
TICKET_0005732,STORE_05,2024-03-19 17:27:00,10.35,1,CUST_00207
TICKET_0005733,STORE_09,2024-01-31 08:22:00,17.18,2,CUST_00686
TICKET_0005734,STORE_07,2024-03-06 09:27:00,7.65,2,CUST_00016
TICKET_0005735,STORE_01,2024-03-28 13:13:00,34.47,4,CUST_00673
TICKET_0005736,STORE_03,2024-03-03 14:51:00,23.46,4,CUST_00844
TICKET_0005737,STORE_06,2024-01-11 11:31:00,23.44,2,CUST_00607
TICKET_0005738,STORE_10,2024-02-16 11:49:00,14.48,1,CUST_00558
TICKET_0005739,STORE_06,2024-01-11 19:31:00,21.5,3,CUST_00665
TICKET_0005740,STORE_10,2024-03-11 14:51:00,29.36,4,CUST_00058
TICKET_0005741,STORE_10,2024-01-02 19:43:00,18.13,2,CUST_00340
TICKET_0005742,STORE_02,2024-01-08 20:56:00,19.23,2,CUST_00425
TICKET_0005743,STORE_08,2024-01-16 13:25:00,7.12,1,CUST_00750
TICKET_0005744,STORE_01,2024-03-30 10:01:00,5.84,1,CUST_00401
TICKET_0005745,STORE_08,2024-02-23 08:24:00,3.62,1,CUST_00135
TICKET_0005746,STORE_10,2024-01-30 08:34:00,16.23,3,CUST_00039
TICKET_0005747,STORE_08,2024-01-29 16:18:00,28.15,3,CUST_00342
TICKET_0005748,STORE_02,2024-03-03 10:33:00,35.22,3,CUST_00779
TICKET_0005749,STORE_04,2024-01-07 19:33:00,7.09,1,CUST_00635
TICKET_0005750,STORE_04,2024-03-06 12:11:00,14.56,2,CUST_00240
TICKET_0005751,STORE_02,2024-03-22 12:39:00,30.09,4,CUST_00112
TICKET_0005752,STORE_03,2024-01-22 15:29:00,11.74,2,CUST_00242
TICKET_0005753,STORE_08,2024-02-19 09:58:00,36.31,3,CUST_00757
TICKET_0005754,STORE_07,2024-01-03 11:51:00,50.56,4,CUST_00825
TICKET_0005755,STORE_08,2024-02-27 09:30:00,31.06,4,CUST_00171
TICKET_0005756,STORE_06,2024-01-05 10:36:00,13.3,1,CUST_00886
TICKET_0005757,STORE_06,2024-03-10 17:04:00,25.82,4,CUST_00881
TICKET_0005758,STORE_09,2024-03-03 11:50:00,9.36,2,CUST_00681
TICKET_0005759,STORE_04,2024-01-15 20:23:00,14.19,2,CUST_00588
TICKET_0005760,STORE_01,2024-02-02 21:20:00,16.66,2,CUST_00208
TICKET_0005761,STORE_07,2024-02-05 18:57:00,2.51,1,CUST_00016
TICKET_0005762,STORE_06,2024-03-29 21:50:00,3.58,1,CUST_00130
TICKET_0005763,STORE_05,2024-01-08 20:26:00,15.29,3,CUST_00186
TICKET_0005764,STORE_06,2024-02-23 14:46:00,5.21,1,CUST_00803
TICKET_0005765,STORE_01,2024-02-19 10:52:00,3.56,1,CUST_00353
TICKET_0005766,STORE_04,2024-03-31 20:08:00,19.84,3,CUST_00607
TICKET_0005767,STORE_05,2024-02-07 07:09:00,16.3,2,CUST_00594
TICKET_0005768,STORE_03,2024-02-09 11:13:00,4.38,1,CUST_00492
TICKET_0005769,STORE_09,2024-02-10 17:22:00,7.83,1,CUST_00107
TICKET_0005770,STORE_02,2024-01-30 07:04:00,50.54,5,CUST_00550
TICKET_0005771,STORE_03,2024-02-24 18:14:00,17.35,2,CUST_00044
TICKET_0005772,STORE_08,2024-03-25 18:19:00,27.97,3,CUST_00084
TICKET_0005773,STORE_03,2024-01-13 11:00:00,6.01,1,CUST_00800
TICKET_0005774,STORE_07,2024-02-14 12:28:00,4.79,1,CUST_00267
TICKET_0005775,STORE_02,2024-02-05 09:09:00,31.03,5,CUST_00448
TICKET_0005776,STORE_01,2024-02-13 18:25:00,8.89,1,CUST_00241
TICKET_0005777,STORE_06,2024-03-12 18:34:00,32.17,4,CUST_00467
TICKET_0005778,STORE_07,2024-03-02 10:56:00,38.67,5,CUST_00260
TICKET_0005779,STORE_04,2024-01-02 20:00:00,5.47,2,CUST_00856
TICKET_0005780,STORE_07,2024-01-12 17:24:00,40.01,5,CUST_00261
TICKET_0005781,STORE_09,2024-02-26 15:44:00,9.46,1,CUST_00891
TICKET_0005782,STORE_04,2024-03-04 13:14:00,5.92,1,CUST_00117
TICKET_0005783,STORE_09,2024-03-02 21:28:00,4.36,1,CUST_00991
TICKET_0005784,STORE_10,2024-03-02 16:20:00,19.53,2,CUST_00173
TICKET_0005785,STORE_04,2024-02-29 11:11:00,21.39,2,CUST_00727
TICKET_0005786,STORE_06,2024-01-07 14:52:00,30.06,4,CUST_00103
TICKET_0005787,STORE_01,2024-02-07 15:38:00,10.8,2,CUST_00647
TICKET_0005788,STORE_02,2024-02-12 18:18:00,14.65,2,CUST_00082
TICKET_0005789,STORE_02,2024-03-14 13:50:00,9.38,2,CUST_00765
TICKET_0005790,STORE_06,2024-03-10 13:06:00,18.78,3,CUST_00898
TICKET_0005791,STORE_02,2024-03-29 11:30:00,12.24,2,CUST_00392
TICKET_0005792,STORE_01,2024-01-31 19:08:00,8.95,1,CUST_00566
TICKET_0005793,STORE_07,2024-03-09 20:08:00,30.64,3,CUST_00730
TICKET_0005794,STORE_10,2024-01-29 13:28:00,4.4,1,CUST_00775
TICKET_0005795,STORE_10,2024-03-23 17:51:00,20.57,3,CUST_00285
TICKET_0005796,STORE_07,2024-03-31 10:31:00,38.65,4,CUST_00222
TICKET_0005797,STORE_01,2024-03-01 18:55:00,10.37,1,CUST_00737
TICKET_0005798,STORE_06,2024-01-26 12:21:00,8.59,1,CUST_00568
TICKET_0005799,STORE_01,2024-01-11 21:30:00,14.01,1,CUST_00959
TICKET_0005800,STORE_05,2024-01-07 19:45:00,15.16,2,CUST_00791
TICKET_0005801,STORE_10,2024-02-23 15:04:00,46.99,5,CUST_00104
TICKET_0005802,STORE_04,2024-02-24 16:18:00,8.83,1,CUST_00936
TICKET_0005803,STORE_08,2024-02-25 19:47:00,7.8,1,CUST_00220
TICKET_0005804,STORE_02,2024-02-01 07:53:00,13.25,2,CUST_00626
TICKET_0005805,STORE_02,2024-01-11 11:54:00,16.81,2,CUST_00949
TICKET_0005806,STORE_09,2024-03-06 19:05:00,7.74,1,CUST_00216
TICKET_0005807,STORE_10,2024-02-13 21:43:00,5.81,1,CUST_00117
TICKET_0005808,STORE_05,2024-01-25 21:19:00,5.63,2,CUST_00942
TICKET_0005809,STORE_09,2024-03-05 15:31:00,14.42,2,CUST_00833
TICKET_0005810,STORE_05,2024-01-30 14:49:00,9.02,1,CUST_00316
TICKET_0005811,STORE_09,2024-02-03 09:43:00,23.21,3,CUST_00595
TICKET_0005812,STORE_09,2024-02-20 15:57:00,25.18,3,CUST_00024
TICKET_0005813,STORE_03,2024-03-29 15:07:00,14.36,1,CUST_00336
TICKET_0005814,STORE_08,2024-02-23 19:27:00,32.98,3,CUST_00078
TICKET_0005815,STORE_06,2024-03-11 16:36:00,19.7,2,CUST_00301
TICKET_0005816,STORE_02,2024-02-11 08:31:00,48.48,5,CUST_00660
TICKET_0005817,STORE_06,2024-03-27 11:08:00,16.1,3,CUST_00406
TICKET_0005818,STORE_04,2024-03-19 18:49:00,27.06,3,CUST_00937
TICKET_0005819,STORE_06,2024-02-27 21:40:00,6.91,1,CUST_00476
TICKET_0005820,STORE_02,2024-02-17 13:38:00,2.33,1,CUST_00880
TICKET_0005821,STORE_02,2024-02-25 16:33:00,19.28,3,CUST_00027
TICKET_0005822,STORE_01,2024-02-21 15:35:00,9.6,1,CUST_00760
TICKET_0005823,STORE_01,2024-03-07 18:31:00,6.87,2,CUST_00907
TICKET_0005824,STORE_04,2024-02-14 16:53:00,30.73,3,CUST_00121
TICKET_0005825,STORE_10,2024-01-07 20:39:00,25.62,3,CUST_00264
TICKET_0005826,STORE_06,2024-03-03 12:13:00,12.4,2,CUST_00839
TICKET_0005827,STORE_03,2024-03-12 09:21:00,5.03,2,CUST_00137
TICKET_0005828,STORE_07,2024-01-12 20:50:00,25.35,3,CUST_00138
TICKET_0005829,STORE_01,2024-03-19 11:36:00,19.3,3,CUST_00519
TICKET_0005830,STORE_09,2024-03-03 07:43:00,12.96,1,CUST_00701
TICKET_0005831,STORE_01,2024-02-08 14:11:00,3.54,1,CUST_00808
TICKET_0005832,STORE_07,2024-01-17 12:35:00,40.95,4,CUST_00699
TICKET_0005833,STORE_09,2024-02-21 12:45:00,32.1,4,CUST_00407
TICKET_0005834,STORE_05,2024-02-20 16:15:00,3.67,1,CUST_00770
TICKET_0005835,STORE_03,2024-02-06 10:16:00,13.0,2,CUST_00556
TICKET_0005836,STORE_09,2024-01-12 09:53:00,8.79,2,CUST_00903
TICKET_0005837,STORE_06,2024-01-13 11:22:00,21.99,4,CUST_00981
TICKET_0005838,STORE_04,2024-01-27 10:40:00,18.0,2,CUST_00338
TICKET_0005839,STORE_02,2024-01-03 09:46:00,25.24,2,CUST_00575
TICKET_0005840,STORE_03,2024-03-03 07:13:00,10.42,1,CUST_00791
TICKET_0005841,STORE_06,2024-03-31 19:56:00,29.83,4,CUST_00314
TICKET_0005842,STORE_05,2024-01-15 14:54:00,14.17,1,CUST_00287
TICKET_0005843,STORE_09,2024-03-04 15:29:00,25.45,2,CUST_00762
TICKET_0005844,STORE_02,2024-03-08 12:22:00,49.13,5,CUST_00324
TICKET_0005845,STORE_10,2024-03-11 18:58:00,12.3,2,CUST_00692
TICKET_0005846,STORE_10,2024-01-11 16:26:00,10.35,2,CUST_00835
TICKET_0005847,STORE_01,2024-03-21 11:57:00,10.26,3,CUST_00587
TICKET_0005848,STORE_02,2024-03-19 20:49:00,5.85,1,CUST_00920
TICKET_0005849,STORE_06,2024-02-03 13:22:00,41.96,5,CUST_00133
TICKET_0005850,STORE_03,2024-02-28 09:15:00,13.19,2,CUST_00106
TICKET_0005851,STORE_07,2024-02-01 12:57:00,3.46,1,CUST_00676
TICKET_0005852,STORE_05,2024-02-25 19:00:00,11.92,4,CUST_00315
TICKET_0005853,STORE_01,2024-01-04 16:03:00,14.04,1,CUST_00028
TICKET_0005854,STORE_07,2024-01-27 09:55:00,13.91,1,CUST_00286
TICKET_0005855,STORE_02,2024-01-26 10:31:00,2.71,1,CUST_00017
TICKET_0005856,STORE_05,2024-02-07 16:00:00,29.39,5,CUST_00832
TICKET_0005857,STORE_09,2024-01-25 17:01:00,20.8,2,CUST_00614
TICKET_0005858,STORE_06,2024-03-06 13:19:00,11.89,2,CUST_00049
TICKET_0005859,STORE_07,2024-02-14 17:48:00,14.83,3,CUST_00292
TICKET_0005860,STORE_08,2024-01-21 10:02:00,3.3,1,CUST_00033
TICKET_0005861,STORE_01,2024-02-11 09:30:00,19.88,3,CUST_00297
TICKET_0005862,STORE_06,2024-03-22 20:54:00,19.7,2,CUST_00269
TICKET_0005863,STORE_09,2024-03-13 14:03:00,27.58,2,CUST_00108
TICKET_0005864,STORE_09,2024-02-28 09:31:00,24.24,4,CUST_00573
TICKET_0005865,STORE_05,2024-03-20 09:31:00,45.52,4,CUST_00235
TICKET_0005866,STORE_04,2024-03-16 13:43:00,2.24,1,CUST_00800
TICKET_0005867,STORE_05,2024-03-24 18:01:00,37.33,4,CUST_00898
TICKET_0005868,STORE_07,2024-03-29 12:54:00,6.98,1,CUST_00472
TICKET_0005869,STORE_03,2024-02-28 17:08:00,29.06,2,CUST_00937
TICKET_0005870,STORE_10,2024-01-24 09:26:00,22.62,3,CUST_00312
TICKET_0005871,STORE_09,2024-03-31 15:59:00,27.87,3,CUST_00574
TICKET_0005872,STORE_08,2024-01-11 14:28:00,46.0,5,CUST_00550
TICKET_0005873,STORE_09,2024-02-20 17:42:00,23.25,3,CUST_00206
TICKET_0005874,STORE_08,2024-03-01 14:14:00,17.91,3,CUST_00464
TICKET_0005875,STORE_08,2024-01-14 21:01:00,16.98,2,CUST_00594
TICKET_0005876,STORE_10,2024-03-11 10:15:00,27.41,4,CUST_00915
TICKET_0005877,STORE_06,2024-02-22 10:40:00,6.12,1,CUST_00793
TICKET_0005878,STORE_09,2024-02-08 20:58:00,30.96,3,CUST_00682
TICKET_0005879,STORE_09,2024-03-06 12:50:00,18.42,2,CUST_00271
TICKET_0005880,STORE_09,2024-03-27 08:28:00,2.34,1,CUST_00954
TICKET_0005881,STORE_04,2024-02-08 08:33:00,3.23,1,CUST_00635
TICKET_0005882,STORE_09,2024-02-06 16:14:00,13.71,2,CUST_00652
TICKET_0005883,STORE_06,2024-01-23 21:18:00,4.46,1,CUST_00659
TICKET_0005884,STORE_04,2024-03-02 17:28:00,15.38,2,CUST_00087
TICKET_0005885,STORE_04,2024-02-14 20:07:00,26.67,3,CUST_00892
TICKET_0005886,STORE_10,2024-03-30 12:52:00,8.45,2,CUST_00089
TICKET_0005887,STORE_04,2024-02-06 09:34:00,48.14,4,CUST_00156
TICKET_0005888,STORE_09,2024-03-19 14:18:00,12.37,1,CUST_00670
TICKET_0005889,STORE_01,2024-03-30 07:16:00,16.29,2,CUST_00266
TICKET_0005890,STORE_08,2024-02-28 10:06:00,48.46,5,CUST_00596
TICKET_0005891,STORE_01,2024-01-26 13:48:00,16.7,2,CUST_00114
TICKET_0005892,STORE_09,2024-02-19 15:17:00,7.03,1,CUST_00647
TICKET_0005893,STORE_09,2024-02-02 18:51:00,42.05,4,CUST_00987
TICKET_0005894,STORE_09,2024-02-28 08:39:00,14.76,2,CUST_00831
TICKET_0005895,STORE_09,2024-03-17 10:19:00,26.99,2,CUST_00522
TICKET_0005896,STORE_04,2024-03-31 13:56:00,8.09,2,CUST_00774
TICKET_0005897,STORE_07,2024-01-20 17:47:00,7.04,2,CUST_00677
TICKET_0005898,STORE_04,2024-02-18 07:34:00,29.9,3,CUST_00338
TICKET_0005899,STORE_04,2024-01-19 08:51:00,10.7,2,CUST_00526
TICKET_0005900,STORE_10,2024-03-10 14:12:00,22.0,3,CUST_00044
TICKET_0005901,STORE_08,2024-02-28 12:20:00,7.78,1,CUST_00318
TICKET_0005902,STORE_08,2024-02-17 07:23:00,11.49,1,CUST_00095
TICKET_0005903,STORE_03,2024-01-09 16:02:00,5.8,1,CUST_00282
TICKET_0005904,STORE_08,2024-01-19 10:17:00,10.84,2,CUST_00485
TICKET_0005905,STORE_07,2024-01-20 19:08:00,25.01,3,CUST_00052
TICKET_0005906,STORE_03,2024-03-06 15:04:00,20.08,2,CUST_00802
TICKET_0005907,STORE_04,2024-03-02 09:46:00,36.23,4,CUST_00467
TICKET_0005908,STORE_01,2024-02-05 14:30:00,13.8,2,CUST_00161
TICKET_0005909,STORE_07,2024-03-03 07:07:00,18.1,2,CUST_00147
TICKET_0005910,STORE_07,2024-02-14 16:10:00,13.36,1,CUST_00420
TICKET_0005911,STORE_10,2024-02-25 15:55:00,9.7,1,CUST_00247
TICKET_0005912,STORE_09,2024-01-07 21:11:00,5.9,1,CUST_00989
TICKET_0005913,STORE_06,2024-03-27 16:59:00,11.57,1,CUST_00391
TICKET_0005914,STORE_08,2024-02-01 08:45:00,26.69,3,CUST_00262
TICKET_0005915,STORE_08,2024-01-26 12:49:00,14.31,2,CUST_00789
TICKET_0005916,STORE_05,2024-01-20 16:14:00,44.11,5,CUST_00596
TICKET_0005917,STORE_03,2024-01-11 08:10:00,15.17,2,CUST_00303
TICKET_0005918,STORE_07,2024-01-18 18:29:00,26.61,3,CUST_00310
TICKET_0005919,STORE_06,2024-01-15 18:39:00,7.07,2,CUST_00102
TICKET_0005920,STORE_04,2024-03-13 10:23:00,6.67,1,CUST_00290
TICKET_0005921,STORE_10,2024-03-09 08:03:00,10.93,2,CUST_00199
TICKET_0005922,STORE_04,2024-03-31 12:21:00,21.4,2,CUST_00064
TICKET_0005923,STORE_01,2024-03-30 20:24:00,22.98,3,CUST_00208
TICKET_0005924,STORE_03,2024-01-16 13:30:00,8.1,1,CUST_00706
TICKET_0005925,STORE_06,2024-01-15 21:02:00,10.67,2,CUST_00527
TICKET_0005926,STORE_07,2024-02-26 17:49:00,33.8,3,CUST_00408
TICKET_0005927,STORE_08,2024-03-05 13:28:00,14.31,2,CUST_00831
TICKET_0005928,STORE_05,2024-01-17 17:26:00,11.97,1,CUST_00469
TICKET_0005929,STORE_08,2024-03-20 16:35:00,31.28,4,CUST_00853
TICKET_0005930,STORE_09,2024-01-14 15:43:00,15.03,2,CUST_00985
TICKET_0005931,STORE_03,2024-01-06 17:03:00,17.65,2,CUST_00812
TICKET_0005932,STORE_01,2024-02-19 13:28:00,24.06,2,CUST_00506
TICKET_0005933,STORE_03,2024-03-05 09:50:00,4.8,1,CUST_00218
TICKET_0005934,STORE_05,2024-03-19 13:10:00,3.43,1,CUST_00423
TICKET_0005935,STORE_03,2024-01-26 17:05:00,10.86,2,CUST_00199
TICKET_0005936,STORE_07,2024-01-24 16:46:00,7.58,2,CUST_00816
TICKET_0005937,STORE_10,2024-03-26 17:02:00,14.24,2,CUST_00688
TICKET_0005938,STORE_07,2024-03-14 19:52:00,12.14,1,CUST_00835
TICKET_0005939,STORE_10,2024-02-22 19:39:00,27.56,3,CUST_00328
TICKET_0005940,STORE_08,2024-03-03 13:38:00,16.93,2,CUST_00668
TICKET_0005941,STORE_06,2024-01-08 16:30:00,6.18,1,CUST_00976
TICKET_0005942,STORE_02,2024-01-08 20:30:00,4.58,1,CUST_00908
TICKET_0005943,STORE_09,2024-01-13 16:35:00,22.85,2,CUST_00780
TICKET_0005944,STORE_03,2024-02-13 15:26:00,10.37,2,CUST_00791
TICKET_0005945,STORE_06,2024-03-29 10:02:00,4.57,1,CUST_00950
TICKET_0005946,STORE_03,2024-01-17 08:08:00,11.58,2,CUST_00590
TICKET_0005947,STORE_03,2024-03-25 12:26:00,18.55,2,CUST_00692
TICKET_0005948,STORE_06,2024-03-18 11:01:00,13.95,1,CUST_00953
TICKET_0005949,STORE_05,2024-03-28 11:57:00,37.67,6,CUST_00155
TICKET_0005950,STORE_05,2024-02-08 08:37:00,15.3,2,CUST_00017
TICKET_0005951,STORE_01,2024-01-05 09:02:00,12.44,1,CUST_00193
TICKET_0005952,STORE_02,2024-03-26 11:57:00,10.09,2,CUST_00017
TICKET_0005953,STORE_04,2024-03-06 07:19:00,4.54,1,CUST_00552
TICKET_0005954,STORE_08,2024-01-29 09:27:00,5.2,1,CUST_00086
TICKET_0005955,STORE_02,2024-02-15 11:00:00,11.72,1,CUST_00402
TICKET_0005956,STORE_03,2024-02-03 16:50:00,9.67,2,CUST_00144
TICKET_0005957,STORE_04,2024-01-17 21:38:00,9.3,1,CUST_00624
TICKET_0005958,STORE_09,2024-02-25 20:33:00,14.64,1,CUST_00214
TICKET_0005959,STORE_06,2024-02-06 11:24:00,42.34,5,CUST_00211
TICKET_0005960,STORE_10,2024-01-31 14:01:00,7.08,1,CUST_00282
TICKET_0005961,STORE_05,2024-01-30 16:08:00,48.23,5,CUST_00609
TICKET_0005962,STORE_06,2024-02-29 14:45:00,9.64,1,CUST_00928
TICKET_0005963,STORE_02,2024-02-25 20:06:00,15.47,2,CUST_00088
TICKET_0005964,STORE_09,2024-02-11 19:00:00,13.96,2,CUST_00015
TICKET_0005965,STORE_02,2024-03-09 12:22:00,12.65,2,CUST_00043
TICKET_0005966,STORE_01,2024-03-21 21:37:00,7.06,2,CUST_00841
TICKET_0005967,STORE_08,2024-01-12 15:18:00,9.45,1,CUST_00938
TICKET_0005968,STORE_02,2024-01-11 08:35:00,17.01,2,CUST_00030
TICKET_0005969,STORE_10,2024-01-17 21:40:00,49.14,5,CUST_00127
TICKET_0005970,STORE_10,2024-02-23 13:06:00,17.18,2,CUST_00828
TICKET_0005971,STORE_03,2024-03-11 12:10:00,21.25,3,CUST_00124
TICKET_0005972,STORE_02,2024-03-27 07:11:00,13.38,2,CUST_00737
TICKET_0005973,STORE_10,2024-02-05 09:25:00,9.93,2,CUST_00941
TICKET_0005974,STORE_05,2024-02-21 16:43:00,9.1,1,CUST_00172
TICKET_0005975,STORE_03,2024-01-17 08:04:00,14.45,3,CUST_00011
TICKET_0005976,STORE_05,2024-01-08 09:18:00,38.61,5,CUST_00418
TICKET_0005977,STORE_06,2024-02-27 11:30:00,22.02,3,CUST_00682
TICKET_0005978,STORE_03,2024-02-24 13:58:00,16.22,2,CUST_00344
TICKET_0005979,STORE_01,2024-02-08 12:40:00,11.62,1,CUST_00487
TICKET_0005980,STORE_08,2024-03-04 14:50:00,22.06,3,CUST_00474
TICKET_0005981,STORE_08,2024-03-03 10:53:00,4.57,1,CUST_00991
TICKET_0005982,STORE_01,2024-03-07 16:46:00,15.25,2,CUST_00096
TICKET_0005983,STORE_08,2024-03-06 11:45:00,26.89,3,CUST_00032
TICKET_0005984,STORE_04,2024-03-05 17:15:00,5.2,1,CUST_00744
TICKET_0005985,STORE_05,2024-03-17 19:36:00,14.43,2,CUST_00897
TICKET_0005986,STORE_08,2024-02-02 16:50:00,6.15,1,CUST_00583
TICKET_0005987,STORE_04,2024-02-04 12:32:00,16.24,2,CUST_00925
TICKET_0005988,STORE_08,2024-01-16 14:20:00,13.85,2,CUST_00624
TICKET_0005989,STORE_04,2024-02-08 15:04:00,9.73,1,CUST_00218
TICKET_0005990,STORE_02,2024-01-17 09:23:00,15.93,3,CUST_00180
TICKET_0005991,STORE_08,2024-03-24 08:39:00,5.94,1,CUST_00686
TICKET_0005992,STORE_08,2024-02-03 19:36:00,33.52,5,CUST_00291
TICKET_0005993,STORE_07,2024-01-24 09:11:00,34.64,5,CUST_00382
TICKET_0005994,STORE_03,2024-02-18 13:52:00,29.3,4,CUST_00721
TICKET_0005995,STORE_05,2024-03-09 19:37:00,22.22,3,CUST_00348
TICKET_0005996,STORE_04,2024-02-23 18:28:00,8.24,2,CUST_00528
TICKET_0005997,STORE_08,2024-03-24 07:00:00,9.55,1,CUST_00210
TICKET_0005998,STORE_10,2024-02-01 16:45:00,13.02,2,CUST_00785
TICKET_0005999,STORE_03,2024-01-24 21:02:00,6.34,1,CUST_00646
TICKET_0006000,STORE_09,2024-01-06 11:10:00,8.41,2,CUST_00472
TICKET_0006001,STORE_02,2024-01-11 20:02:00,21.41,2,CUST_00059
TICKET_0006002,STORE_01,2024-01-25 07:45:00,41.8,5,CUST_00981
TICKET_0006003,STORE_01,2024-03-12 10:08:00,13.64,3,CUST_00069
TICKET_0006004,STORE_05,2024-03-04 13:43:00,15.6,2,CUST_00698
TICKET_0006005,STORE_07,2024-01-18 19:20:00,5.21,1,CUST_00708
TICKET_0006006,STORE_10,2024-01-21 20:49:00,14.95,2,CUST_00672
TICKET_0006007,STORE_08,2024-02-19 15:30:00,17.93,2,CUST_00315
TICKET_0006008,STORE_04,2024-02-19 09:19:00,14.58,2,CUST_00618
TICKET_0006009,STORE_08,2024-01-27 15:55:00,28.64,2,CUST_00671
TICKET_0006010,STORE_07,2024-03-11 19:08:00,33.85,4,CUST_00909
TICKET_0006011,STORE_09,2024-01-08 12:12:00,16.77,2,CUST_00595
TICKET_0006012,STORE_09,2024-01-20 15:57:00,14.16,2,CUST_00351
TICKET_0006013,STORE_04,2024-01-03 19:28:00,11.99,2,CUST_00753
TICKET_0006014,STORE_02,2024-01-21 21:44:00,47.5,5,CUST_00324
TICKET_0006015,STORE_05,2024-03-14 08:27:00,13.6,1,CUST_00084
TICKET_0006016,STORE_03,2024-02-02 07:11:00,3.12,1,CUST_00034
TICKET_0006017,STORE_05,2024-01-27 19:03:00,12.01,2,CUST_00776
TICKET_0006018,STORE_03,2024-02-22 10:59:00,22.54,2,CUST_00812
TICKET_0006019,STORE_09,2024-02-27 15:08:00,2.6,1,CUST_00209
TICKET_0006020,STORE_01,2024-03-25 09:50:00,5.16,1,CUST_00522
TICKET_0006021,STORE_05,2024-03-24 07:33:00,21.77,2,CUST_00463
TICKET_0006022,STORE_02,2024-01-19 10:57:00,22.08,3,CUST_00260
TICKET_0006023,STORE_02,2024-03-13 19:46:00,13.33,2,CUST_00014
TICKET_0006024,STORE_03,2024-03-23 12:27:00,26.12,2,CUST_00993
TICKET_0006025,STORE_02,2024-03-17 15:08:00,6.36,1,CUST_00333
TICKET_0006026,STORE_10,2024-01-21 11:01:00,6.36,1,CUST_00738
TICKET_0006027,STORE_01,2024-03-15 17:56:00,17.78,2,CUST_00093
TICKET_0006028,STORE_06,2024-03-27 07:09:00,10.34,2,CUST_00340
TICKET_0006029,STORE_10,2024-01-17 20:23:00,3.46,1,CUST_00893
TICKET_0006030,STORE_09,2024-03-03 07:05:00,18.36,3,CUST_00223
TICKET_0006031,STORE_06,2024-01-26 21:25:00,2.9,1,CUST_00939
TICKET_0006032,STORE_03,2024-01-23 15:36:00,11.77,3,CUST_00368
TICKET_0006033,STORE_10,2024-01-08 17:25:00,20.92,3,CUST_00799
TICKET_0006034,STORE_08,2024-03-03 20:03:00,11.64,2,CUST_00003
TICKET_0006035,STORE_03,2024-03-25 16:58:00,36.41,3,CUST_00702
TICKET_0006036,STORE_05,2024-02-29 15:10:00,30.27,4,CUST_00357
TICKET_0006037,STORE_01,2024-03-21 17:46:00,5.97,1,CUST_00674
TICKET_0006038,STORE_10,2024-01-24 16:38:00,21.28,3,CUST_00655
TICKET_0006039,STORE_06,2024-01-05 17:55:00,2.52,1,CUST_00691
TICKET_0006040,STORE_09,2024-03-10 20:15:00,21.28,3,CUST_00001
TICKET_0006041,STORE_03,2024-03-07 21:15:00,27.36,5,CUST_00513
TICKET_0006042,STORE_06,2024-01-10 17:02:00,21.1,3,CUST_00102
TICKET_0006043,STORE_07,2024-02-03 17:53:00,28.35,3,CUST_00011
TICKET_0006044,STORE_08,2024-02-11 13:12:00,18.78,3,CUST_00686
TICKET_0006045,STORE_05,2024-01-24 18:53:00,23.17,3,CUST_00809
TICKET_0006046,STORE_08,2024-01-27 19:09:00,15.19,1,CUST_00912
TICKET_0006047,STORE_01,2024-02-09 21:52:00,11.99,2,CUST_00615
TICKET_0006048,STORE_03,2024-01-05 14:16:00,25.79,2,CUST_00093
TICKET_0006049,STORE_08,2024-03-01 15:20:00,3.32,1,CUST_00368
TICKET_0006050,STORE_03,2024-01-29 09:58:00,40.92,5,CUST_00253
TICKET_0006051,STORE_03,2024-02-14 13:13:00,8.18,1,CUST_00775
TICKET_0006052,STORE_07,2024-02-09 12:04:00,52.74,5,CUST_00423
TICKET_0006053,STORE_08,2024-03-07 08:16:00,4.76,1,CUST_00090
TICKET_0006054,STORE_04,2024-02-03 11:08:00,6.74,1,CUST_00818
TICKET_0006055,STORE_08,2024-01-02 13:45:00,27.72,2,CUST_00114
TICKET_0006056,STORE_10,2024-02-25 12:35:00,19.19,2,CUST_00453
TICKET_0006057,STORE_10,2024-03-17 09:28:00,30.64,5,CUST_00157
TICKET_0006058,STORE_01,2024-01-10 12:48:00,3.02,1,CUST_00696
TICKET_0006059,STORE_02,2024-03-14 10:24:00,12.73,1,CUST_00623
TICKET_0006060,STORE_06,2024-01-22 14:47:00,25.37,3,CUST_00662
TICKET_0006061,STORE_06,2024-02-26 13:03:00,18.29,2,CUST_00299
TICKET_0006062,STORE_05,2024-01-23 17:03:00,29.76,5,CUST_00373
TICKET_0006063,STORE_10,2024-03-04 18:57:00,19.43,2,CUST_00757
TICKET_0006064,STORE_01,2024-02-05 20:16:00,38.26,5,CUST_00562
TICKET_0006065,STORE_10,2024-02-03 16:11:00,3.03,1,CUST_00142
TICKET_0006066,STORE_01,2024-01-07 20:42:00,22.72,3,CUST_00502
TICKET_0006067,STORE_02,2024-02-14 17:31:00,18.49,3,CUST_00383
TICKET_0006068,STORE_02,2024-03-07 09:36:00,21.97,4,CUST_00287
TICKET_0006069,STORE_06,2024-02-16 11:12:00,5.84,2,CUST_00310
TICKET_0006070,STORE_10,2024-03-31 08:46:00,10.07,1,CUST_00403
TICKET_0006071,STORE_02,2024-01-16 07:20:00,15.78,3,CUST_00870
TICKET_0006072,STORE_01,2024-02-11 20:22:00,18.64,2,CUST_00116
TICKET_0006073,STORE_03,2024-01-11 17:51:00,13.23,2,CUST_00905
TICKET_0006074,STORE_04,2024-03-13 18:26:00,3.68,1,CUST_00789
TICKET_0006075,STORE_05,2024-01-25 12:36:00,13.27,3,CUST_00071
TICKET_0006076,STORE_09,2024-03-01 12:59:00,22.39,3,CUST_00798
TICKET_0006077,STORE_07,2024-02-22 12:33:00,18.21,2,CUST_00252
TICKET_0006078,STORE_02,2024-03-21 20:27:00,7.69,2,CUST_00480
TICKET_0006079,STORE_08,2024-03-15 18:13:00,19.4,2,CUST_00177
TICKET_0006080,STORE_08,2024-01-17 14:05:00,22.9,2,CUST_00511
TICKET_0006081,STORE_10,2024-03-08 16:39:00,11.29,1,CUST_00177
TICKET_0006082,STORE_09,2024-03-25 17:25:00,7.05,2,CUST_00143
TICKET_0006083,STORE_09,2024-02-01 19:35:00,7.64,1,CUST_00696
TICKET_0006084,STORE_08,2024-03-01 15:52:00,37.95,5,CUST_00328
TICKET_0006085,STORE_01,2024-03-08 10:14:00,10.96,1,CUST_00603
TICKET_0006086,STORE_02,2024-02-29 07:34:00,32.87,5,CUST_00123
TICKET_0006087,STORE_07,2024-02-26 21:24:00,11.99,1,CUST_00488
TICKET_0006088,STORE_07,2024-01-09 07:56:00,29.66,4,CUST_00407
TICKET_0006089,STORE_01,2024-01-17 08:55:00,2.72,1,CUST_00556
TICKET_0006090,STORE_09,2024-02-08 16:24:00,13.8,2,CUST_00385
TICKET_0006091,STORE_08,2024-02-29 10:00:00,27.89,2,CUST_00144
TICKET_0006092,STORE_08,2024-02-26 08:06:00,5.65,1,CUST_00624
TICKET_0006093,STORE_01,2024-01-31 19:16:00,14.66,2,CUST_00671
TICKET_0006094,STORE_01,2024-02-24 11:04:00,55.17,5,CUST_00519
TICKET_0006095,STORE_01,2024-01-05 20:52:00,10.12,2,CUST_00170
TICKET_0006096,STORE_03,2024-02-25 15:07:00,21.56,4,CUST_00939
TICKET_0006097,STORE_07,2024-02-28 19:51:00,6.82,1,CUST_00755
TICKET_0006098,STORE_10,2024-03-18 16:30:00,6.94,1,CUST_00958
TICKET_0006099,STORE_02,2024-02-18 18:24:00,23.52,2,CUST_00907
TICKET_0006100,STORE_01,2024-03-15 16:00:00,11.9,2,CUST_00556
TICKET_0006101,STORE_05,2024-03-23 13:47:00,44.88,5,CUST_00316
TICKET_0006102,STORE_04,2024-02-10 11:11:00,5.06,1,CUST_00800
TICKET_0006103,STORE_01,2024-03-15 13:41:00,9.48,1,CUST_00570
TICKET_0006104,STORE_09,2024-03-28 11:52:00,11.48,2,CUST_00825
TICKET_0006105,STORE_04,2024-01-03 08:20:00,10.42,1,CUST_00466
TICKET_0006106,STORE_05,2024-02-15 14:57:00,13.89,3,CUST_00695
TICKET_0006107,STORE_09,2024-03-30 10:36:00,18.41,2,CUST_00182
TICKET_0006108,STORE_10,2024-01-29 09:50:00,5.99,2,CUST_00136
TICKET_0006109,STORE_03,2024-01-15 08:15:00,12.69,1,CUST_00948
TICKET_0006110,STORE_09,2024-01-28 20:55:00,34.58,4,CUST_00441
TICKET_0006111,STORE_06,2024-02-17 18:30:00,9.84,1,CUST_00876
TICKET_0006112,STORE_10,2024-02-22 15:37:00,16.85,2,CUST_00094
TICKET_0006113,STORE_02,2024-01-09 10:06:00,21.67,2,CUST_00411
TICKET_0006114,STORE_08,2024-01-16 18:11:00,20.24,2,CUST_00771
TICKET_0006115,STORE_09,2024-02-15 10:56:00,2.86,1,CUST_00685
TICKET_0006116,STORE_07,2024-01-30 09:34:00,4.87,1,CUST_00065
TICKET_0006117,STORE_07,2024-01-07 07:42:00,43.7,3,CUST_00752
TICKET_0006118,STORE_05,2024-01-01 07:37:00,25.82,5,CUST_00133
TICKET_0006119,STORE_04,2024-01-02 09:27:00,8.05,1,CUST_00635
TICKET_0006120,STORE_09,2024-01-30 20:23:00,10.82,2,CUST_00334
TICKET_0006121,STORE_08,2024-03-13 15:24:00,10.2,3,CUST_00755
TICKET_0006122,STORE_06,2024-01-23 18:37:00,36.92,5,CUST_00423
TICKET_0006123,STORE_06,2024-01-02 14:20:00,11.86,1,CUST_00721
TICKET_0006124,STORE_03,2024-02-01 08:34:00,12.74,1,CUST_00205
TICKET_0006125,STORE_03,2024-01-08 17:29:00,17.53,2,CUST_00051
TICKET_0006126,STORE_09,2024-01-10 14:27:00,19.76,2,CUST_00207
TICKET_0006127,STORE_01,2024-01-27 16:32:00,9.55,1,CUST_00487
TICKET_0006128,STORE_08,2024-03-31 15:56:00,10.1,1,CUST_00864
TICKET_0006129,STORE_07,2024-03-03 10:11:00,13.79,2,CUST_00351
TICKET_0006130,STORE_01,2024-02-10 16:03:00,14.1,1,CUST_00790
TICKET_0006131,STORE_06,2024-01-15 11:46:00,19.94,2,CUST_00461
TICKET_0006132,STORE_01,2024-03-06 13:32:00,6.83,2,CUST_00313
TICKET_0006133,STORE_06,2024-02-24 08:21:00,20.58,2,CUST_00703
TICKET_0006134,STORE_04,2024-02-25 08:32:00,6.64,1,CUST_00439
TICKET_0006135,STORE_10,2024-02-14 20:30:00,26.42,5,CUST_00508
TICKET_0006136,STORE_02,2024-03-01 17:58:00,9.4,1,CUST_00992
TICKET_0006137,STORE_06,2024-01-20 20:13:00,26.2,4,CUST_00157
TICKET_0006138,STORE_02,2024-01-15 16:00:00,15.47,2,CUST_00287
TICKET_0006139,STORE_07,2024-01-24 08:52:00,4.54,1,CUST_00705
TICKET_0006140,STORE_08,2024-01-04 13:40:00,26.98,3,CUST_00557
TICKET_0006141,STORE_08,2024-02-18 21:00:00,24.23,3,CUST_00489
TICKET_0006142,STORE_02,2024-02-06 18:50:00,17.57,2,CUST_00198
TICKET_0006143,STORE_01,2024-02-27 11:51:00,11.32,1,CUST_00333
TICKET_0006144,STORE_06,2024-01-16 08:13:00,10.72,3,CUST_00149
TICKET_0006145,STORE_06,2024-03-02 16:44:00,12.31,2,CUST_00415
TICKET_0006146,STORE_10,2024-01-09 13:48:00,2.95,1,CUST_00465
TICKET_0006147,STORE_02,2024-03-02 11:01:00,27.65,3,CUST_00151
TICKET_0006148,STORE_05,2024-02-05 12:28:00,9.08,1,CUST_00451
TICKET_0006149,STORE_10,2024-01-04 08:46:00,16.76,3,CUST_00940
TICKET_0006150,STORE_01,2024-01-03 08:38:00,10.24,1,CUST_00904
TICKET_0006151,STORE_10,2024-03-15 13:00:00,15.95,2,CUST_00385
TICKET_0006152,STORE_01,2024-03-16 10:37:00,20.32,2,CUST_00309
TICKET_0006153,STORE_02,2024-03-20 21:34:00,20.32,3,CUST_00370
TICKET_0006154,STORE_03,2024-02-13 12:53:00,9.54,1,CUST_00319
TICKET_0006155,STORE_09,2024-03-15 13:09:00,2.84,1,CUST_00248
TICKET_0006156,STORE_06,2024-01-26 09:36:00,11.57,2,CUST_00396
TICKET_0006157,STORE_05,2024-01-03 19:07:00,8.88,2,CUST_00935
TICKET_0006158,STORE_06,2024-02-14 11:07:00,36.23,3,CUST_00804
TICKET_0006159,STORE_09,2024-02-02 18:52:00,22.32,3,CUST_00791
TICKET_0006160,STORE_03,2024-02-09 18:39:00,38.35,5,CUST_00075
TICKET_0006161,STORE_04,2024-03-19 11:01:00,17.68,2,CUST_00106
TICKET_0006162,STORE_04,2024-02-28 13:00:00,35.57,3,CUST_00981
TICKET_0006163,STORE_07,2024-02-06 21:26:00,33.94,4,CUST_00035
TICKET_0006164,STORE_06,2024-02-03 12:10:00,34.09,3,CUST_00974
TICKET_0006165,STORE_03,2024-02-15 19:49:00,15.72,2,CUST_00915
TICKET_0006166,STORE_03,2024-01-28 15:13:00,18.07,3,CUST_00667
TICKET_0006167,STORE_02,2024-02-03 20:42:00,15.62,2,CUST_00681
TICKET_0006168,STORE_04,2024-03-06 09:02:00,22.64,3,CUST_00261
TICKET_0006169,STORE_01,2024-03-25 10:58:00,11.1,2,CUST_00886
TICKET_0006170,STORE_03,2024-03-04 16:26:00,7.02,1,CUST_00128
TICKET_0006171,STORE_01,2024-03-11 18:07:00,7.97,2,CUST_00265
TICKET_0006172,STORE_10,2024-02-21 13:06:00,7.52,2,CUST_00199
TICKET_0006173,STORE_08,2024-01-20 09:27:00,8.72,1,CUST_00086
TICKET_0006174,STORE_01,2024-01-19 16:32:00,13.85,1,CUST_00868
TICKET_0006175,STORE_07,2024-01-26 07:38:00,3.59,1,CUST_00698
TICKET_0006176,STORE_06,2024-01-25 16:14:00,27.5,4,CUST_00777
TICKET_0006177,STORE_03,2024-03-01 09:14:00,17.51,2,CUST_00891
TICKET_0006178,STORE_05,2024-01-10 07:28:00,13.88,1,CUST_00689
TICKET_0006179,STORE_07,2024-03-05 20:56:00,22.08,4,CUST_00729
TICKET_0006180,STORE_10,2024-01-15 12:21:00,9.76,1,CUST_00414
TICKET_0006181,STORE_04,2024-03-16 21:52:00,14.29,1,CUST_00597
TICKET_0006182,STORE_04,2024-02-29 19:36:00,7.57,1,CUST_00589
TICKET_0006183,STORE_04,2024-03-02 19:58:00,17.13,2,CUST_00967
TICKET_0006184,STORE_05,2024-01-16 19:40:00,24.59,4,CUST_00498
TICKET_0006185,STORE_07,2024-02-22 12:56:00,25.21,4,CUST_00721
TICKET_0006186,STORE_06,2024-02-12 15:45:00,10.14,1,CUST_00702
TICKET_0006187,STORE_07,2024-02-26 19:35:00,39.26,4,CUST_00367
TICKET_0006188,STORE_08,2024-03-23 09:40:00,33.47,4,CUST_00525
TICKET_0006189,STORE_01,2024-03-07 14:31:00,13.85,2,CUST_00003
TICKET_0006190,STORE_04,2024-02-06 08:17:00,25.46,3,CUST_00668
TICKET_0006191,STORE_07,2024-03-26 09:10:00,18.91,2,CUST_00458
TICKET_0006192,STORE_07,2024-03-08 11:56:00,18.37,3,CUST_00977
TICKET_0006193,STORE_09,2024-02-29 17:58:00,21.0,2,CUST_00614
TICKET_0006194,STORE_06,2024-02-15 19:05:00,18.13,3,CUST_00382
TICKET_0006195,STORE_06,2024-02-22 12:19:00,58.52,5,CUST_00847
TICKET_0006196,STORE_01,2024-03-18 14:50:00,2.66,1,CUST_00720
TICKET_0006197,STORE_01,2024-03-19 11:44:00,23.73,3,CUST_00261
TICKET_0006198,STORE_02,2024-01-07 20:26:00,9.71,2,CUST_00944
TICKET_0006199,STORE_03,2024-01-29 15:40:00,28.25,4,CUST_00545
TICKET_0006200,STORE_08,2024-03-27 11:52:00,21.88,3,CUST_00498
TICKET_0006201,STORE_07,2024-02-16 08:08:00,32.87,5,CUST_00035
TICKET_0006202,STORE_05,2024-03-02 14:50:00,31.09,3,CUST_00192
TICKET_0006203,STORE_07,2024-03-24 12:10:00,18.34,2,CUST_00996
TICKET_0006204,STORE_03,2024-02-25 19:50:00,10.65,2,CUST_00452
TICKET_0006205,STORE_01,2024-03-28 17:24:00,11.66,2,CUST_00889
TICKET_0006206,STORE_06,2024-01-11 20:18:00,36.55,3,CUST_00525
TICKET_0006207,STORE_05,2024-01-04 15:58:00,35.08,4,CUST_00112
TICKET_0006208,STORE_04,2024-01-04 15:34:00,21.48,2,CUST_00865
TICKET_0006209,STORE_02,2024-02-16 13:09:00,6.62,2,CUST_00490
TICKET_0006210,STORE_07,2024-02-26 18:49:00,13.63,2,CUST_00979
TICKET_0006211,STORE_08,2024-01-07 08:05:00,8.54,1,CUST_00854
TICKET_0006212,STORE_05,2024-02-24 11:34:00,2.48,1,CUST_00515
TICKET_0006213,STORE_06,2024-02-02 21:23:00,6.6,2,CUST_00575
TICKET_0006214,STORE_10,2024-01-11 13:51:00,29.61,5,CUST_00321
TICKET_0006215,STORE_10,2024-01-15 13:07:00,26.85,3,CUST_00450
TICKET_0006216,STORE_01,2024-03-19 15:01:00,9.37,1,CUST_00050
TICKET_0006217,STORE_01,2024-02-01 18:13:00,7.82,1,CUST_00763
TICKET_0006218,STORE_02,2024-03-09 08:01:00,8.41,2,CUST_00430
TICKET_0006219,STORE_01,2024-01-06 18:27:00,26.27,2,CUST_00809
TICKET_0006220,STORE_01,2024-01-27 10:36:00,14.57,2,CUST_00187
TICKET_0006221,STORE_05,2024-01-01 09:38:00,4.37,1,CUST_00296
TICKET_0006222,STORE_05,2024-02-23 08:50:00,15.59,2,CUST_00878
TICKET_0006223,STORE_09,2024-03-10 17:31:00,13.67,2,CUST_00230
TICKET_0006224,STORE_06,2024-01-20 20:34:00,8.83,1,CUST_00534
TICKET_0006225,STORE_05,2024-03-24 15:03:00,40.51,5,CUST_00708
TICKET_0006226,STORE_04,2024-01-09 13:07:00,9.03,1,CUST_00216
TICKET_0006227,STORE_08,2024-02-28 07:21:00,9.25,1,CUST_00934
TICKET_0006228,STORE_01,2024-02-09 21:38:00,2.26,1,CUST_00919
TICKET_0006229,STORE_05,2024-02-13 15:11:00,20.49,2,CUST_00502
TICKET_0006230,STORE_06,2024-01-12 10:22:00,19.45,2,CUST_00576
TICKET_0006231,STORE_01,2024-01-16 07:19:00,27.5,3,CUST_00656
TICKET_0006232,STORE_02,2024-02-12 09:25:00,10.25,1,CUST_00384
TICKET_0006233,STORE_09,2024-02-15 10:56:00,12.15,2,CUST_00312
TICKET_0006234,STORE_10,2024-02-21 08:50:00,12.95,1,CUST_00371
TICKET_0006235,STORE_05,2024-01-03 19:09:00,22.07,3,CUST_00817
TICKET_0006236,STORE_02,2024-02-17 21:50:00,14.79,1,CUST_00929
TICKET_0006237,STORE_03,2024-02-09 19:47:00,12.45,2,CUST_00302
TICKET_0006238,STORE_08,2024-01-15 15:46:00,17.64,2,CUST_00383
TICKET_0006239,STORE_01,2024-02-22 14:10:00,11.93,1,CUST_00053
TICKET_0006240,STORE_06,2024-03-24 08:04:00,20.03,2,CUST_00903
TICKET_0006241,STORE_02,2024-01-20 11:54:00,27.74,5,CUST_00684
TICKET_0006242,STORE_06,2024-02-24 13:27:00,10.41,1,CUST_00084
TICKET_0006243,STORE_07,2024-02-13 11:07:00,17.15,2,CUST_00480
TICKET_0006244,STORE_04,2024-02-29 20:54:00,14.76,1,CUST_00405
TICKET_0006245,STORE_05,2024-03-27 16:26:00,22.42,2,CUST_00695
TICKET_0006246,STORE_08,2024-02-17 19:18:00,46.2,5,CUST_00157
TICKET_0006247,STORE_08,2024-01-24 18:55:00,9.91,1,CUST_00764
TICKET_0006248,STORE_08,2024-02-11 12:35:00,10.59,2,CUST_00117
TICKET_0006249,STORE_07,2024-03-07 08:47:00,42.89,5,CUST_00825
TICKET_0006250,STORE_10,2024-03-01 18:52:00,16.38,2,CUST_00887
TICKET_0006251,STORE_03,2024-01-22 11:59:00,4.81,1,CUST_00128
TICKET_0006252,STORE_02,2024-01-16 10:06:00,2.92,1,CUST_00920
TICKET_0006253,STORE_02,2024-01-03 12:43:00,38.65,4,CUST_00350
TICKET_0006254,STORE_10,2024-01-31 10:34:00,4.86,2,CUST_00669
TICKET_0006255,STORE_02,2024-03-06 10:16:00,13.99,2,CUST_00762
TICKET_0006256,STORE_01,2024-02-26 16:37:00,21.97,2,CUST_00709
TICKET_0006257,STORE_05,2024-01-21 13:54:00,21.82,3,CUST_00021
TICKET_0006258,STORE_06,2024-01-29 17:43:00,13.49,1,CUST_00229
TICKET_0006259,STORE_06,2024-03-25 10:51:00,25.14,3,CUST_00302
TICKET_0006260,STORE_09,2024-01-03 13:40:00,7.08,1,CUST_00793
TICKET_0006261,STORE_06,2024-03-25 15:04:00,40.46,3,CUST_00851
TICKET_0006262,STORE_10,2024-03-31 16:14:00,2.33,1,CUST_00530
TICKET_0006263,STORE_03,2024-03-08 14:24:00,16.14,3,CUST_00274
TICKET_0006264,STORE_01,2024-02-13 19:36:00,4.54,1,CUST_00683
TICKET_0006265,STORE_04,2024-02-07 11:41:00,22.51,3,CUST_00570
TICKET_0006266,STORE_01,2024-01-06 18:19:00,22.16,2,CUST_00213
TICKET_0006267,STORE_03,2024-03-24 19:38:00,3.47,1,CUST_00728
TICKET_0006268,STORE_04,2024-03-30 08:47:00,27.28,2,CUST_00482
TICKET_0006269,STORE_03,2024-02-08 19:27:00,16.96,2,CUST_00185
TICKET_0006270,STORE_02,2024-03-05 12:59:00,37.23,4,CUST_00434
TICKET_0006271,STORE_08,2024-02-29 16:19:00,24.5,4,CUST_00168
TICKET_0006272,STORE_06,2024-01-10 12:29:00,20.01,3,CUST_00390
TICKET_0006273,STORE_04,2024-01-17 17:10:00,11.56,2,CUST_00626
TICKET_0006274,STORE_08,2024-03-26 07:20:00,28.73,3,CUST_00456
TICKET_0006275,STORE_01,2024-03-21 21:02:00,30.1,4,CUST_00407
TICKET_0006276,STORE_08,2024-01-14 11:17:00,23.62,2,CUST_00534
TICKET_0006277,STORE_02,2024-01-21 13:50:00,39.26,4,CUST_00239
TICKET_0006278,STORE_02,2024-03-04 10:22:00,16.05,2,CUST_00015
TICKET_0006279,STORE_08,2024-03-08 14:34:00,30.4,3,CUST_00317
TICKET_0006280,STORE_08,2024-02-03 12:49:00,19.15,2,CUST_00239
TICKET_0006281,STORE_10,2024-02-05 19:27:00,2.99,1,CUST_00566
TICKET_0006282,STORE_04,2024-02-21 15:48:00,5.71,1,CUST_00597
TICKET_0006283,STORE_09,2024-02-20 07:30:00,2.23,1,CUST_00850
TICKET_0006284,STORE_07,2024-02-22 10:16:00,6.42,2,CUST_00703
TICKET_0006285,STORE_02,2024-02-24 09:37:00,10.8,2,CUST_00875
TICKET_0006286,STORE_09,2024-02-16 13:09:00,26.48,3,CUST_00197
TICKET_0006287,STORE_04,2024-02-12 20:47:00,6.77,1,CUST_00793
TICKET_0006288,STORE_07,2024-01-05 08:11:00,23.22,2,CUST_00431
TICKET_0006289,STORE_01,2024-02-02 13:22:00,5.87,1,CUST_00630
TICKET_0006290,STORE_04,2024-02-29 20:14:00,26.6,4,CUST_00058
TICKET_0006291,STORE_07,2024-03-18 20:37:00,7.28,1,CUST_00390
TICKET_0006292,STORE_07,2024-02-24 15:40:00,10.73,3,CUST_00134
TICKET_0006293,STORE_08,2024-03-02 17:18:00,36.87,5,CUST_00513
TICKET_0006294,STORE_10,2024-02-26 19:04:00,3.4,1,CUST_00041
TICKET_0006295,STORE_08,2024-03-05 18:26:00,6.53,2,CUST_00734
TICKET_0006296,STORE_03,2024-03-16 14:08:00,6.81,1,CUST_00705
TICKET_0006297,STORE_10,2024-02-18 16:18:00,25.57,3,CUST_00580
TICKET_0006298,STORE_03,2024-01-19 17:45:00,31.22,3,CUST_00185
TICKET_0006299,STORE_08,2024-03-04 14:59:00,13.88,1,CUST_00395
TICKET_0006300,STORE_05,2024-03-30 16:47:00,11.23,2,CUST_00877
TICKET_0006301,STORE_08,2024-01-07 14:40:00,20.6,2,CUST_00764
TICKET_0006302,STORE_08,2024-01-21 11:26:00,16.94,2,CUST_00238
TICKET_0006303,STORE_09,2024-02-27 10:41:00,7.49,3,CUST_00202
TICKET_0006304,STORE_03,2024-03-07 17:58:00,25.47,3,CUST_00207
TICKET_0006305,STORE_08,2024-02-28 15:55:00,14.37,1,CUST_00989
TICKET_0006306,STORE_10,2024-02-15 21:10:00,29.45,4,CUST_00777
TICKET_0006307,STORE_06,2024-02-14 12:20:00,34.89,5,CUST_00370
TICKET_0006308,STORE_06,2024-01-09 17:13:00,24.04,3,CUST_00847
TICKET_0006309,STORE_03,2024-02-07 07:11:00,24.51,3,CUST_00750
TICKET_0006310,STORE_01,2024-01-21 12:12:00,14.09,1,CUST_00760
TICKET_0006311,STORE_08,2024-03-18 21:49:00,21.65,3,CUST_00371
TICKET_0006312,STORE_04,2024-03-18 07:54:00,27.28,3,CUST_00996
TICKET_0006313,STORE_08,2024-03-29 18:42:00,21.44,2,CUST_00947
TICKET_0006314,STORE_07,2024-01-10 19:32:00,15.34,1,CUST_00049
TICKET_0006315,STORE_07,2024-03-23 10:45:00,14.98,2,CUST_00215
TICKET_0006316,STORE_04,2024-03-17 10:14:00,13.1,2,CUST_00617
TICKET_0006317,STORE_09,2024-01-31 12:19:00,19.37,2,CUST_00770
TICKET_0006318,STORE_05,2024-01-05 08:39:00,46.27,5,CUST_00052
TICKET_0006319,STORE_06,2024-02-24 21:13:00,10.79,2,CUST_00900
TICKET_0006320,STORE_01,2024-03-07 14:29:00,20.5,2,CUST_00549
TICKET_0006321,STORE_05,2024-01-26 14:15:00,4.7,1,CUST_00387
TICKET_0006322,STORE_06,2024-01-15 16:36:00,49.72,5,CUST_00773
TICKET_0006323,STORE_04,2024-02-16 15:30:00,30.16,3,CUST_00642
TICKET_0006324,STORE_09,2024-01-31 18:33:00,10.2,2,CUST_00102
TICKET_0006325,STORE_07,2024-02-24 21:41:00,9.37,1,CUST_00626
TICKET_0006326,STORE_10,2024-01-12 16:04:00,20.25,3,CUST_00545
TICKET_0006327,STORE_09,2024-01-11 12:48:00,23.73,4,CUST_00415
TICKET_0006328,STORE_10,2024-02-13 08:54:00,19.12,2,CUST_00592
TICKET_0006329,STORE_02,2024-02-21 19:54:00,22.83,2,CUST_00532
TICKET_0006330,STORE_03,2024-01-03 19:52:00,3.55,1,CUST_00874
TICKET_0006331,STORE_10,2024-01-29 20:17:00,23.38,2,CUST_00839
TICKET_0006332,STORE_10,2024-01-03 18:06:00,6.07,1,CUST_00649
TICKET_0006333,STORE_04,2024-03-19 19:14:00,34.4,4,CUST_00608
TICKET_0006334,STORE_06,2024-01-17 09:05:00,16.26,2,CUST_00349
TICKET_0006335,STORE_10,2024-01-16 20:21:00,8.63,1,CUST_00439
TICKET_0006336,STORE_02,2024-01-05 10:28:00,30.17,4,CUST_00927
TICKET_0006337,STORE_01,2024-02-21 19:56:00,17.35,3,CUST_00576
TICKET_0006338,STORE_06,2024-03-09 17:19:00,29.11,4,CUST_00502
TICKET_0006339,STORE_10,2024-02-28 21:09:00,17.36,2,CUST_00841
TICKET_0006340,STORE_10,2024-02-23 09:31:00,6.74,2,CUST_00676
TICKET_0006341,STORE_09,2024-01-28 10:18:00,4.83,1,CUST_00137
TICKET_0006342,STORE_01,2024-01-23 18:20:00,11.67,1,CUST_00592
TICKET_0006343,STORE_07,2024-03-09 12:08:00,22.87,3,CUST_00565
TICKET_0006344,STORE_05,2024-03-06 17:26:00,38.51,5,CUST_00851
TICKET_0006345,STORE_09,2024-02-23 10:12:00,2.3,1,CUST_00159
TICKET_0006346,STORE_07,2024-01-04 15:15:00,14.15,2,CUST_00584
TICKET_0006347,STORE_04,2024-02-23 12:38:00,13.69,1,CUST_00106
TICKET_0006348,STORE_04,2024-01-24 12:25:00,28.96,2,CUST_00494
TICKET_0006349,STORE_02,2024-02-12 14:52:00,27.05,3,CUST_00446
TICKET_0006350,STORE_07,2024-01-27 08:40:00,10.25,2,CUST_00504
TICKET_0006351,STORE_08,2024-01-30 09:49:00,2.33,1,CUST_00628
TICKET_0006352,STORE_02,2024-02-02 07:35:00,31.11,3,CUST_00939
TICKET_0006353,STORE_04,2024-01-29 14:54:00,5.96,1,CUST_00676
TICKET_0006354,STORE_08,2024-01-30 18:59:00,2.7,1,CUST_00029
TICKET_0006355,STORE_03,2024-03-01 19:38:00,26.38,4,CUST_00176
TICKET_0006356,STORE_09,2024-01-11 18:39:00,47.17,6,CUST_00688
TICKET_0006357,STORE_06,2024-03-18 15:29:00,14.03,2,CUST_00125
TICKET_0006358,STORE_06,2024-03-08 19:34:00,27.82,4,CUST_00046
TICKET_0006359,STORE_05,2024-03-02 13:13:00,27.94,3,CUST_00046
TICKET_0006360,STORE_03,2024-03-08 07:05:00,30.77,5,CUST_00293
TICKET_0006361,STORE_02,2024-03-09 07:29:00,18.25,2,CUST_00700
TICKET_0006362,STORE_06,2024-03-31 13:28:00,54.02,5,CUST_00176
TICKET_0006363,STORE_07,2024-01-09 14:58:00,12.05,1,CUST_00003
TICKET_0006364,STORE_08,2024-01-29 07:46:00,2.34,1,CUST_00941
TICKET_0006365,STORE_10,2024-03-31 19:15:00,33.17,3,CUST_00521
TICKET_0006366,STORE_02,2024-02-22 15:49:00,5.58,1,CUST_00885
TICKET_0006367,STORE_09,2024-03-23 09:52:00,20.17,2,CUST_00435
TICKET_0006368,STORE_04,2024-03-04 15:46:00,6.04,1,CUST_00906
TICKET_0006369,STORE_03,2024-01-13 13:24:00,10.94,2,CUST_00703
TICKET_0006370,STORE_08,2024-01-08 16:04:00,14.24,2,CUST_00929
TICKET_0006371,STORE_07,2024-02-08 19:09:00,7.52,1,CUST_00738
TICKET_0006372,STORE_06,2024-01-04 08:25:00,9.92,2,CUST_00599
TICKET_0006373,STORE_04,2024-02-23 18:08:00,29.81,2,CUST_00678
TICKET_0006374,STORE_03,2024-02-11 15:17:00,18.55,3,CUST_00407
TICKET_0006375,STORE_10,2024-03-21 16:56:00,19.52,2,CUST_00004
TICKET_0006376,STORE_09,2024-03-20 09:46:00,20.47,3,CUST_00732
TICKET_0006377,STORE_10,2024-02-02 17:51:00,3.23,1,CUST_00751
TICKET_0006378,STORE_07,2024-01-29 09:13:00,14.69,1,CUST_00258
TICKET_0006379,STORE_06,2024-02-20 11:34:00,43.73,5,CUST_00807
TICKET_0006380,STORE_02,2024-01-22 11:55:00,17.82,2,CUST_00116
TICKET_0006381,STORE_03,2024-01-14 21:17:00,18.87,2,CUST_00504
TICKET_0006382,STORE_08,2024-01-27 20:50:00,11.24,2,CUST_00941
TICKET_0006383,STORE_06,2024-01-15 15:28:00,36.96,4,CUST_00239
TICKET_0006384,STORE_10,2024-02-17 10:20:00,44.2,5,CUST_00547
TICKET_0006385,STORE_03,2024-03-08 20:22:00,6.77,2,CUST_01000
TICKET_0006386,STORE_06,2024-01-22 13:13:00,15.85,2,CUST_00630
TICKET_0006387,STORE_05,2024-01-17 07:48:00,9.61,2,CUST_00481
TICKET_0006388,STORE_04,2024-02-05 11:55:00,14.43,1,CUST_00018
TICKET_0006389,STORE_06,2024-02-01 07:42:00,21.96,2,CUST_00276
TICKET_0006390,STORE_10,2024-03-17 13:26:00,18.8,2,CUST_00535
TICKET_0006391,STORE_08,2024-03-11 21:46:00,16.8,3,CUST_00821
TICKET_0006392,STORE_10,2024-01-22 12:50:00,11.65,1,CUST_00257
TICKET_0006393,STORE_07,2024-02-04 18:24:00,5.73,2,CUST_00634
TICKET_0006394,STORE_09,2024-03-18 14:30:00,28.78,4,CUST_00986
TICKET_0006395,STORE_01,2024-02-07 09:13:00,8.98,2,CUST_00019
TICKET_0006396,STORE_10,2024-02-27 19:40:00,9.01,1,CUST_00121
TICKET_0006397,STORE_06,2024-03-29 18:20:00,15.81,2,CUST_00596
TICKET_0006398,STORE_02,2024-03-16 15:32:00,7.45,1,CUST_00219
TICKET_0006399,STORE_08,2024-03-12 10:53:00,11.99,2,CUST_00074
TICKET_0006400,STORE_03,2024-01-12 12:31:00,8.31,2,CUST_00820
TICKET_0006401,STORE_04,2024-02-28 18:52:00,14.47,2,CUST_00220
TICKET_0006402,STORE_03,2024-03-25 07:46:00,31.82,4,CUST_00776
TICKET_0006403,STORE_02,2024-03-25 20:50:00,48.75,5,CUST_00036
TICKET_0006404,STORE_04,2024-01-05 12:06:00,2.61,1,CUST_00203
TICKET_0006405,STORE_01,2024-01-12 14:04:00,25.2,2,CUST_00284
TICKET_0006406,STORE_05,2024-01-15 19:54:00,13.54,2,CUST_00050
TICKET_0006407,STORE_04,2024-02-19 07:08:00,15.98,2,CUST_00633
TICKET_0006408,STORE_03,2024-01-22 21:47:00,14.12,1,CUST_00737
TICKET_0006409,STORE_05,2024-01-18 17:18:00,24.64,2,CUST_00026
TICKET_0006410,STORE_09,2024-01-10 12:33:00,15.22,1,CUST_00032
TICKET_0006411,STORE_01,2024-03-11 18:15:00,17.71,2,CUST_00605
TICKET_0006412,STORE_02,2024-02-22 11:33:00,12.34,1,CUST_00092
TICKET_0006413,STORE_09,2024-02-09 07:25:00,16.2,2,CUST_00273
TICKET_0006414,STORE_06,2024-03-16 10:43:00,30.75,3,CUST_00255
TICKET_0006415,STORE_08,2024-02-10 07:48:00,6.25,1,CUST_00744
TICKET_0006416,STORE_03,2024-01-12 08:53:00,42.84,4,CUST_00315
TICKET_0006417,STORE_01,2024-02-09 12:17:00,6.06,1,CUST_00439
TICKET_0006418,STORE_05,2024-03-01 15:00:00,29.17,4,CUST_00387
TICKET_0006419,STORE_10,2024-02-06 09:51:00,15.46,2,CUST_00193
TICKET_0006420,STORE_07,2024-03-29 10:00:00,9.22,1,CUST_00377
TICKET_0006421,STORE_03,2024-01-16 07:41:00,24.87,3,CUST_00878
TICKET_0006422,STORE_05,2024-03-23 13:05:00,8.65,2,CUST_00212
TICKET_0006423,STORE_09,2024-03-08 14:53:00,13.32,2,CUST_00633
TICKET_0006424,STORE_02,2024-03-19 11:32:00,23.71,2,CUST_00033
TICKET_0006425,STORE_05,2024-01-02 16:33:00,14.32,1,CUST_00444
TICKET_0006426,STORE_05,2024-01-26 14:01:00,28.47,2,CUST_00735
TICKET_0006427,STORE_07,2024-01-18 08:51:00,43.67,4,CUST_00261
TICKET_0006428,STORE_04,2024-02-03 12:57:00,2.49,1,CUST_00775
TICKET_0006429,STORE_07,2024-01-31 16:58:00,28.57,4,CUST_00157
TICKET_0006430,STORE_09,2024-03-18 13:04:00,60.74,5,CUST_00488
TICKET_0006431,STORE_07,2024-01-23 08:51:00,10.12,1,CUST_00661
TICKET_0006432,STORE_08,2024-02-23 15:42:00,26.14,4,CUST_00853
TICKET_0006433,STORE_01,2024-02-21 09:09:00,2.91,1,CUST_00143
TICKET_0006434,STORE_07,2024-02-03 08:44:00,9.46,1,CUST_00704
TICKET_0006435,STORE_03,2024-03-09 10:21:00,38.3,4,CUST_00739
TICKET_0006436,STORE_05,2024-02-11 11:40:00,11.49,1,CUST_00002
TICKET_0006437,STORE_02,2024-02-15 20:22:00,4.5,1,CUST_00863
TICKET_0006438,STORE_02,2024-03-23 11:58:00,33.35,5,CUST_00357
TICKET_0006439,STORE_09,2024-03-14 15:17:00,18.94,2,CUST_00916
TICKET_0006440,STORE_04,2024-02-14 08:18:00,6.01,1,CUST_00037
TICKET_0006441,STORE_08,2024-03-05 17:41:00,27.61,3,CUST_00221
TICKET_0006442,STORE_04,2024-03-10 09:13:00,18.11,2,CUST_00180
TICKET_0006443,STORE_02,2024-03-08 19:17:00,4.61,1,CUST_00268
TICKET_0006444,STORE_03,2024-03-05 17:28:00,35.36,3,CUST_00458
TICKET_0006445,STORE_06,2024-01-23 13:59:00,3.06,1,CUST_00811
TICKET_0006446,STORE_06,2024-02-01 18:35:00,16.92,2,CUST_00421
TICKET_0006447,STORE_06,2024-03-16 21:09:00,15.48,2,CUST_00781
TICKET_0006448,STORE_09,2024-01-29 14:25:00,6.12,2,CUST_00657
TICKET_0006449,STORE_06,2024-03-18 15:34:00,58.72,5,CUST_00711
TICKET_0006450,STORE_05,2024-01-14 17:03:00,19.68,3,CUST_00278
TICKET_0006451,STORE_02,2024-03-30 18:39:00,14.83,2,CUST_00541
TICKET_0006452,STORE_04,2024-02-06 21:11:00,17.62,3,CUST_00737
TICKET_0006453,STORE_03,2024-01-04 16:27:00,17.06,3,CUST_00261
TICKET_0006454,STORE_10,2024-03-06 09:47:00,21.17,2,CUST_00248
TICKET_0006455,STORE_06,2024-02-09 13:56:00,33.06,4,CUST_00101
TICKET_0006456,STORE_02,2024-03-25 14:41:00,39.24,4,CUST_00963
TICKET_0006457,STORE_05,2024-02-13 17:33:00,15.11,1,CUST_00176
TICKET_0006458,STORE_07,2024-01-29 17:41:00,26.36,4,CUST_00104
TICKET_0006459,STORE_02,2024-01-01 07:37:00,3.02,1,CUST_00597
TICKET_0006460,STORE_04,2024-02-11 16:02:00,10.8,2,CUST_00494
TICKET_0006461,STORE_09,2024-02-24 15:21:00,20.29,3,CUST_00773
TICKET_0006462,STORE_09,2024-03-24 13:27:00,2.67,1,CUST_00744
TICKET_0006463,STORE_01,2024-02-11 13:20:00,18.6,3,CUST_00362
TICKET_0006464,STORE_03,2024-01-05 21:06:00,26.82,3,CUST_00592
TICKET_0006465,STORE_04,2024-03-08 16:04:00,10.56,2,CUST_00284
TICKET_0006466,STORE_08,2024-03-08 21:09:00,10.04,1,CUST_00107
TICKET_0006467,STORE_03,2024-03-13 11:03:00,16.67,2,CUST_00663
TICKET_0006468,STORE_02,2024-01-14 13:27:00,14.11,3,CUST_00999
TICKET_0006469,STORE_05,2024-03-15 18:21:00,37.45,5,CUST_00640
TICKET_0006470,STORE_10,2024-01-10 09:20:00,16.98,3,CUST_00180
TICKET_0006471,STORE_07,2024-01-05 19:37:00,16.48,2,CUST_00571
TICKET_0006472,STORE_07,2024-01-14 18:31:00,39.6,4,CUST_00485
TICKET_0006473,STORE_04,2024-01-16 15:44:00,16.01,3,CUST_00935
TICKET_0006474,STORE_06,2024-03-29 18:13:00,4.55,1,CUST_00230
TICKET_0006475,STORE_05,2024-03-20 07:10:00,22.84,2,CUST_00363
TICKET_0006476,STORE_02,2024-03-14 13:41:00,2.71,1,CUST_00084
TICKET_0006477,STORE_02,2024-03-24 15:42:00,2.22,1,CUST_00303
TICKET_0006478,STORE_05,2024-01-01 15:31:00,20.66,2,CUST_00672
TICKET_0006479,STORE_07,2024-01-20 12:00:00,14.56,2,CUST_00942
TICKET_0006480,STORE_01,2024-03-23 10:01:00,17.64,2,CUST_00551
TICKET_0006481,STORE_07,2024-03-05 15:49:00,19.78,2,CUST_00416
TICKET_0006482,STORE_03,2024-02-02 07:39:00,6.02,1,CUST_00934
TICKET_0006483,STORE_10,2024-01-14 17:18:00,19.35,3,CUST_00663
TICKET_0006484,STORE_07,2024-03-25 13:05:00,25.27,3,CUST_00936
TICKET_0006485,STORE_01,2024-03-07 08:24:00,11.48,1,CUST_00209
TICKET_0006486,STORE_08,2024-02-17 13:46:00,6.01,1,CUST_00214
TICKET_0006487,STORE_03,2024-03-26 18:43:00,9.67,2,CUST_00474
TICKET_0006488,STORE_04,2024-02-19 10:30:00,9.58,1,CUST_00897
TICKET_0006489,STORE_01,2024-03-10 14:28:00,4.48,1,CUST_00559
TICKET_0006490,STORE_10,2024-03-31 08:38:00,24.09,3,CUST_00356
TICKET_0006491,STORE_03,2024-03-25 07:32:00,49.53,5,CUST_00858
TICKET_0006492,STORE_02,2024-02-12 09:54:00,18.12,3,CUST_00568
TICKET_0006493,STORE_02,2024-03-13 15:56:00,29.8,5,CUST_00851
TICKET_0006494,STORE_04,2024-01-20 18:24:00,2.23,1,CUST_00814
TICKET_0006495,STORE_03,2024-02-28 10:15:00,2.37,1,CUST_00958
TICKET_0006496,STORE_03,2024-01-17 12:01:00,23.48,3,CUST_00669
TICKET_0006497,STORE_02,2024-02-21 20:33:00,30.17,4,CUST_00350
TICKET_0006498,STORE_07,2024-03-15 10:39:00,12.58,2,CUST_00370
TICKET_0006499,STORE_02,2024-03-17 10:02:00,17.26,2,CUST_00446
TICKET_0006500,STORE_01,2024-01-21 07:02:00,3.52,1,CUST_00946
TICKET_0006501,STORE_01,2024-01-09 17:49:00,28.88,3,CUST_00312
TICKET_0006502,STORE_08,2024-03-31 09:41:00,9.78,1,CUST_00580
TICKET_0006503,STORE_10,2024-02-22 08:49:00,14.87,3,CUST_00132
TICKET_0006504,STORE_10,2024-03-12 20:21:00,9.78,1,CUST_00019
TICKET_0006505,STORE_09,2024-02-21 14:44:00,18.96,2,CUST_00409
TICKET_0006506,STORE_06,2024-02-09 07:18:00,6.78,1,CUST_00213
TICKET_0006507,STORE_08,2024-01-16 12:40:00,22.3,2,CUST_00222
TICKET_0006508,STORE_06,2024-02-28 13:32:00,3.42,1,CUST_00847
TICKET_0006509,STORE_09,2024-01-13 20:46:00,32.61,5,CUST_00432
TICKET_0006510,STORE_06,2024-01-30 10:43:00,14.32,2,CUST_00179
TICKET_0006511,STORE_08,2024-03-17 19:27:00,9.31,2,CUST_00007
TICKET_0006512,STORE_03,2024-02-23 07:58:00,26.14,3,CUST_00312
TICKET_0006513,STORE_09,2024-02-29 19:39:00,31.76,4,CUST_00367
TICKET_0006514,STORE_04,2024-03-15 16:46:00,16.35,2,CUST_00622
TICKET_0006515,STORE_02,2024-03-10 14:06:00,22.78,2,CUST_00984
TICKET_0006516,STORE_05,2024-03-16 13:18:00,44.69,5,CUST_00291
TICKET_0006517,STORE_09,2024-02-07 18:30:00,21.08,2,CUST_00528
TICKET_0006518,STORE_08,2024-02-21 16:08:00,26.44,3,CUST_00480
TICKET_0006519,STORE_04,2024-02-22 16:49:00,11.25,2,CUST_00749
TICKET_0006520,STORE_04,2024-01-26 13:29:00,17.0,2,CUST_00722
TICKET_0006521,STORE_07,2024-01-17 09:13:00,24.97,3,CUST_00253
TICKET_0006522,STORE_07,2024-03-04 08:15:00,49.65,4,CUST_00488
TICKET_0006523,STORE_06,2024-03-30 15:34:00,20.23,3,CUST_00745
TICKET_0006524,STORE_05,2024-01-26 13:48:00,4.75,1,CUST_00144
TICKET_0006525,STORE_07,2024-01-17 09:22:00,16.51,2,CUST_00883
TICKET_0006526,STORE_07,2024-03-25 13:44:00,4.43,1,CUST_00489
TICKET_0006527,STORE_04,2024-01-02 07:05:00,13.92,2,CUST_00859
TICKET_0006528,STORE_07,2024-02-19 17:34:00,27.01,3,CUST_00069
TICKET_0006529,STORE_10,2024-02-27 13:12:00,12.33,2,CUST_00787
TICKET_0006530,STORE_08,2024-01-20 08:08:00,5.97,1,CUST_00084
TICKET_0006531,STORE_02,2024-01-11 15:01:00,5.82,1,CUST_00307
TICKET_0006532,STORE_03,2024-03-10 08:46:00,6.27,2,CUST_00312
TICKET_0006533,STORE_10,2024-03-16 09:59:00,14.89,2,CUST_00269
TICKET_0006534,STORE_08,2024-01-10 21:35:00,46.68,4,CUST_00842
TICKET_0006535,STORE_10,2024-03-28 09:36:00,34.6,3,CUST_00771
TICKET_0006536,STORE_04,2024-03-08 16:05:00,24.92,2,CUST_00214
TICKET_0006537,STORE_03,2024-03-05 12:32:00,15.85,3,CUST_00398
TICKET_0006538,STORE_02,2024-02-14 13:43:00,21.13,2,CUST_00312
TICKET_0006539,STORE_02,2024-03-12 17:14:00,31.68,3,CUST_00262
TICKET_0006540,STORE_06,2024-02-17 07:17:00,35.98,4,CUST_00811
TICKET_0006541,STORE_08,2024-02-27 18:51:00,9.11,1,CUST_00546
TICKET_0006542,STORE_08,2024-03-27 08:31:00,6.06,1,CUST_00971
TICKET_0006543,STORE_10,2024-01-14 17:59:00,17.08,2,CUST_00943
TICKET_0006544,STORE_02,2024-02-28 12:19:00,26.78,3,CUST_00111
TICKET_0006545,STORE_07,2024-02-16 13:23:00,6.88,1,CUST_00566
TICKET_0006546,STORE_05,2024-03-02 11:01:00,12.86,2,CUST_00261
TICKET_0006547,STORE_09,2024-03-11 20:38:00,9.67,1,CUST_00051
TICKET_0006548,STORE_02,2024-03-10 19:23:00,13.46,2,CUST_00447
TICKET_0006549,STORE_09,2024-01-07 10:09:00,17.25,2,CUST_00397
TICKET_0006550,STORE_07,2024-03-25 11:47:00,22.39,3,CUST_00196
TICKET_0006551,STORE_06,2024-03-11 12:22:00,39.44,5,CUST_00641
TICKET_0006552,STORE_09,2024-03-28 16:43:00,13.95,2,CUST_00282
TICKET_0006553,STORE_02,2024-01-11 21:04:00,10.51,2,CUST_00770
TICKET_0006554,STORE_04,2024-02-01 14:41:00,10.22,1,CUST_00460
TICKET_0006555,STORE_04,2024-03-05 14:28:00,18.48,2,CUST_00733
TICKET_0006556,STORE_03,2024-01-18 12:11:00,6.75,2,CUST_00372
TICKET_0006557,STORE_04,2024-02-15 16:56:00,3.39,1,CUST_00238
TICKET_0006558,STORE_06,2024-03-13 16:44:00,28.9,3,CUST_00977
TICKET_0006559,STORE_08,2024-02-02 08:37:00,6.99,1,CUST_00322
TICKET_0006560,STORE_04,2024-03-04 20:16:00,22.34,2,CUST_00002
TICKET_0006561,STORE_05,2024-01-15 10:04:00,27.73,3,CUST_00681
TICKET_0006562,STORE_01,2024-02-25 21:06:00,21.97,2,CUST_00894
TICKET_0006563,STORE_10,2024-03-17 19:18:00,10.14,1,CUST_00159
TICKET_0006564,STORE_06,2024-01-30 20:14:00,27.7,3,CUST_00227
TICKET_0006565,STORE_08,2024-01-27 18:33:00,9.66,1,CUST_00243
TICKET_0006566,STORE_02,2024-01-28 15:29:00,5.79,1,CUST_00896
TICKET_0006567,STORE_02,2024-03-26 08:47:00,23.89,2,CUST_00626
TICKET_0006568,STORE_03,2024-01-27 15:21:00,21.21,2,CUST_00495
TICKET_0006569,STORE_04,2024-03-27 13:04:00,8.75,1,CUST_00552
TICKET_0006570,STORE_02,2024-02-23 16:32:00,14.22,3,CUST_00798
TICKET_0006571,STORE_07,2024-01-06 13:30:00,29.19,4,CUST_00260
TICKET_0006572,STORE_05,2024-03-13 09:26:00,9.08,1,CUST_00747
TICKET_0006573,STORE_07,2024-01-05 09:22:00,22.11,2,CUST_00999
TICKET_0006574,STORE_09,2024-01-16 16:55:00,9.1,2,CUST_00282
TICKET_0006575,STORE_08,2024-03-10 12:14:00,3.32,1,CUST_00082
TICKET_0006576,STORE_06,2024-02-08 09:00:00,7.57,1,CUST_00413
TICKET_0006577,STORE_06,2024-01-30 18:46:00,11.51,2,CUST_00142
TICKET_0006578,STORE_10,2024-02-07 13:44:00,23.96,2,CUST_00864
TICKET_0006579,STORE_05,2024-03-03 20:29:00,37.27,3,CUST_00955
TICKET_0006580,STORE_05,2024-02-29 14:32:00,20.41,3,CUST_00363
TICKET_0006581,STORE_02,2024-03-27 18:23:00,2.34,1,CUST_00219
TICKET_0006582,STORE_05,2024-02-29 13:03:00,23.7,3,CUST_00441
TICKET_0006583,STORE_09,2024-01-13 08:45:00,17.87,2,CUST_00584
TICKET_0006584,STORE_04,2024-03-18 18:58:00,2.35,1,CUST_00805
TICKET_0006585,STORE_02,2024-01-27 21:40:00,29.2,4,CUST_00640
TICKET_0006586,STORE_05,2024-01-07 08:06:00,9.54,1,CUST_00666
TICKET_0006587,STORE_05,2024-01-02 11:26:00,5.04,1,CUST_00593
TICKET_0006588,STORE_09,2024-01-26 21:55:00,22.5,3,CUST_00475
TICKET_0006589,STORE_04,2024-03-08 07:48:00,22.77,2,CUST_00107
TICKET_0006590,STORE_01,2024-02-20 18:26:00,7.63,1,CUST_00051
TICKET_0006591,STORE_06,2024-02-14 14:46:00,6.03,1,CUST_00836
TICKET_0006592,STORE_05,2024-02-13 14:18:00,13.14,1,CUST_00023
TICKET_0006593,STORE_04,2024-01-12 12:43:00,37.67,4,CUST_00997
TICKET_0006594,STORE_07,2024-02-09 10:53:00,21.71,2,CUST_00751
TICKET_0006595,STORE_04,2024-01-01 07:16:00,2.24,1,CUST_00296
TICKET_0006596,STORE_06,2024-03-17 20:31:00,13.73,1,CUST_00904
TICKET_0006597,STORE_02,2024-02-26 09:37:00,11.46,2,CUST_00118
TICKET_0006598,STORE_04,2024-03-31 11:02:00,7.05,2,CUST_00466
TICKET_0006599,STORE_01,2024-02-09 14:43:00,34.44,3,CUST_00447
TICKET_0006600,STORE_05,2024-01-10 09:45:00,12.08,1,CUST_00650
TICKET_0006601,STORE_02,2024-02-06 09:14:00,18.67,3,CUST_00338
TICKET_0006602,STORE_02,2024-03-25 20:19:00,9.05,1,CUST_00251
TICKET_0006603,STORE_04,2024-03-14 08:00:00,6.27,2,CUST_00267
TICKET_0006604,STORE_01,2024-01-25 17:52:00,22.36,2,CUST_00848
TICKET_0006605,STORE_05,2024-03-09 21:12:00,24.4,3,CUST_00519
TICKET_0006606,STORE_08,2024-01-04 14:31:00,26.55,4,CUST_00986
TICKET_0006607,STORE_01,2024-02-01 09:53:00,14.09,1,CUST_00705
TICKET_0006608,STORE_07,2024-01-07 20:17:00,4.18,1,CUST_00994
TICKET_0006609,STORE_04,2024-02-05 16:16:00,15.12,1,CUST_00159
TICKET_0006610,STORE_09,2024-03-16 18:34:00,25.88,3,CUST_00890
TICKET_0006611,STORE_07,2024-01-29 11:34:00,17.85,2,CUST_00358
TICKET_0006612,STORE_09,2024-03-09 11:00:00,41.98,4,CUST_00061
TICKET_0006613,STORE_01,2024-02-13 08:57:00,14.24,2,CUST_00558
TICKET_0006614,STORE_03,2024-03-11 20:18:00,18.37,3,CUST_00533
TICKET_0006615,STORE_10,2024-01-10 15:21:00,17.45,2,CUST_00814
TICKET_0006616,STORE_03,2024-02-01 10:26:00,24.84,3,CUST_00332
TICKET_0006617,STORE_05,2024-02-02 21:45:00,11.88,1,CUST_00251
TICKET_0006618,STORE_03,2024-01-20 18:40:00,10.07,1,CUST_00968
TICKET_0006619,STORE_05,2024-02-11 15:07:00,10.81,3,CUST_00052
TICKET_0006620,STORE_03,2024-01-12 14:33:00,54.11,5,CUST_00438
TICKET_0006621,STORE_06,2024-01-04 21:24:00,20.48,3,CUST_00101
TICKET_0006622,STORE_06,2024-01-14 21:10:00,26.04,2,CUST_00707
TICKET_0006623,STORE_10,2024-01-06 21:07:00,17.04,2,CUST_00641
TICKET_0006624,STORE_01,2024-02-03 11:14:00,3.12,1,CUST_00601
TICKET_0006625,STORE_04,2024-02-14 14:55:00,5.97,1,CUST_00247
TICKET_0006626,STORE_02,2024-03-11 09:06:00,13.58,2,CUST_00633
TICKET_0006627,STORE_01,2024-03-10 18:09:00,12.77,1,CUST_00339
TICKET_0006628,STORE_05,2024-03-17 19:36:00,24.9,4,CUST_00661
TICKET_0006629,STORE_08,2024-03-31 14:07:00,6.56,1,CUST_00032
TICKET_0006630,STORE_03,2024-03-15 10:27:00,15.87,2,CUST_00695
TICKET_0006631,STORE_01,2024-02-27 20:27:00,7.66,2,CUST_00667
TICKET_0006632,STORE_06,2024-01-05 14:37:00,28.37,4,CUST_00711
TICKET_0006633,STORE_10,2024-02-18 11:08:00,24.17,3,CUST_00868
TICKET_0006634,STORE_03,2024-01-03 14:08:00,7.35,2,CUST_00575
TICKET_0006635,STORE_08,2024-01-31 12:51:00,17.32,2,CUST_00049
TICKET_0006636,STORE_07,2024-01-28 10:30:00,6.61,1,CUST_00255
TICKET_0006637,STORE_09,2024-03-31 09:26:00,15.6,3,CUST_00475
TICKET_0006638,STORE_01,2024-03-25 17:56:00,22.82,2,CUST_00356
TICKET_0006639,STORE_03,2024-01-01 13:09:00,18.53,2,CUST_00752
TICKET_0006640,STORE_03,2024-01-04 15:24:00,20.49,3,CUST_00374
TICKET_0006641,STORE_05,2024-03-27 19:53:00,46.97,5,CUST_00500
TICKET_0006642,STORE_05,2024-01-04 16:49:00,34.84,4,CUST_00508
TICKET_0006643,STORE_02,2024-01-18 17:04:00,21.21,2,CUST_00144
TICKET_0006644,STORE_06,2024-02-01 15:01:00,21.37,3,CUST_00112
TICKET_0006645,STORE_06,2024-03-16 21:29:00,19.54,2,CUST_00780
TICKET_0006646,STORE_04,2024-03-04 14:11:00,4.74,1,CUST_00214
TICKET_0006647,STORE_06,2024-02-24 14:00:00,42.02,5,CUST_00620
TICKET_0006648,STORE_04,2024-01-23 16:29:00,22.6,2,CUST_00636
TICKET_0006649,STORE_06,2024-03-31 20:06:00,14.65,1,CUST_00754
TICKET_0006650,STORE_06,2024-02-19 14:26:00,3.02,1,CUST_00604
TICKET_0006651,STORE_09,2024-01-04 11:09:00,17.85,3,CUST_00011
TICKET_0006652,STORE_08,2024-01-07 14:57:00,8.93,1,CUST_00277
TICKET_0006653,STORE_04,2024-03-09 11:11:00,20.5,2,CUST_00583
TICKET_0006654,STORE_02,2024-01-16 15:21:00,11.7,1,CUST_00914
TICKET_0006655,STORE_09,2024-02-21 09:39:00,22.32,3,CUST_00299
TICKET_0006656,STORE_05,2024-02-16 10:02:00,2.68,1,CUST_00161
TICKET_0006657,STORE_08,2024-02-10 07:40:00,29.21,2,CUST_00962
TICKET_0006658,STORE_01,2024-01-14 10:38:00,11.37,2,CUST_00715
TICKET_0006659,STORE_01,2024-01-16 18:39:00,24.9,2,CUST_00419
TICKET_0006660,STORE_10,2024-03-06 08:35:00,8.33,1,CUST_00779
TICKET_0006661,STORE_10,2024-03-10 13:07:00,5.77,1,CUST_00019
TICKET_0006662,STORE_07,2024-01-28 13:32:00,45.38,4,CUST_00199
TICKET_0006663,STORE_03,2024-01-02 20:01:00,14.52,2,CUST_00167
TICKET_0006664,STORE_05,2024-01-15 20:04:00,40.45,5,CUST_00335
TICKET_0006665,STORE_07,2024-03-07 20:40:00,45.73,5,CUST_00235
TICKET_0006666,STORE_08,2024-03-05 10:18:00,14.54,2,CUST_00107
TICKET_0006667,STORE_03,2024-01-19 18:21:00,9.65,1,CUST_00959
TICKET_0006668,STORE_05,2024-03-09 12:45:00,22.15,2,CUST_00016
TICKET_0006669,STORE_09,2024-02-29 19:23:00,24.0,2,CUST_00353
TICKET_0006670,STORE_09,2024-03-30 10:03:00,24.63,2,CUST_00649
TICKET_0006671,STORE_08,2024-03-21 18:25:00,15.11,2,CUST_00385
TICKET_0006672,STORE_10,2024-02-29 10:45:00,39.46,5,CUST_00871
TICKET_0006673,STORE_05,2024-03-02 14:30:00,16.38,2,CUST_00475
TICKET_0006674,STORE_03,2024-02-06 11:14:00,10.57,2,CUST_00968
TICKET_0006675,STORE_02,2024-01-05 11:15:00,6.83,1,CUST_00919
TICKET_0006676,STORE_03,2024-03-27 14:17:00,10.81,2,CUST_00634
TICKET_0006677,STORE_02,2024-03-17 10:19:00,2.25,1,CUST_00983
TICKET_0006678,STORE_03,2024-03-01 10:24:00,9.57,2,CUST_00224
TICKET_0006679,STORE_01,2024-02-14 21:02:00,39.0,4,CUST_00414
TICKET_0006680,STORE_05,2024-02-27 20:20:00,42.86,4,CUST_00186
TICKET_0006681,STORE_05,2024-01-09 11:10:00,30.0,4,CUST_00573
TICKET_0006682,STORE_04,2024-03-01 15:08:00,9.31,1,CUST_00037
TICKET_0006683,STORE_03,2024-02-14 14:25:00,26.81,3,CUST_00508
TICKET_0006684,STORE_08,2024-03-20 15:56:00,7.38,1,CUST_00587
TICKET_0006685,STORE_08,2024-02-22 20:17:00,12.26,3,CUST_00006
TICKET_0006686,STORE_02,2024-03-30 21:01:00,9.15,1,CUST_00554
TICKET_0006687,STORE_10,2024-03-25 14:30:00,22.8,2,CUST_00490
TICKET_0006688,STORE_04,2024-01-22 17:55:00,2.6,1,CUST_00554
TICKET_0006689,STORE_01,2024-03-17 20:42:00,23.59,2,CUST_00268
TICKET_0006690,STORE_07,2024-02-29 19:05:00,8.59,1,CUST_00155
TICKET_0006691,STORE_08,2024-03-28 20:40:00,20.9,3,CUST_00317
TICKET_0006692,STORE_02,2024-01-13 13:55:00,13.61,1,CUST_00334
TICKET_0006693,STORE_07,2024-03-06 08:45:00,6.0,1,CUST_00282
TICKET_0006694,STORE_01,2024-01-30 17:37:00,6.73,1,CUST_00567
TICKET_0006695,STORE_06,2024-01-20 17:31:00,22.75,3,CUST_00314
TICKET_0006696,STORE_06,2024-01-28 18:49:00,10.91,2,CUST_00330
TICKET_0006697,STORE_09,2024-03-28 07:10:00,19.75,2,CUST_00259
TICKET_0006698,STORE_08,2024-02-20 17:51:00,38.21,3,CUST_00839
TICKET_0006699,STORE_08,2024-01-14 08:03:00,8.23,1,CUST_00209
TICKET_0006700,STORE_02,2024-03-08 18:22:00,15.15,2,CUST_00818
TICKET_0006701,STORE_02,2024-01-20 09:04:00,7.51,1,CUST_00026
TICKET_0006702,STORE_02,2024-03-03 08:57:00,56.4,6,CUST_00416
TICKET_0006703,STORE_03,2024-03-07 16:18:00,22.03,2,CUST_00623
TICKET_0006704,STORE_03,2024-01-08 14:15:00,15.55,2,CUST_00412
TICKET_0006705,STORE_01,2024-03-18 20:05:00,13.09,1,CUST_00392
TICKET_0006706,STORE_05,2024-03-16 11:28:00,22.11,3,CUST_00321
TICKET_0006707,STORE_01,2024-03-10 18:46:00,3.63,1,CUST_00736
TICKET_0006708,STORE_04,2024-03-17 11:12:00,6.77,2,CUST_00556
TICKET_0006709,STORE_09,2024-03-26 08:44:00,18.8,2,CUST_00481
TICKET_0006710,STORE_03,2024-03-06 15:14:00,35.94,3,CUST_00323
TICKET_0006711,STORE_09,2024-03-15 18:55:00,16.25,2,CUST_00321
TICKET_0006712,STORE_06,2024-03-19 15:28:00,26.19,4,CUST_00811
TICKET_0006713,STORE_04,2024-03-16 17:16:00,4.43,1,CUST_00198
TICKET_0006714,STORE_02,2024-02-07 20:47:00,41.41,4,CUST_00171
TICKET_0006715,STORE_08,2024-01-18 15:58:00,28.6,2,CUST_00919
TICKET_0006716,STORE_06,2024-01-26 18:25:00,3.0,1,CUST_00842
TICKET_0006717,STORE_06,2024-01-10 09:51:00,18.8,4,CUST_00711
TICKET_0006718,STORE_09,2024-03-10 14:01:00,26.08,3,CUST_00881
TICKET_0006719,STORE_02,2024-03-27 18:25:00,23.25,2,CUST_00935
TICKET_0006720,STORE_04,2024-03-06 11:44:00,14.74,3,CUST_00050
TICKET_0006721,STORE_10,2024-01-10 20:27:00,8.17,2,CUST_00147
TICKET_0006722,STORE_10,2024-01-11 09:07:00,40.97,6,CUST_00052
TICKET_0006723,STORE_09,2024-03-04 07:15:00,21.15,2,CUST_00446
TICKET_0006724,STORE_09,2024-03-29 08:27:00,27.62,5,CUST_00711
TICKET_0006725,STORE_03,2024-03-05 11:19:00,2.34,1,CUST_00658
TICKET_0006726,STORE_07,2024-03-05 10:36:00,31.45,4,CUST_00513
TICKET_0006727,STORE_06,2024-02-11 13:34:00,5.77,1,CUST_00852
TICKET_0006728,STORE_05,2024-03-07 08:19:00,40.28,5,CUST_00915
TICKET_0006729,STORE_04,2024-01-13 15:08:00,36.62,4,CUST_00811
TICKET_0006730,STORE_08,2024-01-06 19:50:00,11.5,2,CUST_00212
TICKET_0006731,STORE_04,2024-03-08 11:51:00,12.77,3,CUST_00867
TICKET_0006732,STORE_06,2024-03-09 09:43:00,38.34,6,CUST_00127
TICKET_0006733,STORE_08,2024-02-17 21:52:00,51.88,5,CUST_00883
TICKET_0006734,STORE_06,2024-03-31 14:03:00,18.63,3,CUST_00837
TICKET_0006735,STORE_08,2024-03-20 15:58:00,14.33,2,CUST_00676
TICKET_0006736,STORE_01,2024-02-04 16:45:00,3.49,1,CUST_00203
TICKET_0006737,STORE_06,2024-02-27 11:40:00,9.46,1,CUST_00044
TICKET_0006738,STORE_04,2024-01-24 11:39:00,6.92,1,CUST_00063
TICKET_0006739,STORE_04,2024-03-24 14:20:00,4.47,1,CUST_00218
TICKET_0006740,STORE_06,2024-01-22 19:46:00,44.1,4,CUST_00104
TICKET_0006741,STORE_03,2024-02-24 11:28:00,5.42,2,CUST_00274
TICKET_0006742,STORE_02,2024-02-08 08:51:00,32.26,4,CUST_00746
TICKET_0006743,STORE_01,2024-01-11 15:27:00,12.9,2,CUST_00294
TICKET_0006744,STORE_09,2024-01-22 07:24:00,17.24,2,CUST_00887
TICKET_0006745,STORE_03,2024-03-16 08:37:00,36.79,4,CUST_00500
TICKET_0006746,STORE_07,2024-01-14 21:34:00,36.85,3,CUST_00327
TICKET_0006747,STORE_06,2024-03-31 08:32:00,34.13,5,CUST_00773
TICKET_0006748,STORE_07,2024-02-23 07:01:00,30.1,3,CUST_00316
TICKET_0006749,STORE_02,2024-01-14 09:52:00,17.95,2,CUST_00818
TICKET_0006750,STORE_01,2024-03-08 13:25:00,12.78,1,CUST_00288
TICKET_0006751,STORE_06,2024-03-09 20:19:00,21.97,3,CUST_00765
TICKET_0006752,STORE_07,2024-03-24 07:04:00,2.21,1,CUST_00359
TICKET_0006753,STORE_04,2024-01-02 17:56:00,22.08,2,CUST_00676
TICKET_0006754,STORE_04,2024-02-03 19:33:00,12.87,2,CUST_00771
TICKET_0006755,STORE_09,2024-03-12 09:32:00,6.81,1,CUST_00625
TICKET_0006756,STORE_09,2024-03-11 12:46:00,11.38,2,CUST_00115
TICKET_0006757,STORE_03,2024-01-16 19:57:00,21.63,2,CUST_00557
TICKET_0006758,STORE_08,2024-03-09 11:38:00,27.18,3,CUST_00351
TICKET_0006759,STORE_05,2024-03-07 12:14:00,46.66,5,CUST_00539
TICKET_0006760,STORE_08,2024-01-29 20:02:00,9.63,1,CUST_00153
TICKET_0006761,STORE_09,2024-03-31 17:36:00,28.76,3,CUST_00153
TICKET_0006762,STORE_08,2024-02-01 09:25:00,20.46,2,CUST_00953
TICKET_0006763,STORE_06,2024-01-27 13:51:00,15.87,4,CUST_00295
TICKET_0006764,STORE_07,2024-01-01 21:08:00,4.37,1,CUST_00299
TICKET_0006765,STORE_01,2024-02-14 20:51:00,29.5,3,CUST_00344
TICKET_0006766,STORE_07,2024-01-17 15:03:00,9.47,1,CUST_00176
TICKET_0006767,STORE_03,2024-02-25 17:54:00,19.82,2,CUST_00304
TICKET_0006768,STORE_02,2024-02-29 19:42:00,21.95,2,CUST_00017
TICKET_0006769,STORE_08,2024-03-26 19:57:00,22.05,2,CUST_00365
TICKET_0006770,STORE_09,2024-03-18 13:47:00,2.83,1,CUST_00089
TICKET_0006771,STORE_02,2024-02-26 10:55:00,31.59,3,CUST_00721
TICKET_0006772,STORE_06,2024-01-17 18:48:00,16.54,2,CUST_00027
TICKET_0006773,STORE_01,2024-03-21 08:01:00,22.06,2,CUST_00411
TICKET_0006774,STORE_10,2024-01-04 17:14:00,20.79,3,CUST_00806
TICKET_0006775,STORE_03,2024-02-03 16:19:00,15.53,3,CUST_00288
TICKET_0006776,STORE_06,2024-02-01 21:36:00,35.9,4,CUST_00261
TICKET_0006777,STORE_09,2024-03-03 16:04:00,17.11,2,CUST_00752
TICKET_0006778,STORE_04,2024-03-24 10:58:00,23.26,2,CUST_00511
TICKET_0006779,STORE_04,2024-01-07 10:06:00,14.0,2,CUST_00678
TICKET_0006780,STORE_01,2024-03-07 21:02:00,20.41,2,CUST_00579
TICKET_0006781,STORE_05,2024-03-11 20:47:00,12.54,1,CUST_00913
TICKET_0006782,STORE_07,2024-03-18 17:30:00,31.4,4,CUST_00326
TICKET_0006783,STORE_04,2024-03-15 07:50:00,9.64,2,CUST_00980
TICKET_0006784,STORE_08,2024-01-15 08:58:00,16.16,2,CUST_00645
TICKET_0006785,STORE_02,2024-03-30 14:35:00,5.54,1,CUST_00761
TICKET_0006786,STORE_06,2024-03-02 10:45:00,10.98,2,CUST_00476
TICKET_0006787,STORE_09,2024-03-29 21:23:00,4.5,1,CUST_00318
TICKET_0006788,STORE_05,2024-02-14 17:35:00,39.63,4,CUST_00497
TICKET_0006789,STORE_09,2024-02-04 18:42:00,12.97,2,CUST_00879
TICKET_0006790,STORE_06,2024-03-18 15:59:00,45.59,5,CUST_00708
TICKET_0006791,STORE_02,2024-01-22 21:13:00,6.05,1,CUST_00614
TICKET_0006792,STORE_01,2024-01-17 17:59:00,49.11,5,CUST_00689
TICKET_0006793,STORE_10,2024-01-31 16:26:00,6.87,1,CUST_00581
TICKET_0006794,STORE_05,2024-01-18 10:27:00,30.72,4,CUST_00317
TICKET_0006795,STORE_01,2024-02-22 11:03:00,10.38,2,CUST_00872
TICKET_0006796,STORE_09,2024-03-05 16:57:00,19.93,2,CUST_00142
TICKET_0006797,STORE_08,2024-02-05 14:49:00,24.09,2,CUST_00391
TICKET_0006798,STORE_04,2024-02-29 12:55:00,35.51,3,CUST_00662
TICKET_0006799,STORE_01,2024-01-12 16:07:00,9.3,2,CUST_01000
TICKET_0006800,STORE_05,2024-03-17 08:12:00,10.53,3,CUST_00755
TICKET_0006801,STORE_09,2024-03-12 20:20:00,34.61,3,CUST_00035
TICKET_0006802,STORE_03,2024-02-13 20:00:00,9.99,2,CUST_00136
TICKET_0006803,STORE_07,2024-02-17 11:46:00,14.93,3,CUST_00024
TICKET_0006804,STORE_03,2024-02-29 18:43:00,10.62,2,CUST_00465
TICKET_0006805,STORE_07,2024-01-18 20:23:00,9.61,1,CUST_00018
TICKET_0006806,STORE_03,2024-02-10 21:22:00,5.13,2,CUST_00397
TICKET_0006807,STORE_08,2024-02-16 13:27:00,15.03,2,CUST_00537
TICKET_0006808,STORE_06,2024-02-07 19:33:00,4.41,1,CUST_00888
TICKET_0006809,STORE_09,2024-02-01 11:48:00,4.82,1,CUST_00949
TICKET_0006810,STORE_02,2024-03-23 09:04:00,19.62,3,CUST_00262
TICKET_0006811,STORE_05,2024-03-16 10:52:00,18.07,2,CUST_00274
TICKET_0006812,STORE_04,2024-01-19 16:03:00,23.92,2,CUST_00437
TICKET_0006813,STORE_04,2024-02-24 07:06:00,3.07,1,CUST_00007
TICKET_0006814,STORE_10,2024-03-31 17:20:00,16.08,2,CUST_00244
TICKET_0006815,STORE_01,2024-03-10 16:53:00,11.96,1,CUST_00567
TICKET_0006816,STORE_02,2024-03-20 12:25:00,6.71,1,CUST_00946
TICKET_0006817,STORE_05,2024-02-08 12:57:00,7.67,1,CUST_00364
TICKET_0006818,STORE_09,2024-01-15 20:24:00,2.88,1,CUST_00329
TICKET_0006819,STORE_07,2024-02-23 16:46:00,37.47,4,CUST_00176
TICKET_0006820,STORE_04,2024-01-21 13:22:00,13.75,1,CUST_00137
TICKET_0006821,STORE_04,2024-01-31 07:07:00,3.02,1,CUST_00809
TICKET_0006822,STORE_09,2024-02-21 09:27:00,16.47,2,CUST_00071
TICKET_0006823,STORE_04,2024-02-08 18:16:00,22.33,2,CUST_00823
TICKET_0006824,STORE_08,2024-01-09 11:46:00,12.7,3,CUST_00358
TICKET_0006825,STORE_06,2024-03-11 12:13:00,28.34,2,CUST_00675
TICKET_0006826,STORE_08,2024-02-11 20:18:00,17.68,2,CUST_00427
TICKET_0006827,STORE_07,2024-03-20 21:10:00,9.27,1,CUST_00185
TICKET_0006828,STORE_03,2024-01-04 10:46:00,9.63,1,CUST_00821
TICKET_0006829,STORE_01,2024-01-26 16:06:00,3.53,1,CUST_00026
TICKET_0006830,STORE_10,2024-02-27 20:44:00,15.67,2,CUST_00092
TICKET_0006831,STORE_07,2024-02-02 15:02:00,31.28,3,CUST_00341
TICKET_0006832,STORE_06,2024-03-07 15:40:00,25.13,3,CUST_00899
TICKET_0006833,STORE_04,2024-01-17 18:14:00,3.0,1,CUST_00797
TICKET_0006834,STORE_01,2024-01-19 18:10:00,24.23,2,CUST_00905
TICKET_0006835,STORE_10,2024-03-03 16:21:00,19.43,3,CUST_00828
TICKET_0006836,STORE_02,2024-01-14 19:13:00,17.81,2,CUST_00430
TICKET_0006837,STORE_04,2024-03-01 15:16:00,3.09,1,CUST_00683
TICKET_0006838,STORE_07,2024-01-27 12:42:00,13.75,1,CUST_00931
TICKET_0006839,STORE_03,2024-02-03 19:35:00,35.72,4,CUST_00685
TICKET_0006840,STORE_07,2024-03-15 12:18:00,2.41,1,CUST_00652
TICKET_0006841,STORE_08,2024-03-11 13:11:00,18.53,3,CUST_00281
TICKET_0006842,STORE_10,2024-03-25 18:26:00,43.9,5,CUST_00574
TICKET_0006843,STORE_03,2024-02-07 14:36:00,24.69,4,CUST_00039
TICKET_0006844,STORE_01,2024-03-28 08:22:00,4.39,1,CUST_00234
TICKET_0006845,STORE_05,2024-02-05 11:30:00,26.51,4,CUST_00609
TICKET_0006846,STORE_04,2024-02-22 16:26:00,13.88,1,CUST_00789
TICKET_0006847,STORE_08,2024-03-08 10:28:00,11.58,2,CUST_00792
TICKET_0006848,STORE_06,2024-02-14 20:05:00,31.85,3,CUST_00956
TICKET_0006849,STORE_02,2024-02-15 08:25:00,6.42,2,CUST_00764
TICKET_0006850,STORE_01,2024-02-02 17:47:00,3.3,1,CUST_00904
TICKET_0006851,STORE_02,2024-03-18 13:43:00,28.48,4,CUST_00508
TICKET_0006852,STORE_02,2024-01-15 21:12:00,9.14,1,CUST_00892
TICKET_0006853,STORE_02,2024-03-03 20:25:00,10.53,2,CUST_00965
TICKET_0006854,STORE_05,2024-01-05 13:11:00,20.46,2,CUST_00346
TICKET_0006855,STORE_06,2024-01-26 10:47:00,25.92,3,CUST_00819
TICKET_0006856,STORE_08,2024-03-15 17:56:00,51.74,5,CUST_00149
TICKET_0006857,STORE_04,2024-02-09 09:29:00,9.2,1,CUST_00031
TICKET_0006858,STORE_05,2024-03-16 13:15:00,35.49,4,CUST_00560
TICKET_0006859,STORE_05,2024-02-18 18:37:00,21.7,3,CUST_00297
TICKET_0006860,STORE_04,2024-01-19 12:05:00,9.76,1,CUST_00050
TICKET_0006861,STORE_01,2024-01-18 09:23:00,10.33,1,CUST_00717
TICKET_0006862,STORE_09,2024-01-17 20:20:00,5.82,1,CUST_00671
TICKET_0006863,STORE_07,2024-03-14 16:29:00,7.76,1,CUST_00749
TICKET_0006864,STORE_05,2024-01-13 08:32:00,11.75,2,CUST_00759
TICKET_0006865,STORE_01,2024-02-09 20:48:00,11.42,1,CUST_00628
TICKET_0006866,STORE_08,2024-03-15 08:13:00,24.82,3,CUST_00429
TICKET_0006867,STORE_07,2024-03-26 12:29:00,32.17,4,CUST_00138
TICKET_0006868,STORE_01,2024-03-06 20:31:00,9.44,1,CUST_00809
TICKET_0006869,STORE_07,2024-02-21 13:13:00,37.48,5,CUST_00122
TICKET_0006870,STORE_05,2024-02-16 14:52:00,18.06,3,CUST_00441
TICKET_0006871,STORE_05,2024-02-15 14:19:00,19.54,2,CUST_00076
TICKET_0006872,STORE_06,2024-03-07 11:18:00,48.64,5,CUST_00819
TICKET_0006873,STORE_08,2024-01-23 17:43:00,13.69,2,CUST_00769
TICKET_0006874,STORE_08,2024-02-15 08:03:00,13.75,1,CUST_00552
TICKET_0006875,STORE_04,2024-03-08 16:25:00,23.81,4,CUST_00851
TICKET_0006876,STORE_05,2024-03-28 13:37:00,3.58,1,CUST_00899
TICKET_0006877,STORE_10,2024-02-02 14:48:00,2.21,1,CUST_00885
TICKET_0006878,STORE_06,2024-02-24 18:01:00,15.34,3,CUST_00281
TICKET_0006879,STORE_03,2024-01-31 12:10:00,17.12,2,CUST_00578
TICKET_0006880,STORE_10,2024-03-27 07:40:00,9.19,1,CUST_00995
TICKET_0006881,STORE_08,2024-03-20 12:18:00,10.94,2,CUST_00588
TICKET_0006882,STORE_05,2024-02-06 16:06:00,14.22,1,CUST_00436
TICKET_0006883,STORE_06,2024-01-22 14:52:00,2.62,1,CUST_00037
TICKET_0006884,STORE_07,2024-02-02 20:43:00,20.03,2,CUST_00680
TICKET_0006885,STORE_09,2024-01-18 21:52:00,13.67,2,CUST_00158
TICKET_0006886,STORE_09,2024-02-04 19:29:00,2.23,1,CUST_00267
TICKET_0006887,STORE_10,2024-03-04 07:07:00,13.3,2,CUST_00710
TICKET_0006888,STORE_08,2024-01-29 21:14:00,43.74,5,CUST_00545
TICKET_0006889,STORE_02,2024-01-24 10:26:00,16.08,2,CUST_00869
TICKET_0006890,STORE_07,2024-03-21 18:59:00,14.22,2,CUST_00639
TICKET_0006891,STORE_02,2024-03-14 07:06:00,9.29,2,CUST_00245
TICKET_0006892,STORE_01,2024-02-07 21:49:00,3.64,1,CUST_00395
TICKET_0006893,STORE_09,2024-03-16 12:40:00,5.16,1,CUST_00670
TICKET_0006894,STORE_06,2024-02-01 13:53:00,31.62,4,CUST_00550
TICKET_0006895,STORE_03,2024-03-15 20:01:00,13.46,1,CUST_00906
TICKET_0006896,STORE_03,2024-01-15 10:33:00,14.57,1,CUST_00945
TICKET_0006897,STORE_09,2024-03-18 11:09:00,20.28,2,CUST_00739
TICKET_0006898,STORE_02,2024-02-15 08:43:00,12.38,2,CUST_00677
TICKET_0006899,STORE_03,2024-03-25 09:55:00,9.28,1,CUST_00861
TICKET_0006900,STORE_06,2024-03-05 07:33:00,11.13,2,CUST_00428
TICKET_0006901,STORE_05,2024-01-22 08:47:00,16.57,2,CUST_00533
TICKET_0006902,STORE_08,2024-01-03 17:24:00,25.21,2,CUST_00447
TICKET_0006903,STORE_07,2024-02-10 14:08:00,22.62,3,CUST_00302
TICKET_0006904,STORE_06,2024-03-05 19:10:00,12.14,3,CUST_00467
TICKET_0006905,STORE_02,2024-01-29 18:51:00,23.54,2,CUST_00287
TICKET_0006906,STORE_01,2024-03-17 13:54:00,28.82,5,CUST_00283
TICKET_0006907,STORE_01,2024-01-03 18:43:00,45.96,5,CUST_00134
TICKET_0006908,STORE_04,2024-01-26 21:37:00,13.02,2,CUST_00214
TICKET_0006909,STORE_07,2024-02-13 21:45:00,28.15,3,CUST_00409
TICKET_0006910,STORE_09,2024-03-04 08:32:00,24.81,4,CUST_00498
TICKET_0006911,STORE_07,2024-02-11 08:04:00,20.94,3,CUST_00732
TICKET_0006912,STORE_10,2024-02-08 12:19:00,36.77,3,CUST_00581
TICKET_0006913,STORE_10,2024-02-24 17:54:00,14.14,2,CUST_00847
TICKET_0006914,STORE_08,2024-02-16 17:35:00,8.94,1,CUST_00785
TICKET_0006915,STORE_10,2024-03-27 08:38:00,14.92,1,CUST_00018
TICKET_0006916,STORE_05,2024-01-20 08:01:00,2.26,1,CUST_00483
TICKET_0006917,STORE_06,2024-01-07 19:54:00,33.52,4,CUST_00543
TICKET_0006918,STORE_09,2024-02-12 15:08:00,14.23,1,CUST_00628
TICKET_0006919,STORE_04,2024-03-13 20:00:00,8.19,1,CUST_00384
TICKET_0006920,STORE_06,2024-03-05 16:46:00,9.47,1,CUST_00450
TICKET_0006921,STORE_03,2024-02-23 09:38:00,5.23,2,CUST_00721
TICKET_0006922,STORE_06,2024-01-06 07:46:00,21.35,3,CUST_00114
TICKET_0006923,STORE_10,2024-02-01 17:11:00,9.31,1,CUST_00779
TICKET_0006924,STORE_04,2024-02-26 14:03:00,16.14,3,CUST_00899
TICKET_0006925,STORE_03,2024-01-19 08:45:00,27.48,3,CUST_00332
TICKET_0006926,STORE_07,2024-01-15 08:57:00,24.43,3,CUST_00314
TICKET_0006927,STORE_05,2024-01-25 20:12:00,26.11,2,CUST_00627
TICKET_0006928,STORE_07,2024-01-03 19:06:00,37.75,5,CUST_00974
TICKET_0006929,STORE_09,2024-03-28 11:59:00,28.13,3,CUST_00177
TICKET_0006930,STORE_09,2024-03-23 09:35:00,13.26,2,CUST_00742
TICKET_0006931,STORE_01,2024-01-19 17:37:00,6.26,1,CUST_00618
TICKET_0006932,STORE_09,2024-03-27 10:56:00,12.56,1,CUST_00252
TICKET_0006933,STORE_03,2024-02-07 12:29:00,11.13,3,CUST_00516
TICKET_0006934,STORE_05,2024-02-19 17:28:00,25.95,4,CUST_00756
TICKET_0006935,STORE_06,2024-02-10 14:26:00,20.97,3,CUST_00608
TICKET_0006936,STORE_01,2024-02-29 18:58:00,10.08,1,CUST_00632
TICKET_0006937,STORE_09,2024-03-06 09:12:00,21.99,2,CUST_00507
TICKET_0006938,STORE_04,2024-01-23 07:34:00,15.85,2,CUST_00205
TICKET_0006939,STORE_10,2024-03-28 11:32:00,25.84,3,CUST_00902
TICKET_0006940,STORE_08,2024-03-18 13:47:00,19.95,3,CUST_00046
TICKET_0006941,STORE_07,2024-01-22 10:36:00,28.49,3,CUST_00631
TICKET_0006942,STORE_08,2024-03-30 12:00:00,16.31,2,CUST_00887
TICKET_0006943,STORE_07,2024-03-14 19:43:00,17.48,4,CUST_00825
TICKET_0006944,STORE_08,2024-03-09 16:54:00,27.16,2,CUST_00120
TICKET_0006945,STORE_05,2024-03-22 13:41:00,47.82,5,CUST_00713
TICKET_0006946,STORE_10,2024-02-04 17:47:00,21.11,4,CUST_00609
TICKET_0006947,STORE_05,2024-03-16 20:27:00,25.02,4,CUST_00640
TICKET_0006948,STORE_05,2024-02-24 14:53:00,14.62,2,CUST_00669
TICKET_0006949,STORE_08,2024-01-01 16:13:00,28.57,3,CUST_00376
TICKET_0006950,STORE_10,2024-01-10 21:28:00,13.65,2,CUST_00998
TICKET_0006951,STORE_09,2024-03-13 11:29:00,34.02,3,CUST_00057
TICKET_0006952,STORE_05,2024-02-21 09:49:00,23.81,3,CUST_00853
TICKET_0006953,STORE_04,2024-01-28 18:24:00,4.87,1,CUST_00489
TICKET_0006954,STORE_02,2024-01-07 16:24:00,2.84,1,CUST_00872
TICKET_0006955,STORE_06,2024-03-27 14:06:00,14.87,1,CUST_00525
TICKET_0006956,STORE_08,2024-02-25 10:02:00,11.12,2,CUST_00515
TICKET_0006957,STORE_02,2024-02-29 18:44:00,17.75,2,CUST_00988
TICKET_0006958,STORE_03,2024-02-23 10:19:00,46.73,5,CUST_00726
TICKET_0006959,STORE_03,2024-02-02 15:46:00,17.68,2,CUST_00963
TICKET_0006960,STORE_08,2024-01-31 17:45:00,9.21,1,CUST_00759
TICKET_0006961,STORE_03,2024-03-28 07:26:00,9.03,1,CUST_00004
TICKET_0006962,STORE_09,2024-01-25 14:05:00,29.06,4,CUST_00047
TICKET_0006963,STORE_04,2024-01-10 19:14:00,12.96,2,CUST_00893
TICKET_0006964,STORE_05,2024-01-08 07:02:00,18.12,3,CUST_00617
TICKET_0006965,STORE_05,2024-03-30 17:39:00,17.73,2,CUST_00327
TICKET_0006966,STORE_10,2024-02-29 17:51:00,14.13,1,CUST_00162
TICKET_0006967,STORE_02,2024-03-15 21:57:00,14.37,3,CUST_00386
TICKET_0006968,STORE_06,2024-01-27 12:37:00,15.81,3,CUST_00791
TICKET_0006969,STORE_08,2024-02-20 15:29:00,29.58,4,CUST_00930
TICKET_0006970,STORE_09,2024-03-03 17:35:00,14.77,2,CUST_00276
TICKET_0006971,STORE_01,2024-01-14 21:27:00,32.6,3,CUST_00420
TICKET_0006972,STORE_04,2024-01-24 21:05:00,14.49,1,CUST_00683
TICKET_0006973,STORE_10,2024-01-29 08:11:00,27.27,4,CUST_00851
TICKET_0006974,STORE_10,2024-03-21 12:23:00,17.49,2,CUST_00347
TICKET_0006975,STORE_09,2024-02-23 12:25:00,33.82,3,CUST_00798
TICKET_0006976,STORE_08,2024-03-16 14:46:00,13.14,2,CUST_00307
TICKET_0006977,STORE_01,2024-02-07 09:49:00,18.46,2,CUST_00704
TICKET_0006978,STORE_01,2024-01-05 17:39:00,2.35,1,CUST_00414
TICKET_0006979,STORE_04,2024-02-09 09:50:00,9.73,1,CUST_00989
TICKET_0006980,STORE_06,2024-02-22 10:10:00,21.37,2,CUST_00727
TICKET_0006981,STORE_04,2024-01-31 19:26:00,14.35,1,CUST_00648
TICKET_0006982,STORE_01,2024-02-28 12:53:00,11.86,3,CUST_00651
TICKET_0006983,STORE_01,2024-03-28 18:35:00,23.55,3,CUST_00466
TICKET_0006984,STORE_08,2024-02-06 15:35:00,40.44,5,CUST_00441
TICKET_0006985,STORE_09,2024-03-23 14:04:00,41.65,4,CUST_00871
TICKET_0006986,STORE_04,2024-01-09 09:26:00,9.41,1,CUST_00622
TICKET_0006987,STORE_06,2024-01-21 16:37:00,9.68,1,CUST_00619
TICKET_0006988,STORE_08,2024-02-13 18:00:00,8.45,1,CUST_00572
TICKET_0006989,STORE_02,2024-01-07 14:56:00,20.82,3,CUST_00712
TICKET_0006990,STORE_04,2024-01-06 16:36:00,4.52,1,CUST_00546
TICKET_0006991,STORE_05,2024-01-06 20:39:00,23.92,3,CUST_00428
TICKET_0006992,STORE_08,2024-01-29 16:11:00,13.81,2,CUST_00797
TICKET_0006993,STORE_01,2024-01-03 13:29:00,17.58,2,CUST_00274
TICKET_0006994,STORE_04,2024-03-19 07:30:00,2.2,1,CUST_00291
TICKET_0006995,STORE_10,2024-03-13 18:56:00,14.51,1,CUST_00605
TICKET_0006996,STORE_07,2024-03-03 08:36:00,27.6,4,CUST_00321
TICKET_0006997,STORE_02,2024-01-02 15:17:00,15.09,2,CUST_00676
TICKET_0006998,STORE_06,2024-02-14 13:10:00,45.46,5,CUST_00619
TICKET_0006999,STORE_05,2024-03-20 09:43:00,12.59,1,CUST_00408
TICKET_0007000,STORE_03,2024-03-10 18:16:00,4.47,1,CUST_00055
TICKET_0007001,STORE_06,2024-02-11 14:13:00,10.67,2,CUST_00552
TICKET_0007002,STORE_06,2024-03-06 07:37:00,29.9,4,CUST_00729
TICKET_0007003,STORE_01,2024-03-27 16:35:00,8.35,1,CUST_00196
TICKET_0007004,STORE_03,2024-03-09 12:28:00,21.06,2,CUST_00303
TICKET_0007005,STORE_04,2024-02-22 08:18:00,20.1,2,CUST_00514
TICKET_0007006,STORE_03,2024-02-21 09:50:00,7.19,2,CUST_00509
TICKET_0007007,STORE_01,2024-03-11 14:18:00,14.93,2,CUST_00384
TICKET_0007008,STORE_10,2024-02-13 14:26:00,3.09,1,CUST_00408
TICKET_0007009,STORE_02,2024-01-10 17:59:00,7.69,1,CUST_00032
TICKET_0007010,STORE_10,2024-01-31 19:48:00,17.99,2,CUST_00771
TICKET_0007011,STORE_08,2024-02-05 16:19:00,13.67,1,CUST_00783
TICKET_0007012,STORE_09,2024-01-09 18:04:00,40.28,5,CUST_00260
TICKET_0007013,STORE_02,2024-02-04 20:24:00,38.7,4,CUST_00689
TICKET_0007014,STORE_04,2024-01-30 16:57:00,15.82,3,CUST_00077
TICKET_0007015,STORE_09,2024-03-23 08:35:00,35.86,5,CUST_00890
TICKET_0007016,STORE_01,2024-01-03 11:33:00,24.89,2,CUST_00643
TICKET_0007017,STORE_02,2024-03-14 13:52:00,33.82,3,CUST_00953
TICKET_0007018,STORE_10,2024-01-06 14:35:00,8.53,2,CUST_00581
TICKET_0007019,STORE_03,2024-02-17 13:49:00,8.8,1,CUST_00436
TICKET_0007020,STORE_05,2024-02-22 15:34:00,10.16,1,CUST_00387
TICKET_0007021,STORE_08,2024-01-21 07:38:00,3.65,1,CUST_00522
TICKET_0007022,STORE_01,2024-02-19 07:15:00,2.38,1,CUST_00600
TICKET_0007023,STORE_05,2024-01-24 21:06:00,4.51,1,CUST_00297
TICKET_0007024,STORE_10,2024-02-08 18:36:00,11.75,1,CUST_00247
TICKET_0007025,STORE_05,2024-01-18 19:38:00,22.48,2,CUST_00571
TICKET_0007026,STORE_09,2024-02-29 13:51:00,28.07,3,CUST_00064
TICKET_0007027,STORE_07,2024-02-08 12:09:00,6.72,2,CUST_00535
TICKET_0007028,STORE_03,2024-03-09 15:03:00,27.44,3,CUST_00393
TICKET_0007029,STORE_06,2024-02-19 19:16:00,9.88,2,CUST_00098
TICKET_0007030,STORE_10,2024-03-24 16:01:00,4.8,1,CUST_00970
TICKET_0007031,STORE_03,2024-03-05 21:07:00,14.33,2,CUST_00202
TICKET_0007032,STORE_03,2024-02-02 16:24:00,22.91,3,CUST_00024
TICKET_0007033,STORE_07,2024-02-11 14:33:00,8.61,3,CUST_00572
TICKET_0007034,STORE_09,2024-02-15 13:52:00,19.31,2,CUST_00592
TICKET_0007035,STORE_03,2024-03-11 15:41:00,23.83,2,CUST_00227
TICKET_0007036,STORE_01,2024-03-24 18:26:00,11.25,2,CUST_00463
TICKET_0007037,STORE_01,2024-01-20 14:31:00,5.91,1,CUST_00290
TICKET_0007038,STORE_04,2024-03-29 15:57:00,12.55,2,CUST_00668
TICKET_0007039,STORE_07,2024-03-24 13:55:00,8.15,1,CUST_00240
TICKET_0007040,STORE_03,2024-02-08 12:28:00,5.93,2,CUST_00705
TICKET_0007041,STORE_03,2024-02-19 10:11:00,7.37,2,CUST_00248
TICKET_0007042,STORE_09,2024-03-22 17:14:00,5.55,2,CUST_00727
TICKET_0007043,STORE_01,2024-03-21 12:55:00,24.26,3,CUST_00473
TICKET_0007044,STORE_01,2024-01-27 17:28:00,12.79,1,CUST_00850
TICKET_0007045,STORE_04,2024-01-09 11:18:00,5.9,1,CUST_00411
TICKET_0007046,STORE_04,2024-01-26 12:30:00,20.47,2,CUST_00988
TICKET_0007047,STORE_10,2024-03-13 21:16:00,15.08,2,CUST_00116
TICKET_0007048,STORE_03,2024-01-02 08:56:00,18.49,2,CUST_00255
TICKET_0007049,STORE_02,2024-03-20 09:13:00,23.01,2,CUST_00589
TICKET_0007050,STORE_02,2024-01-28 15:24:00,9.96,2,CUST_00472
TICKET_0007051,STORE_04,2024-01-18 14:19:00,6.72,1,CUST_00410
TICKET_0007052,STORE_08,2024-01-25 17:31:00,31.22,3,CUST_00200
TICKET_0007053,STORE_07,2024-01-27 18:33:00,22.88,2,CUST_00100
TICKET_0007054,STORE_06,2024-02-27 17:24:00,5.68,1,CUST_00906
TICKET_0007055,STORE_01,2024-01-17 16:33:00,13.43,1,CUST_00457
TICKET_0007056,STORE_05,2024-03-07 13:38:00,36.76,3,CUST_00056
TICKET_0007057,STORE_09,2024-01-10 08:53:00,6.81,2,CUST_00551
TICKET_0007058,STORE_03,2024-02-09 15:26:00,9.69,1,CUST_00702
TICKET_0007059,STORE_04,2024-01-04 07:13:00,10.26,1,CUST_00203
TICKET_0007060,STORE_02,2024-03-01 17:19:00,40.18,5,CUST_00974
TICKET_0007061,STORE_09,2024-01-20 15:37:00,9.59,1,CUST_00908
TICKET_0007062,STORE_08,2024-01-22 16:43:00,42.38,5,CUST_00688
TICKET_0007063,STORE_02,2024-01-30 12:05:00,18.22,2,CUST_00813
TICKET_0007064,STORE_08,2024-03-14 20:57:00,26.8,3,CUST_00715
TICKET_0007065,STORE_05,2024-02-06 20:16:00,14.34,1,CUST_00531
TICKET_0007066,STORE_06,2024-02-10 07:16:00,7.67,2,CUST_00647
TICKET_0007067,STORE_02,2024-03-31 17:24:00,16.99,2,CUST_00614
TICKET_0007068,STORE_10,2024-02-01 11:19:00,20.37,2,CUST_00957
TICKET_0007069,STORE_01,2024-01-13 18:30:00,39.13,3,CUST_00541
TICKET_0007070,STORE_07,2024-03-23 21:35:00,20.64,3,CUST_00283
TICKET_0007071,STORE_06,2024-02-25 10:23:00,9.22,2,CUST_00955
TICKET_0007072,STORE_02,2024-02-15 10:19:00,22.5,2,CUST_00440
TICKET_0007073,STORE_05,2024-03-23 09:05:00,32.86,5,CUST_00421
TICKET_0007074,STORE_01,2024-01-30 15:36:00,6.68,1,CUST_00605
TICKET_0007075,STORE_06,2024-03-02 08:13:00,33.87,3,CUST_00573
TICKET_0007076,STORE_02,2024-02-16 21:20:00,28.02,4,CUST_00377
TICKET_0007077,STORE_01,2024-02-17 14:24:00,3.47,1,CUST_00482
TICKET_0007078,STORE_05,2024-01-17 13:41:00,33.0,4,CUST_00295
TICKET_0007079,STORE_08,2024-02-14 19:40:00,24.67,3,CUST_00142
TICKET_0007080,STORE_10,2024-02-09 21:12:00,16.42,2,CUST_00470
TICKET_0007081,STORE_01,2024-03-01 07:18:00,7.08,1,CUST_00572
TICKET_0007082,STORE_04,2024-01-28 12:06:00,7.86,1,CUST_00552
TICKET_0007083,STORE_07,2024-01-22 11:18:00,34.51,3,CUST_00942
TICKET_0007084,STORE_02,2024-01-21 11:23:00,26.58,4,CUST_00730
TICKET_0007085,STORE_10,2024-02-18 08:33:00,18.05,2,CUST_00198
TICKET_0007086,STORE_10,2024-01-15 10:06:00,15.76,2,CUST_00018
TICKET_0007087,STORE_01,2024-01-22 15:18:00,49.09,5,CUST_00211
TICKET_0007088,STORE_05,2024-02-10 10:30:00,18.24,2,CUST_00458
TICKET_0007089,STORE_01,2024-03-11 09:07:00,37.14,4,CUST_00652
TICKET_0007090,STORE_06,2024-01-07 11:49:00,7.81,2,CUST_00644
TICKET_0007091,STORE_01,2024-01-10 14:47:00,9.96,1,CUST_00716
TICKET_0007092,STORE_03,2024-01-24 12:16:00,37.41,5,CUST_00976
TICKET_0007093,STORE_02,2024-02-07 13:43:00,17.12,2,CUST_00051
TICKET_0007094,STORE_08,2024-02-06 11:57:00,29.85,5,CUST_00382
TICKET_0007095,STORE_04,2024-01-04 18:06:00,9.26,1,CUST_00549
TICKET_0007096,STORE_06,2024-03-01 15:44:00,37.79,5,CUST_00883
TICKET_0007097,STORE_02,2024-03-21 20:32:00,22.13,4,CUST_00941
TICKET_0007098,STORE_03,2024-01-07 16:28:00,3.54,1,CUST_00583
TICKET_0007099,STORE_08,2024-02-14 18:37:00,20.68,2,CUST_00041
TICKET_0007100,STORE_04,2024-02-25 09:59:00,23.81,3,CUST_00421
TICKET_0007101,STORE_03,2024-03-28 14:15:00,29.34,3,CUST_00584
TICKET_0007102,STORE_04,2024-01-27 21:08:00,2.97,1,CUST_00354
TICKET_0007103,STORE_05,2024-03-28 17:11:00,30.0,4,CUST_00687
TICKET_0007104,STORE_09,2024-01-12 18:00:00,3.21,1,CUST_00931
TICKET_0007105,STORE_01,2024-01-06 14:24:00,11.48,1,CUST_00566
TICKET_0007106,STORE_01,2024-01-19 14:08:00,11.63,1,CUST_00587
TICKET_0007107,STORE_01,2024-03-07 12:52:00,13.49,1,CUST_00201
TICKET_0007108,STORE_06,2024-02-15 19:33:00,9.25,1,CUST_00524
TICKET_0007109,STORE_07,2024-03-14 09:23:00,33.25,4,CUST_00543
TICKET_0007110,STORE_07,2024-03-24 18:16:00,25.66,4,CUST_00883
TICKET_0007111,STORE_04,2024-03-15 07:00:00,16.9,2,CUST_00801
TICKET_0007112,STORE_07,2024-02-13 13:32:00,6.04,1,CUST_00652
TICKET_0007113,STORE_08,2024-02-17 15:56:00,20.93,2,CUST_00687
TICKET_0007114,STORE_10,2024-02-04 16:46:00,18.83,3,CUST_00497
TICKET_0007115,STORE_03,2024-03-08 16:13:00,2.43,1,CUST_00585
TICKET_0007116,STORE_06,2024-03-01 10:00:00,13.97,2,CUST_00364
TICKET_0007117,STORE_07,2024-01-26 15:36:00,8.77,1,CUST_00589
TICKET_0007118,STORE_10,2024-02-11 20:02:00,9.39,2,CUST_00577
TICKET_0007119,STORE_08,2024-03-18 14:52:00,14.75,2,CUST_00595
TICKET_0007120,STORE_06,2024-02-16 08:23:00,8.69,1,CUST_00379
TICKET_0007121,STORE_07,2024-02-12 16:39:00,23.93,2,CUST_00748
TICKET_0007122,STORE_07,2024-02-27 16:36:00,40.34,4,CUST_00915
TICKET_0007123,STORE_08,2024-02-19 14:04:00,16.53,2,CUST_00400
TICKET_0007124,STORE_09,2024-02-20 11:13:00,17.7,2,CUST_00739
TICKET_0007125,STORE_04,2024-03-11 19:18:00,2.85,1,CUST_00706
TICKET_0007126,STORE_05,2024-03-22 17:57:00,40.18,4,CUST_00729
TICKET_0007127,STORE_01,2024-01-16 09:24:00,24.57,2,CUST_00120
TICKET_0007128,STORE_05,2024-02-03 13:51:00,21.76,3,CUST_00284
TICKET_0007129,STORE_02,2024-03-24 10:46:00,22.02,2,CUST_00600
TICKET_0007130,STORE_06,2024-02-04 16:45:00,21.45,3,CUST_00324
TICKET_0007131,STORE_07,2024-01-27 21:58:00,3.65,1,CUST_00896
TICKET_0007132,STORE_05,2024-03-11 19:35:00,19.26,3,CUST_00176
TICKET_0007133,STORE_10,2024-01-27 13:46:00,29.49,3,CUST_00030
TICKET_0007134,STORE_01,2024-03-13 09:49:00,27.01,4,CUST_00939
TICKET_0007135,STORE_03,2024-03-12 08:50:00,4.44,1,CUST_00081
TICKET_0007136,STORE_09,2024-01-10 21:37:00,24.4,2,CUST_00102
TICKET_0007137,STORE_10,2024-03-22 10:45:00,28.95,4,CUST_00391
TICKET_0007138,STORE_05,2024-03-27 21:52:00,57.97,6,CUST_00306
TICKET_0007139,STORE_05,2024-02-10 08:39:00,16.68,2,CUST_00787
TICKET_0007140,STORE_09,2024-01-05 12:55:00,23.66,2,CUST_00032
TICKET_0007141,STORE_07,2024-02-23 10:05:00,14.76,1,CUST_00088
TICKET_0007142,STORE_08,2024-03-16 13:59:00,16.98,2,CUST_00015
TICKET_0007143,STORE_04,2024-02-22 18:31:00,9.95,1,CUST_00105
TICKET_0007144,STORE_09,2024-02-18 07:25:00,17.16,2,CUST_00624
TICKET_0007145,STORE_01,2024-01-09 13:54:00,6.73,1,CUST_00786
TICKET_0007146,STORE_07,2024-02-23 17:38:00,29.52,3,CUST_00889
TICKET_0007147,STORE_09,2024-03-13 14:12:00,13.93,1,CUST_00943
TICKET_0007148,STORE_08,2024-01-25 19:11:00,13.68,2,CUST_00205
TICKET_0007149,STORE_08,2024-02-23 17:54:00,9.01,1,CUST_00435
TICKET_0007150,STORE_05,2024-03-21 13:03:00,33.66,5,CUST_00306
TICKET_0007151,STORE_06,2024-03-18 10:16:00,41.02,4,CUST_00261
TICKET_0007152,STORE_10,2024-02-01 18:23:00,24.52,2,CUST_00147
TICKET_0007153,STORE_03,2024-03-07 15:09:00,9.77,2,CUST_00988
TICKET_0007154,STORE_05,2024-02-29 11:38:00,16.48,3,CUST_00553
TICKET_0007155,STORE_07,2024-01-14 09:48:00,6.89,2,CUST_00145
TICKET_0007156,STORE_06,2024-02-12 17:44:00,40.75,5,CUST_00816
TICKET_0007157,STORE_02,2024-03-29 11:54:00,29.18,3,CUST_00093
TICKET_0007158,STORE_07,2024-02-22 15:05:00,3.45,1,CUST_00532
TICKET_0007159,STORE_07,2024-03-10 08:27:00,27.73,5,CUST_00689
TICKET_0007160,STORE_06,2024-01-28 10:53:00,8.92,1,CUST_00759
TICKET_0007161,STORE_07,2024-02-06 19:03:00,25.73,3,CUST_00151
TICKET_0007162,STORE_02,2024-03-10 11:11:00,26.12,3,CUST_00832
TICKET_0007163,STORE_01,2024-02-05 18:18:00,26.47,4,CUST_00884
TICKET_0007164,STORE_08,2024-03-24 09:18:00,23.49,4,CUST_00807
TICKET_0007165,STORE_04,2024-03-02 18:29:00,8.18,1,CUST_00527
TICKET_0007166,STORE_03,2024-03-31 21:27:00,15.6,3,CUST_00819
TICKET_0007167,STORE_05,2024-02-27 12:05:00,19.78,2,CUST_00374
TICKET_0007168,STORE_02,2024-02-14 17:11:00,38.43,3,CUST_00084
TICKET_0007169,STORE_10,2024-02-07 17:07:00,11.13,2,CUST_00985
TICKET_0007170,STORE_10,2024-03-27 19:23:00,24.49,3,CUST_00708
TICKET_0007171,STORE_07,2024-01-14 17:03:00,21.31,3,CUST_00601
TICKET_0007172,STORE_08,2024-02-13 07:42:00,9.78,2,CUST_00741
TICKET_0007173,STORE_01,2024-02-28 21:44:00,9.5,1,CUST_00130
TICKET_0007174,STORE_06,2024-01-02 11:48:00,4.9,1,CUST_00827
TICKET_0007175,STORE_07,2024-02-20 13:06:00,8.9,2,CUST_00998
TICKET_0007176,STORE_03,2024-03-17 19:18:00,30.28,3,CUST_00771
TICKET_0007177,STORE_02,2024-03-30 13:22:00,8.84,1,CUST_00146
TICKET_0007178,STORE_09,2024-02-06 12:46:00,22.87,3,CUST_00474
TICKET_0007179,STORE_02,2024-02-28 08:07:00,14.32,2,CUST_00671
TICKET_0007180,STORE_04,2024-03-09 12:26:00,12.78,2,CUST_00462
TICKET_0007181,STORE_09,2024-01-22 11:42:00,21.36,3,CUST_00930
TICKET_0007182,STORE_04,2024-03-23 10:49:00,28.19,3,CUST_00613
TICKET_0007183,STORE_06,2024-03-11 16:23:00,20.18,2,CUST_00505
TICKET_0007184,STORE_01,2024-03-22 07:24:00,13.52,1,CUST_00229
TICKET_0007185,STORE_10,2024-03-09 20:22:00,11.83,2,CUST_00814
TICKET_0007186,STORE_03,2024-01-28 19:30:00,44.35,6,CUST_00438
TICKET_0007187,STORE_07,2024-02-22 08:37:00,31.51,5,CUST_00235
TICKET_0007188,STORE_03,2024-01-21 21:43:00,10.26,2,CUST_00861
TICKET_0007189,STORE_02,2024-01-16 16:46:00,18.66,3,CUST_00984
TICKET_0007190,STORE_10,2024-01-04 11:17:00,20.25,4,CUST_00726
TICKET_0007191,STORE_06,2024-03-16 12:55:00,25.03,3,CUST_00183
TICKET_0007192,STORE_02,2024-02-18 12:21:00,21.48,3,CUST_00691
TICKET_0007193,STORE_07,2024-03-16 07:09:00,15.02,1,CUST_00951
TICKET_0007194,STORE_04,2024-02-21 15:41:00,12.49,2,CUST_00152
TICKET_0007195,STORE_07,2024-02-13 12:41:00,16.6,2,CUST_00999
TICKET_0007196,STORE_09,2024-03-09 19:12:00,26.17,3,CUST_00549
TICKET_0007197,STORE_10,2024-01-22 07:42:00,14.59,1,CUST_00889
TICKET_0007198,STORE_06,2024-01-25 11:03:00,16.12,3,CUST_00326
TICKET_0007199,STORE_04,2024-03-16 10:11:00,24.78,2,CUST_00299
TICKET_0007200,STORE_08,2024-01-13 11:02:00,11.81,1,CUST_00849
TICKET_0007201,STORE_08,2024-01-09 12:14:00,18.18,2,CUST_00253
TICKET_0007202,STORE_05,2024-02-11 12:31:00,32.04,4,CUST_00103
TICKET_0007203,STORE_03,2024-02-25 11:33:00,23.01,2,CUST_00345
TICKET_0007204,STORE_10,2024-02-20 15:56:00,17.12,2,CUST_00608
TICKET_0007205,STORE_08,2024-02-07 11:49:00,38.42,4,CUST_00866
TICKET_0007206,STORE_03,2024-03-13 15:58:00,14.72,3,CUST_00066
TICKET_0007207,STORE_05,2024-03-26 13:49:00,13.33,1,CUST_00368
TICKET_0007208,STORE_03,2024-01-06 11:04:00,27.96,3,CUST_00127
TICKET_0007209,STORE_10,2024-03-09 21:24:00,29.49,4,CUST_00547
TICKET_0007210,STORE_03,2024-03-21 12:30:00,24.26,3,CUST_00534
TICKET_0007211,STORE_01,2024-01-15 10:09:00,7.9,1,CUST_00439
TICKET_0007212,STORE_05,2024-03-10 09:33:00,36.27,5,CUST_00281
TICKET_0007213,STORE_09,2024-02-26 09:17:00,22.28,3,CUST_00446
TICKET_0007214,STORE_07,2024-01-07 09:16:00,21.23,2,CUST_00369
TICKET_0007215,STORE_07,2024-02-15 17:27:00,6.5,1,CUST_00058
TICKET_0007216,STORE_09,2024-02-26 07:27:00,6.04,1,CUST_00583
TICKET_0007217,STORE_09,2024-03-14 12:49:00,9.54,1,CUST_00431
TICKET_0007218,STORE_05,2024-03-10 16:10:00,54.48,6,CUST_00832
TICKET_0007219,STORE_03,2024-02-12 12:15:00,23.54,3,CUST_00517
TICKET_0007220,STORE_01,2024-02-08 10:21:00,26.14,3,CUST_00206
TICKET_0007221,STORE_07,2024-03-29 21:53:00,51.49,5,CUST_00122
TICKET_0007222,STORE_04,2024-01-14 08:01:00,11.29,2,CUST_00805
TICKET_0007223,STORE_09,2024-02-27 13:28:00,9.57,1,CUST_00098
TICKET_0007224,STORE_03,2024-03-19 21:23:00,28.74,5,CUST_00157
TICKET_0007225,STORE_02,2024-03-06 19:34:00,20.93,4,CUST_00253
TICKET_0007226,STORE_10,2024-01-02 10:16:00,15.3,3,CUST_00275
TICKET_0007227,STORE_03,2024-01-03 11:12:00,22.44,3,CUST_00287
TICKET_0007228,STORE_02,2024-02-23 21:12:00,14.44,1,CUST_00015
TICKET_0007229,STORE_08,2024-03-13 13:50:00,24.72,4,CUST_00065
TICKET_0007230,STORE_03,2024-02-28 18:04:00,10.53,1,CUST_00194
TICKET_0007231,STORE_05,2024-02-19 14:46:00,18.78,2,CUST_00276
TICKET_0007232,STORE_02,2024-01-13 10:59:00,11.29,1,CUST_00379
TICKET_0007233,STORE_07,2024-02-29 16:17:00,12.46,1,CUST_00064
TICKET_0007234,STORE_04,2024-03-29 09:02:00,4.53,1,CUST_00558
TICKET_0007235,STORE_04,2024-01-19 14:23:00,12.16,2,CUST_00647
TICKET_0007236,STORE_07,2024-03-14 18:21:00,5.57,1,CUST_00471
TICKET_0007237,STORE_10,2024-01-30 13:06:00,47.17,4,CUST_00701
TICKET_0007238,STORE_06,2024-03-11 14:21:00,10.09,1,CUST_00919
TICKET_0007239,STORE_03,2024-02-07 11:20:00,19.18,3,CUST_00391
TICKET_0007240,STORE_08,2024-02-16 09:27:00,4.67,1,CUST_00185
TICKET_0007241,STORE_04,2024-01-08 13:52:00,31.93,5,CUST_00811
TICKET_0007242,STORE_02,2024-03-10 12:00:00,4.58,1,CUST_00587
TICKET_0007243,STORE_06,2024-03-21 11:50:00,43.48,6,CUST_00500
TICKET_0007244,STORE_02,2024-02-10 13:18:00,9.92,1,CUST_00344
TICKET_0007245,STORE_09,2024-03-08 08:33:00,30.99,3,CUST_00844
TICKET_0007246,STORE_05,2024-01-11 16:22:00,22.87,3,CUST_00175
TICKET_0007247,STORE_02,2024-01-16 14:08:00,4.39,1,CUST_00323
TICKET_0007248,STORE_03,2024-01-10 09:28:00,19.75,2,CUST_00678
TICKET_0007249,STORE_05,2024-01-19 18:06:00,37.43,5,CUST_00745
TICKET_0007250,STORE_08,2024-03-08 10:51:00,10.25,1,CUST_00603
TICKET_0007251,STORE_05,2024-01-14 21:11:00,21.11,2,CUST_00468
TICKET_0007252,STORE_08,2024-02-04 17:30:00,4.86,1,CUST_00775
TICKET_0007253,STORE_08,2024-01-01 13:38:00,18.15,2,CUST_00622
TICKET_0007254,STORE_03,2024-01-09 15:54:00,7.66,1,CUST_00462
TICKET_0007255,STORE_08,2024-03-31 08:57:00,13.67,2,CUST_00568
TICKET_0007256,STORE_07,2024-01-04 12:34:00,5.25,1,CUST_00174
TICKET_0007257,STORE_02,2024-02-27 15:59:00,26.2,3,CUST_00283
TICKET_0007258,STORE_04,2024-01-25 11:47:00,13.63,1,CUST_00214
TICKET_0007259,STORE_10,2024-03-08 18:59:00,28.77,2,CUST_00010
TICKET_0007260,STORE_09,2024-01-20 18:31:00,30.48,5,CUST_00498
TICKET_0007261,STORE_07,2024-01-04 18:44:00,36.61,4,CUST_00976
TICKET_0007262,STORE_03,2024-03-27 17:23:00,24.24,2,CUST_00325
TICKET_0007263,STORE_04,2024-03-02 15:46:00,8.07,1,CUST_00674
TICKET_0007264,STORE_10,2024-02-23 09:36:00,20.52,2,CUST_00423
TICKET_0007265,STORE_05,2024-03-16 08:16:00,34.88,4,CUST_00078
TICKET_0007266,STORE_05,2024-01-18 18:00:00,26.51,3,CUST_00533
TICKET_0007267,STORE_02,2024-03-06 08:35:00,13.82,1,CUST_00795
TICKET_0007268,STORE_08,2024-03-31 08:25:00,2.61,1,CUST_00631
TICKET_0007269,STORE_09,2024-01-29 16:43:00,15.63,2,CUST_00355
TICKET_0007270,STORE_04,2024-03-03 18:43:00,9.69,1,CUST_00880
TICKET_0007271,STORE_05,2024-01-06 07:38:00,14.62,2,CUST_00346
TICKET_0007272,STORE_09,2024-01-15 14:31:00,37.28,3,CUST_00502
TICKET_0007273,STORE_08,2024-02-05 15:18:00,4.92,1,CUST_00426
TICKET_0007274,STORE_04,2024-02-04 21:02:00,9.75,2,CUST_00948
TICKET_0007275,STORE_07,2024-01-22 12:12:00,47.42,6,CUST_00080
TICKET_0007276,STORE_04,2024-03-31 16:40:00,8.86,2,CUST_00872
TICKET_0007277,STORE_09,2024-03-05 15:23:00,4.41,1,CUST_00460
TICKET_0007278,STORE_02,2024-03-17 13:12:00,7.0,1,CUST_00465
TICKET_0007279,STORE_06,2024-01-30 19:57:00,22.66,2,CUST_00633
TICKET_0007280,STORE_06,2024-02-10 12:41:00,22.05,3,CUST_00427
TICKET_0007281,STORE_02,2024-02-27 19:26:00,31.68,4,CUST_00777
TICKET_0007282,STORE_07,2024-01-06 17:13:00,5.98,1,CUST_00105
TICKET_0007283,STORE_07,2024-03-31 13:51:00,18.62,2,CUST_00972
TICKET_0007284,STORE_02,2024-01-03 18:48:00,10.98,2,CUST_00869
TICKET_0007285,STORE_03,2024-01-05 18:39:00,22.0,2,CUST_00794
TICKET_0007286,STORE_02,2024-01-01 18:07:00,28.4,4,CUST_00488
TICKET_0007287,STORE_02,2024-02-06 11:36:00,23.76,3,CUST_00491
TICKET_0007288,STORE_09,2024-03-27 20:09:00,25.62,3,CUST_00060
TICKET_0007289,STORE_01,2024-03-20 18:15:00,13.9,1,CUST_00318
TICKET_0007290,STORE_05,2024-02-04 11:34:00,22.94,2,CUST_00730
TICKET_0007291,STORE_04,2024-03-19 09:18:00,27.35,2,CUST_00599
TICKET_0007292,STORE_10,2024-01-23 21:54:00,21.15,2,CUST_00870
TICKET_0007293,STORE_02,2024-02-22 20:57:00,13.29,2,CUST_00146
TICKET_0007294,STORE_05,2024-01-17 11:06:00,39.29,5,CUST_00782
TICKET_0007295,STORE_02,2024-01-06 16:38:00,26.0,3,CUST_00156
TICKET_0007296,STORE_02,2024-03-24 08:02:00,27.81,3,CUST_00693
TICKET_0007297,STORE_06,2024-03-15 21:19:00,30.56,2,CUST_00722
TICKET_0007298,STORE_09,2024-01-27 09:45:00,16.27,2,CUST_00359
TICKET_0007299,STORE_10,2024-02-21 18:32:00,2.34,1,CUST_00209
TICKET_0007300,STORE_06,2024-03-01 07:38:00,24.06,3,CUST_00182
TICKET_0007301,STORE_03,2024-02-16 18:25:00,14.74,2,CUST_00364
TICKET_0007302,STORE_09,2024-01-14 21:45:00,33.3,3,CUST_00491
TICKET_0007303,STORE_10,2024-02-10 15:15:00,4.55,1,CUST_00715
TICKET_0007304,STORE_02,2024-01-20 17:35:00,14.68,1,CUST_00039
TICKET_0007305,STORE_03,2024-03-02 18:46:00,19.74,2,CUST_00873
TICKET_0007306,STORE_09,2024-01-29 13:31:00,13.92,2,CUST_00589
TICKET_0007307,STORE_02,2024-02-04 18:49:00,19.63,3,CUST_00772
TICKET_0007308,STORE_06,2024-02-05 16:58:00,31.44,5,CUST_00977
TICKET_0007309,STORE_09,2024-01-15 17:13:00,14.38,1,CUST_00757
TICKET_0007310,STORE_08,2024-03-20 10:49:00,13.86,2,CUST_00605
TICKET_0007311,STORE_08,2024-03-02 20:32:00,10.71,3,CUST_00693
TICKET_0007312,STORE_10,2024-02-17 13:49:00,13.5,2,CUST_00574
TICKET_0007313,STORE_06,2024-01-13 19:34:00,32.46,3,CUST_00328
TICKET_0007314,STORE_02,2024-03-20 08:02:00,4.52,1,CUST_00474
TICKET_0007315,STORE_04,2024-03-10 21:21:00,9.1,1,CUST_00249
TICKET_0007316,STORE_08,2024-01-08 14:13:00,14.74,1,CUST_00639
TICKET_0007317,STORE_02,2024-03-18 20:38:00,9.4,1,CUST_00366
TICKET_0007318,STORE_03,2024-02-25 15:55:00,15.2,1,CUST_00624
TICKET_0007319,STORE_02,2024-02-18 21:00:00,23.45,2,CUST_00673
TICKET_0007320,STORE_07,2024-01-04 14:35:00,27.01,3,CUST_00418
TICKET_0007321,STORE_10,2024-01-18 21:01:00,25.24,3,CUST_00331
TICKET_0007322,STORE_07,2024-02-21 08:13:00,26.28,3,CUST_00397
TICKET_0007323,STORE_02,2024-03-04 10:20:00,3.48,1,CUST_00015
TICKET_0007324,STORE_10,2024-01-16 17:24:00,6.82,2,CUST_00857
TICKET_0007325,STORE_10,2024-02-27 11:29:00,9.09,2,CUST_00810
TICKET_0007326,STORE_04,2024-02-03 11:31:00,23.29,2,CUST_00818
TICKET_0007327,STORE_01,2024-01-12 20:09:00,7.8,2,CUST_00772
TICKET_0007328,STORE_01,2024-03-13 20:40:00,13.72,1,CUST_00154
TICKET_0007329,STORE_10,2024-01-05 07:29:00,14.51,1,CUST_00949
TICKET_0007330,STORE_01,2024-03-08 14:17:00,4.84,1,CUST_00801
TICKET_0007331,STORE_03,2024-03-27 15:14:00,3.15,1,CUST_00559
TICKET_0007332,STORE_10,2024-01-24 20:57:00,24.98,2,CUST_00307
TICKET_0007333,STORE_10,2024-01-14 18:50:00,8.67,2,CUST_00740
TICKET_0007334,STORE_06,2024-03-29 07:00:00,9.47,1,CUST_00998
TICKET_0007335,STORE_05,2024-02-08 21:54:00,26.27,3,CUST_00726
TICKET_0007336,STORE_04,2024-01-03 21:51:00,9.21,2,CUST_00833
TICKET_0007337,STORE_02,2024-03-02 21:03:00,6.02,1,CUST_00799
TICKET_0007338,STORE_05,2024-03-07 19:27:00,14.37,2,CUST_00263
TICKET_0007339,STORE_07,2024-03-14 07:22:00,23.18,4,CUST_00547
TICKET_0007340,STORE_08,2024-03-19 19:46:00,2.9,1,CUST_00920
TICKET_0007341,STORE_07,2024-02-22 13:45:00,10.51,2,CUST_00617
TICKET_0007342,STORE_01,2024-01-08 20:51:00,3.51,1,CUST_00544
TICKET_0007343,STORE_10,2024-03-24 21:46:00,35.4,3,CUST_00239
TICKET_0007344,STORE_01,2024-01-18 21:09:00,8.9,2,CUST_00570
TICKET_0007345,STORE_06,2024-03-07 13:01:00,13.02,3,CUST_00393
TICKET_0007346,STORE_03,2024-01-30 19:10:00,7.53,1,CUST_00125
TICKET_0007347,STORE_02,2024-01-03 09:41:00,4.24,1,CUST_00670
TICKET_0007348,STORE_06,2024-02-26 21:22:00,34.56,4,CUST_00661
TICKET_0007349,STORE_05,2024-02-20 18:05:00,14.36,2,CUST_00722
TICKET_0007350,STORE_10,2024-03-19 11:23:00,10.19,2,CUST_00156
TICKET_0007351,STORE_09,2024-01-29 08:48:00,7.61,1,CUST_00282
TICKET_0007352,STORE_06,2024-02-16 17:25:00,17.94,2,CUST_00356
TICKET_0007353,STORE_07,2024-01-12 19:06:00,16.94,2,CUST_00530
TICKET_0007354,STORE_02,2024-01-19 11:30:00,2.54,1,CUST_00282
TICKET_0007355,STORE_08,2024-03-22 10:39:00,23.11,3,CUST_00395
TICKET_0007356,STORE_09,2024-02-26 12:10:00,8.58,1,CUST_00218
TICKET_0007357,STORE_01,2024-03-17 17:41:00,5.84,1,CUST_00237
TICKET_0007358,STORE_06,2024-03-01 20:14:00,6.59,2,CUST_00305
TICKET_0007359,STORE_03,2024-02-28 15:07:00,24.01,4,CUST_00545
TICKET_0007360,STORE_02,2024-03-07 10:32:00,30.73,3,CUST_00994
TICKET_0007361,STORE_03,2024-02-25 20:46:00,10.05,2,CUST_00263
TICKET_0007362,STORE_05,2024-01-29 09:20:00,4.81,1,CUST_00263
TICKET_0007363,STORE_06,2024-03-20 14:51:00,23.58,3,CUST_00697
TICKET_0007364,STORE_02,2024-03-16 19:42:00,17.53,2,CUST_00364
TICKET_0007365,STORE_05,2024-02-23 09:38:00,5.82,1,CUST_00481
TICKET_0007366,STORE_06,2024-02-09 12:00:00,22.15,5,CUST_00573
TICKET_0007367,STORE_03,2024-01-17 09:00:00,30.92,3,CUST_00707
TICKET_0007368,STORE_07,2024-02-29 11:46:00,30.61,3,CUST_00514
TICKET_0007369,STORE_05,2024-01-10 15:11:00,38.13,4,CUST_00057
TICKET_0007370,STORE_09,2024-01-08 14:10:00,27.66,3,CUST_00881
TICKET_0007371,STORE_07,2024-01-13 14:10:00,31.84,4,CUST_00927
TICKET_0007372,STORE_10,2024-01-06 13:11:00,17.78,2,CUST_00331
TICKET_0007373,STORE_09,2024-03-22 11:47:00,37.96,5,CUST_00428
TICKET_0007374,STORE_04,2024-03-28 21:24:00,29.53,3,CUST_00185
TICKET_0007375,STORE_05,2024-02-08 14:34:00,8.97,2,CUST_00159
TICKET_0007376,STORE_04,2024-01-17 14:06:00,25.01,2,CUST_00789
TICKET_0007377,STORE_09,2024-01-04 13:59:00,8.23,2,CUST_00880
TICKET_0007378,STORE_02,2024-01-08 10:18:00,16.93,2,CUST_00521
TICKET_0007379,STORE_04,2024-01-16 12:38:00,31.39,4,CUST_00870
TICKET_0007380,STORE_08,2024-03-07 11:54:00,25.07,2,CUST_00082
TICKET_0007381,STORE_06,2024-02-29 14:31:00,16.48,2,CUST_00719
TICKET_0007382,STORE_03,2024-01-10 16:27:00,19.29,2,CUST_00971
TICKET_0007383,STORE_06,2024-03-24 12:38:00,20.58,2,CUST_00456
TICKET_0007384,STORE_06,2024-01-09 19:54:00,3.05,1,CUST_00413
TICKET_0007385,STORE_10,2024-03-05 12:15:00,9.13,2,CUST_00029
TICKET_0007386,STORE_02,2024-02-13 20:01:00,24.17,2,CUST_00030
TICKET_0007387,STORE_01,2024-03-26 17:30:00,5.99,1,CUST_00875
TICKET_0007388,STORE_03,2024-02-06 08:44:00,5.67,1,CUST_00724
TICKET_0007389,STORE_10,2024-03-03 16:28:00,21.0,3,CUST_00986
TICKET_0007390,STORE_04,2024-02-07 11:46:00,31.99,3,CUST_00739
TICKET_0007391,STORE_05,2024-03-26 20:06:00,4.69,1,CUST_00470
TICKET_0007392,STORE_01,2024-02-02 19:01:00,18.17,2,CUST_00718
TICKET_0007393,STORE_05,2024-02-24 16:12:00,20.92,4,CUST_00169
TICKET_0007394,STORE_03,2024-02-16 20:04:00,12.52,1,CUST_00487
TICKET_0007395,STORE_01,2024-01-02 10:26:00,6.17,1,CUST_00938
TICKET_0007396,STORE_05,2024-02-12 07:31:00,11.36,1,CUST_00711
TICKET_0007397,STORE_03,2024-01-05 11:26:00,2.88,1,CUST_00332
TICKET_0007398,STORE_02,2024-02-26 08:24:00,23.93,2,CUST_00555
TICKET_0007399,STORE_01,2024-02-02 11:15:00,8.1,1,CUST_00366
TICKET_0007400,STORE_04,2024-02-29 12:51:00,32.81,5,CUST_00978
TICKET_0007401,STORE_10,2024-01-06 13:30:00,9.06,1,CUST_00563
TICKET_0007402,STORE_08,2024-03-23 21:38:00,20.39,2,CUST_00692
TICKET_0007403,STORE_03,2024-01-15 15:32:00,6.26,1,CUST_00566
TICKET_0007404,STORE_03,2024-01-31 17:59:00,9.05,2,CUST_00694
TICKET_0007405,STORE_03,2024-01-12 08:55:00,5.29,2,CUST_00325
TICKET_0007406,STORE_01,2024-01-19 12:11:00,27.22,3,CUST_00372
TICKET_0007407,STORE_05,2024-01-22 09:18:00,2.45,1,CUST_00169
TICKET_0007408,STORE_09,2024-02-17 11:08:00,11.49,2,CUST_00626
TICKET_0007409,STORE_05,2024-03-03 17:21:00,11.11,2,CUST_00374
TICKET_0007410,STORE_03,2024-02-09 14:23:00,15.98,2,CUST_00327
TICKET_0007411,STORE_07,2024-01-29 10:06:00,14.39,1,CUST_00262
TICKET_0007412,STORE_09,2024-02-12 21:53:00,14.1,2,CUST_00766
TICKET_0007413,STORE_10,2024-01-17 18:24:00,19.58,2,CUST_00188
TICKET_0007414,STORE_09,2024-03-02 16:26:00,11.07,2,CUST_00264
TICKET_0007415,STORE_08,2024-03-28 11:46:00,11.76,2,CUST_00427
TICKET_0007416,STORE_07,2024-03-25 16:00:00,5.76,1,CUST_00235
TICKET_0007417,STORE_01,2024-01-17 12:18:00,5.58,1,CUST_00463
TICKET_0007418,STORE_01,2024-02-07 20:12:00,3.6,1,CUST_00109
TICKET_0007419,STORE_01,2024-02-24 17:30:00,6.04,1,CUST_00463
TICKET_0007420,STORE_09,2024-02-24 12:50:00,9.73,1,CUST_00633
TICKET_0007421,STORE_07,2024-01-11 13:59:00,3.09,1,CUST_00531
TICKET_0007422,STORE_02,2024-02-04 14:11:00,9.84,1,CUST_00403
TICKET_0007423,STORE_02,2024-02-12 11:27:00,21.98,2,CUST_00762
TICKET_0007424,STORE_05,2024-01-28 21:28:00,22.84,3,CUST_00986
TICKET_0007425,STORE_09,2024-01-01 17:34:00,23.04,3,CUST_00747
TICKET_0007426,STORE_08,2024-03-27 07:25:00,40.62,4,CUST_00367
TICKET_0007427,STORE_04,2024-01-05 20:42:00,16.0,2,CUST_00252
TICKET_0007428,STORE_04,2024-02-15 08:06:00,11.73,1,CUST_00196
TICKET_0007429,STORE_07,2024-02-14 14:22:00,18.66,3,CUST_00391
TICKET_0007430,STORE_10,2024-03-17 14:29:00,18.71,3,CUST_00142
TICKET_0007431,STORE_05,2024-03-24 10:38:00,19.31,2,CUST_00973
TICKET_0007432,STORE_08,2024-01-11 09:31:00,30.24,4,CUST_00192
TICKET_0007433,STORE_02,2024-01-08 21:35:00,19.0,2,CUST_00082
TICKET_0007434,STORE_05,2024-01-20 09:47:00,10.56,1,CUST_00034
TICKET_0007435,STORE_02,2024-01-14 21:28:00,18.26,3,CUST_00016
TICKET_0007436,STORE_01,2024-01-18 08:02:00,13.75,1,CUST_00482
TICKET_0007437,STORE_01,2024-03-14 20:52:00,5.55,1,CUST_00895
TICKET_0007438,STORE_01,2024-03-08 20:29:00,4.5,1,CUST_00193
TICKET_0007439,STORE_05,2024-03-30 12:42:00,42.43,5,CUST_00631
TICKET_0007440,STORE_05,2024-03-22 08:21:00,28.28,3,CUST_00729
TICKET_0007441,STORE_08,2024-02-08 07:19:00,17.24,2,CUST_00115
TICKET_0007442,STORE_08,2024-02-29 08:05:00,34.27,4,CUST_00114
TICKET_0007443,STORE_09,2024-02-05 16:46:00,6.04,1,CUST_00552
TICKET_0007444,STORE_10,2024-02-03 09:27:00,23.45,2,CUST_00700
TICKET_0007445,STORE_06,2024-03-05 10:31:00,2.57,1,CUST_00657
TICKET_0007446,STORE_04,2024-01-13 21:15:00,7.63,1,CUST_00249
TICKET_0007447,STORE_10,2024-02-15 11:49:00,21.86,3,CUST_00577
TICKET_0007448,STORE_08,2024-01-24 10:38:00,31.85,4,CUST_00377
TICKET_0007449,STORE_06,2024-01-25 17:56:00,10.19,1,CUST_00223
TICKET_0007450,STORE_01,2024-02-20 17:04:00,14.14,1,CUST_00105
TICKET_0007451,STORE_04,2024-03-28 09:57:00,15.12,2,CUST_00718
TICKET_0007452,STORE_10,2024-02-20 18:11:00,17.07,2,CUST_00602
TICKET_0007453,STORE_10,2024-01-25 09:29:00,14.26,3,CUST_00888
TICKET_0007454,STORE_10,2024-02-22 12:44:00,21.06,4,CUST_00328
TICKET_0007455,STORE_05,2024-03-16 07:00:00,32.83,4,CUST_00853
TICKET_0007456,STORE_04,2024-03-28 10:55:00,9.3,2,CUST_00203
TICKET_0007457,STORE_06,2024-03-05 18:38:00,8.26,2,CUST_00457
TICKET_0007458,STORE_01,2024-02-29 19:24:00,10.2,1,CUST_00877
TICKET_0007459,STORE_01,2024-03-30 11:24:00,8.8,1,CUST_00218
TICKET_0007460,STORE_02,2024-03-30 10:44:00,4.44,1,CUST_00828
TICKET_0007461,STORE_05,2024-02-16 08:58:00,16.1,3,CUST_00027
TICKET_0007462,STORE_07,2024-02-20 10:22:00,31.91,4,CUST_00735
TICKET_0007463,STORE_04,2024-02-04 17:59:00,17.38,2,CUST_00591
TICKET_0007464,STORE_04,2024-01-28 07:40:00,15.47,2,CUST_00449
TICKET_0007465,STORE_07,2024-03-11 12:36:00,8.91,1,CUST_00666
TICKET_0007466,STORE_01,2024-02-29 11:17:00,4.34,1,CUST_00716
TICKET_0007467,STORE_05,2024-02-16 11:44:00,38.73,5,CUST_00011
TICKET_0007468,STORE_06,2024-02-16 07:21:00,34.97,3,CUST_00114
TICKET_0007469,STORE_07,2024-02-21 11:52:00,37.47,4,CUST_00660
TICKET_0007470,STORE_01,2024-01-17 14:53:00,3.56,1,CUST_00393
TICKET_0007471,STORE_06,2024-01-28 07:36:00,15.06,1,CUST_00050
TICKET_0007472,STORE_05,2024-03-31 17:27:00,4.72,2,CUST_00894
TICKET_0007473,STORE_07,2024-01-22 15:55:00,25.53,2,CUST_00915
TICKET_0007474,STORE_01,2024-03-24 15:06:00,16.89,2,CUST_00928
TICKET_0007475,STORE_02,2024-02-21 20:52:00,13.87,2,CUST_00386
TICKET_0007476,STORE_08,2024-03-10 17:03:00,8.54,1,CUST_00222
TICKET_0007477,STORE_02,2024-03-18 21:28:00,8.68,1,CUST_00432
TICKET_0007478,STORE_10,2024-02-19 11:01:00,21.11,2,CUST_00725
TICKET_0007479,STORE_06,2024-01-07 21:02:00,12.36,2,CUST_00859
TICKET_0007480,STORE_02,2024-03-24 08:49:00,12.33,2,CUST_00318
TICKET_0007481,STORE_01,2024-01-01 20:35:00,8.0,1,CUST_00801
TICKET_0007482,STORE_06,2024-01-09 08:10:00,10.49,1,CUST_00716
TICKET_0007483,STORE_07,2024-01-20 08:17:00,31.88,3,CUST_00682
TICKET_0007484,STORE_02,2024-03-07 10:56:00,23.42,2,CUST_00758
TICKET_0007485,STORE_01,2024-02-25 10:23:00,14.3,1,CUST_00278
TICKET_0007486,STORE_03,2024-01-10 20:55:00,24.81,3,CUST_00066
TICKET_0007487,STORE_08,2024-01-12 17:04:00,4.5,1,CUST_00153
TICKET_0007488,STORE_06,2024-03-14 12:54:00,30.15,5,CUST_00976
TICKET_0007489,STORE_02,2024-03-23 14:32:00,52.5,5,CUST_00239
TICKET_0007490,STORE_08,2024-02-28 13:04:00,24.3,4,CUST_00870
TICKET_0007491,STORE_02,2024-03-07 10:54:00,38.19,4,CUST_00510
TICKET_0007492,STORE_04,2024-03-24 20:41:00,7.53,1,CUST_00569
TICKET_0007493,STORE_07,2024-03-12 18:02:00,36.11,3,CUST_00291
TICKET_0007494,STORE_10,2024-02-18 18:45:00,29.45,2,CUST_00958
TICKET_0007495,STORE_05,2024-01-05 08:44:00,6.62,2,CUST_00619
TICKET_0007496,STORE_01,2024-03-01 19:52:00,22.02,2,CUST_00482
TICKET_0007497,STORE_01,2024-03-02 11:10:00,3.33,1,CUST_00099
TICKET_0007498,STORE_02,2024-01-21 11:33:00,14.49,2,CUST_00067
TICKET_0007499,STORE_08,2024-01-09 19:01:00,6.31,1,CUST_00591
TICKET_0007500,STORE_07,2024-03-19 09:12:00,23.28,3,CUST_00913
TICKET_0007501,STORE_04,2024-03-13 13:19:00,4.35,1,CUST_00308
TICKET_0007502,STORE_03,2024-01-26 13:02:00,3.46,1,CUST_00344
TICKET_0007503,STORE_07,2024-03-02 15:40:00,40.67,4,CUST_00021
TICKET_0007504,STORE_08,2024-03-10 08:54:00,5.55,1,CUST_00715
TICKET_0007505,STORE_09,2024-03-30 12:06:00,10.4,2,CUST_00009
TICKET_0007506,STORE_04,2024-03-13 11:38:00,13.36,1,CUST_00120
TICKET_0007507,STORE_04,2024-02-08 07:53:00,18.35,2,CUST_00191
TICKET_0007508,STORE_05,2024-03-19 16:47:00,12.96,2,CUST_00679
TICKET_0007509,STORE_02,2024-02-26 08:05:00,21.06,2,CUST_00531
TICKET_0007510,STORE_05,2024-01-11 17:16:00,40.77,4,CUST_00321
TICKET_0007511,STORE_04,2024-02-12 10:54:00,13.68,2,CUST_00230
TICKET_0007512,STORE_01,2024-01-26 07:28:00,7.69,1,CUST_00410
TICKET_0007513,STORE_09,2024-01-27 09:23:00,28.46,4,CUST_00832
TICKET_0007514,STORE_07,2024-02-18 19:15:00,23.14,3,CUST_00421
TICKET_0007515,STORE_08,2024-01-19 09:48:00,18.69,2,CUST_00427
TICKET_0007516,STORE_07,2024-01-27 11:58:00,34.43,4,CUST_00377
TICKET_0007517,STORE_01,2024-01-13 19:07:00,10.87,2,CUST_00401
TICKET_0007518,STORE_05,2024-03-28 20:33:00,9.66,1,CUST_00150
TICKET_0007519,STORE_10,2024-01-12 12:22:00,9.57,1,CUST_00719
TICKET_0007520,STORE_04,2024-01-14 13:06:00,17.53,2,CUST_00384
TICKET_0007521,STORE_01,2024-03-05 08:21:00,4.32,1,CUST_00523
TICKET_0007522,STORE_06,2024-03-05 21:05:00,22.86,2,CUST_00591
TICKET_0007523,STORE_08,2024-01-11 07:27:00,15.93,2,CUST_00351
TICKET_0007524,STORE_03,2024-01-09 13:06:00,23.42,3,CUST_00315
TICKET_0007525,STORE_01,2024-03-25 09:38:00,16.46,2,CUST_00270
TICKET_0007526,STORE_09,2024-03-05 10:53:00,6.49,2,CUST_00270
TICKET_0007527,STORE_02,2024-02-07 18:27:00,22.13,2,CUST_00099
TICKET_0007528,STORE_02,2024-02-23 17:23:00,6.84,1,CUST_00768
TICKET_0007529,STORE_02,2024-01-10 17:23:00,12.34,1,CUST_00943
TICKET_0007530,STORE_10,2024-01-15 09:11:00,5.91,1,CUST_00268
TICKET_0007531,STORE_03,2024-01-11 19:06:00,5.93,1,CUST_00302
TICKET_0007532,STORE_08,2024-01-28 17:29:00,19.33,2,CUST_00158
TICKET_0007533,STORE_09,2024-01-16 16:22:00,5.65,1,CUST_00519
TICKET_0007534,STORE_07,2024-01-17 12:46:00,5.12,1,CUST_00035
TICKET_0007535,STORE_01,2024-01-04 18:38:00,22.14,3,CUST_00840
TICKET_0007536,STORE_04,2024-01-03 15:40:00,7.41,2,CUST_00079
TICKET_0007537,STORE_05,2024-01-29 09:34:00,14.69,2,CUST_00835
TICKET_0007538,STORE_08,2024-02-07 21:30:00,23.07,4,CUST_00631
TICKET_0007539,STORE_06,2024-03-05 17:09:00,17.16,2,CUST_00751
TICKET_0007540,STORE_02,2024-01-25 08:10:00,12.5,2,CUST_00879
TICKET_0007541,STORE_04,2024-01-07 17:14:00,15.67,2,CUST_00572
TICKET_0007542,STORE_07,2024-01-11 08:44:00,22.49,4,CUST_00315
TICKET_0007543,STORE_03,2024-01-13 20:22:00,19.03,3,CUST_01000
TICKET_0007544,STORE_08,2024-02-26 08:03:00,14.21,1,CUST_00575
TICKET_0007545,STORE_06,2024-03-31 13:58:00,18.36,2,CUST_00990
TICKET_0007546,STORE_04,2024-02-08 14:26:00,29.61,2,CUST_00820
TICKET_0007547,STORE_01,2024-01-07 10:47:00,15.89,2,CUST_00289
TICKET_0007548,STORE_04,2024-01-27 13:53:00,12.37,2,CUST_00319
TICKET_0007549,STORE_02,2024-03-19 10:42:00,34.0,4,CUST_00186
TICKET_0007550,STORE_05,2024-03-15 18:25:00,24.26,4,CUST_00423
TICKET_0007551,STORE_03,2024-01-27 21:55:00,16.46,2,CUST_00381
TICKET_0007552,STORE_04,2024-02-21 19:44:00,20.37,3,CUST_00765
TICKET_0007553,STORE_08,2024-01-22 17:15:00,12.25,1,CUST_00336
TICKET_0007554,STORE_07,2024-02-20 21:57:00,49.91,5,CUST_00046
TICKET_0007555,STORE_10,2024-01-27 09:44:00,36.77,3,CUST_00748
TICKET_0007556,STORE_06,2024-02-28 13:54:00,13.13,2,CUST_00827
TICKET_0007557,STORE_04,2024-01-07 08:49:00,19.73,2,CUST_00602
TICKET_0007558,STORE_08,2024-03-21 21:32:00,8.71,1,CUST_00544
TICKET_0007559,STORE_09,2024-01-21 07:58:00,35.62,3,CUST_00390
TICKET_0007560,STORE_05,2024-01-27 16:58:00,20.62,4,CUST_00123
TICKET_0007561,STORE_08,2024-02-24 10:45:00,6.46,2,CUST_00366
TICKET_0007562,STORE_03,2024-03-30 17:39:00,18.79,2,CUST_00013
TICKET_0007563,STORE_10,2024-01-15 09:39:00,13.72,2,CUST_00804
TICKET_0007564,STORE_04,2024-03-19 16:21:00,22.23,3,CUST_00809
TICKET_0007565,STORE_06,2024-01-09 17:49:00,35.98,4,CUST_00708
TICKET_0007566,STORE_03,2024-02-23 13:33:00,24.15,3,CUST_00170
TICKET_0007567,STORE_08,2024-02-13 18:55:00,24.04,3,CUST_00306
TICKET_0007568,STORE_07,2024-01-01 20:19:00,46.17,5,CUST_00367
TICKET_0007569,STORE_02,2024-03-22 15:26:00,15.1,2,CUST_00788
TICKET_0007570,STORE_07,2024-03-24 19:02:00,24.89,4,CUST_00129
TICKET_0007571,STORE_06,2024-02-26 17:00:00,42.98,4,CUST_00979
TICKET_0007572,STORE_03,2024-03-27 08:37:00,25.17,2,CUST_00766
TICKET_0007573,STORE_07,2024-02-07 21:38:00,16.43,3,CUST_00317
TICKET_0007574,STORE_08,2024-01-25 20:59:00,4.41,1,CUST_00940
TICKET_0007575,STORE_07,2024-02-18 17:54:00,8.97,1,CUST_00787
TICKET_0007576,STORE_03,2024-03-21 17:40:00,34.61,5,CUST_00699
TICKET_0007577,STORE_04,2024-03-19 13:22:00,12.46,1,CUST_00218
TICKET_0007578,STORE_04,2024-01-17 12:23:00,15.02,1,CUST_00195
TICKET_0007579,STORE_08,2024-03-23 13:31:00,21.51,4,CUST_00376
TICKET_0007580,STORE_10,2024-02-29 13:43:00,29.17,3,CUST_00259
TICKET_0007581,STORE_05,2024-02-08 15:55:00,14.13,2,CUST_00147
TICKET_0007582,STORE_03,2024-02-22 14:00:00,6.99,1,CUST_00966
TICKET_0007583,STORE_01,2024-03-01 17:16:00,2.71,1,CUST_00220
TICKET_0007584,STORE_07,2024-02-01 07:57:00,35.27,4,CUST_00982
TICKET_0007585,STORE_02,2024-01-25 16:25:00,5.33,2,CUST_00107
TICKET_0007586,STORE_08,2024-01-07 16:43:00,13.8,2,CUST_00264
TICKET_0007587,STORE_05,2024-02-20 20:49:00,19.37,2,CUST_00445
TICKET_0007588,STORE_03,2024-03-08 11:39:00,26.33,4,CUST_00560
TICKET_0007589,STORE_01,2024-01-09 18:24:00,15.3,1,CUST_00400
TICKET_0007590,STORE_01,2024-03-25 07:49:00,22.06,2,CUST_00546
TICKET_0007591,STORE_10,2024-02-16 13:47:00,12.76,1,CUST_00799
TICKET_0007592,STORE_07,2024-02-03 12:37:00,20.85,3,CUST_00376
TICKET_0007593,STORE_02,2024-02-06 14:37:00,7.06,2,CUST_00516
TICKET_0007594,STORE_06,2024-01-05 15:07:00,13.25,2,CUST_00588
TICKET_0007595,STORE_06,2024-01-30 11:53:00,50.58,5,CUST_00127
TICKET_0007596,STORE_04,2024-01-26 17:06:00,15.76,2,CUST_00161
TICKET_0007597,STORE_06,2024-03-23 17:38:00,17.8,2,CUST_00638
TICKET_0007598,STORE_01,2024-02-18 21:58:00,2.63,1,CUST_00760
TICKET_0007599,STORE_10,2024-02-11 07:58:00,15.52,2,CUST_00198
TICKET_0007600,STORE_01,2024-03-09 15:11:00,37.27,3,CUST_00312
TICKET_0007601,STORE_10,2024-02-12 11:31:00,43.08,5,CUST_00713
TICKET_0007602,STORE_08,2024-01-28 12:00:00,2.41,1,CUST_00882
TICKET_0007603,STORE_04,2024-01-21 16:20:00,6.67,1,CUST_00034
TICKET_0007604,STORE_03,2024-01-17 14:21:00,7.81,2,CUST_00208
TICKET_0007605,STORE_02,2024-02-05 21:13:00,23.87,2,CUST_00175
TICKET_0007606,STORE_04,2024-01-19 15:04:00,9.16,2,CUST_00935
TICKET_0007607,STORE_04,2024-02-02 14:28:00,9.09,1,CUST_00106
TICKET_0007608,STORE_01,2024-02-14 08:35:00,19.33,2,CUST_00123
TICKET_0007609,STORE_09,2024-01-30 17:07:00,6.28,2,CUST_00302
TICKET_0007610,STORE_07,2024-03-30 07:03:00,33.76,4,CUST_00974
TICKET_0007611,STORE_04,2024-03-10 17:55:00,14.77,1,CUST_00496
TICKET_0007612,STORE_07,2024-03-29 17:09:00,17.33,2,CUST_00882
TICKET_0007613,STORE_03,2024-02-12 11:37:00,16.41,3,CUST_00168
TICKET_0007614,STORE_06,2024-01-29 10:57:00,18.95,2,CUST_00363
TICKET_0007615,STORE_01,2024-03-01 07:38:00,14.03,1,CUST_00710
TICKET_0007616,STORE_02,2024-03-23 15:32:00,12.32,3,CUST_00393
TICKET_0007617,STORE_02,2024-02-19 07:44:00,6.24,1,CUST_00206
TICKET_0007618,STORE_07,2024-02-04 15:23:00,19.29,3,CUST_00293
TICKET_0007619,STORE_10,2024-02-14 21:16:00,21.77,2,CUST_00925
TICKET_0007620,STORE_08,2024-02-21 15:18:00,7.83,1,CUST_00540
TICKET_0007621,STORE_03,2024-01-20 19:58:00,2.92,1,CUST_00798
TICKET_0007622,STORE_02,2024-03-31 11:35:00,12.15,2,CUST_00615
TICKET_0007623,STORE_02,2024-01-05 16:25:00,20.1,3,CUST_00654
TICKET_0007624,STORE_04,2024-01-04 12:59:00,11.15,2,CUST_00396
TICKET_0007625,STORE_03,2024-01-19 18:57:00,5.8,1,CUST_00343
TICKET_0007626,STORE_01,2024-02-05 20:35:00,6.21,2,CUST_00111
TICKET_0007627,STORE_09,2024-02-02 20:22:00,14.61,2,CUST_00645
TICKET_0007628,STORE_08,2024-01-30 21:13:00,14.34,2,CUST_00792
TICKET_0007629,STORE_05,2024-01-09 15:44:00,12.78,2,CUST_00144
TICKET_0007630,STORE_01,2024-03-06 11:22:00,4.53,1,CUST_00567
TICKET_0007631,STORE_07,2024-01-19 19:39:00,6.16,1,CUST_00015
TICKET_0007632,STORE_04,2024-03-11 15:18:00,23.89,2,CUST_00004
TICKET_0007633,STORE_07,2024-03-10 13:48:00,33.79,4,CUST_00424
TICKET_0007634,STORE_05,2024-01-20 10:42:00,8.86,1,CUST_00414
TICKET_0007635,STORE_06,2024-01-17 18:32:00,5.79,1,CUST_00061
TICKET_0007636,STORE_08,2024-01-14 13:52:00,32.95,5,CUST_00350
TICKET_0007637,STORE_10,2024-03-18 17:47:00,18.39,2,CUST_00213
TICKET_0007638,STORE_07,2024-02-07 15:57:00,31.93,4,CUST_00467
TICKET_0007639,STORE_01,2024-02-01 20:27:00,16.46,2,CUST_00824
TICKET_0007640,STORE_05,2024-03-28 17:26:00,15.53,3,CUST_00795
TICKET_0007641,STORE_09,2024-03-08 12:30:00,16.26,2,CUST_00036
TICKET_0007642,STORE_04,2024-01-04 12:27:00,6.06,1,CUST_00411
TICKET_0007643,STORE_01,2024-01-05 16:06:00,24.92,3,CUST_00024
TICKET_0007644,STORE_09,2024-02-17 21:33:00,31.4,4,CUST_00476
TICKET_0007645,STORE_10,2024-03-09 21:40:00,4.82,1,CUST_00315
TICKET_0007646,STORE_04,2024-01-30 11:51:00,30.96,3,CUST_00407
TICKET_0007647,STORE_09,2024-01-07 18:05:00,28.47,2,CUST_00634
TICKET_0007648,STORE_06,2024-02-02 14:07:00,19.29,4,CUST_00933
TICKET_0007649,STORE_07,2024-03-13 07:00:00,7.89,1,CUST_00678
TICKET_0007650,STORE_06,2024-02-29 10:51:00,5.88,1,CUST_00470
TICKET_0007651,STORE_03,2024-03-20 13:55:00,5.09,2,CUST_00402
TICKET_0007652,STORE_10,2024-03-22 17:12:00,23.56,3,CUST_00751
TICKET_0007653,STORE_03,2024-03-19 14:38:00,45.54,4,CUST_00978
TICKET_0007654,STORE_03,2024-03-16 08:06:00,22.8,4,CUST_00319
TICKET_0007655,STORE_04,2024-03-18 10:12:00,9.19,2,CUST_00642
TICKET_0007656,STORE_07,2024-03-04 08:39:00,10.28,1,CUST_00523
TICKET_0007657,STORE_01,2024-03-27 16:16:00,10.11,1,CUST_00511
TICKET_0007658,STORE_07,2024-01-20 08:30:00,10.39,1,CUST_00950
TICKET_0007659,STORE_09,2024-01-27 07:32:00,16.07,2,CUST_00049
TICKET_0007660,STORE_02,2024-03-26 10:40:00,27.15,5,CUST_00870
TICKET_0007661,STORE_01,2024-02-22 18:15:00,8.16,2,CUST_00720
TICKET_0007662,STORE_06,2024-02-14 12:34:00,45.07,5,CUST_00415
TICKET_0007663,STORE_08,2024-03-06 11:25:00,24.66,3,CUST_00222
TICKET_0007664,STORE_06,2024-01-22 14:34:00,3.44,1,CUST_00500
TICKET_0007665,STORE_05,2024-03-31 13:27:00,28.25,3,CUST_00895
TICKET_0007666,STORE_06,2024-01-12 17:27:00,17.55,2,CUST_00730
TICKET_0007667,STORE_05,2024-02-09 08:51:00,35.58,4,CUST_00898
TICKET_0007668,STORE_01,2024-01-30 10:50:00,7.39,1,CUST_00437
TICKET_0007669,STORE_09,2024-01-03 18:04:00,15.17,2,CUST_00761
TICKET_0007670,STORE_08,2024-02-13 15:15:00,13.99,1,CUST_00605
TICKET_0007671,STORE_06,2024-01-21 21:56:00,7.49,2,CUST_00030
TICKET_0007672,STORE_03,2024-02-11 09:51:00,3.24,1,CUST_00814
TICKET_0007673,STORE_01,2024-03-18 14:25:00,7.84,1,CUST_00528
TICKET_0007674,STORE_02,2024-03-03 13:29:00,14.59,2,CUST_00188
TICKET_0007675,STORE_05,2024-03-23 14:37:00,37.19,4,CUST_00890
TICKET_0007676,STORE_10,2024-02-16 13:49:00,18.72,3,CUST_00295
TICKET_0007677,STORE_09,2024-02-16 09:07:00,2.95,1,CUST_00034
TICKET_0007678,STORE_08,2024-02-04 14:43:00,14.99,2,CUST_00362
TICKET_0007679,STORE_02,2024-02-09 11:49:00,32.6,3,CUST_00381
TICKET_0007680,STORE_07,2024-01-03 08:16:00,16.26,2,CUST_00312
TICKET_0007681,STORE_06,2024-03-29 12:22:00,16.74,3,CUST_00699
TICKET_0007682,STORE_02,2024-03-02 08:26:00,31.55,4,CUST_00235
TICKET_0007683,STORE_05,2024-02-07 16:34:00,25.33,3,CUST_00112
TICKET_0007684,STORE_05,2024-02-10 08:35:00,29.72,3,CUST_00522
TICKET_0007685,STORE_01,2024-03-17 15:20:00,8.49,2,CUST_00218
TICKET_0007686,STORE_09,2024-02-22 13:12:00,9.89,1,CUST_00630
TICKET_0007687,STORE_05,2024-01-17 16:23:00,29.69,3,CUST_00191
TICKET_0007688,STORE_01,2024-01-19 19:12:00,11.75,2,CUST_00792
TICKET_0007689,STORE_03,2024-01-05 07:38:00,42.39,5,CUST_00046
TICKET_0007690,STORE_05,2024-01-07 10:35:00,18.65,2,CUST_00075
TICKET_0007691,STORE_05,2024-01-22 19:10:00,9.18,1,CUST_00068
TICKET_0007692,STORE_04,2024-02-27 09:45:00,20.77,2,CUST_00105
TICKET_0007693,STORE_03,2024-02-22 14:42:00,19.29,2,CUST_00765
TICKET_0007694,STORE_10,2024-03-09 17:53:00,2.59,1,CUST_00636
TICKET_0007695,STORE_05,2024-03-29 10:58:00,17.97,3,CUST_00732
TICKET_0007696,STORE_08,2024-01-09 20:23:00,3.72,1,CUST_00692
TICKET_0007697,STORE_06,2024-02-17 19:56:00,43.85,4,CUST_00328
TICKET_0007698,STORE_02,2024-02-08 17:14:00,11.28,2,CUST_00342
TICKET_0007699,STORE_08,2024-03-13 07:42:00,26.42,3,CUST_00502
TICKET_0007700,STORE_08,2024-02-27 07:28:00,8.86,1,CUST_00913
TICKET_0007701,STORE_09,2024-02-04 13:57:00,24.7,3,CUST_00900
TICKET_0007702,STORE_06,2024-03-08 13:15:00,46.49,4,CUST_00186
TICKET_0007703,STORE_10,2024-02-29 11:57:00,44.89,5,CUST_00057
TICKET_0007704,STORE_08,2024-02-01 12:23:00,16.53,2,CUST_00672
TICKET_0007705,STORE_05,2024-03-19 16:51:00,47.95,4,CUST_00066
TICKET_0007706,STORE_06,2024-03-15 17:19:00,44.76,4,CUST_00174
TICKET_0007707,STORE_01,2024-03-10 14:16:00,20.61,2,CUST_00092
TICKET_0007708,STORE_05,2024-02-17 07:31:00,20.59,2,CUST_00527
TICKET_0007709,STORE_08,2024-03-31 19:50:00,11.5,1,CUST_00902
TICKET_0007710,STORE_10,2024-01-19 14:22:00,12.61,2,CUST_00934
TICKET_0007711,STORE_09,2024-02-18 13:44:00,16.93,2,CUST_00477
TICKET_0007712,STORE_01,2024-01-25 13:15:00,42.01,5,CUST_00132
TICKET_0007713,STORE_03,2024-03-13 20:33:00,3.41,1,CUST_00241
TICKET_0007714,STORE_09,2024-01-23 13:45:00,26.86,3,CUST_00795
TICKET_0007715,STORE_05,2024-03-18 08:53:00,8.92,2,CUST_00323
TICKET_0007716,STORE_07,2024-01-09 10:45:00,14.33,1,CUST_00928
TICKET_0007717,STORE_06,2024-02-19 12:49:00,6.06,1,CUST_00729
TICKET_0007718,STORE_10,2024-01-02 07:56:00,19.16,2,CUST_00917
TICKET_0007719,STORE_07,2024-01-14 10:52:00,12.86,1,CUST_00722
TICKET_0007720,STORE_04,2024-03-31 19:00:00,16.2,2,CUST_00063
TICKET_0007721,STORE_02,2024-03-25 11:49:00,20.21,2,CUST_00077
TICKET_0007722,STORE_05,2024-03-25 16:20:00,4.31,1,CUST_00661
TICKET_0007723,STORE_06,2024-02-25 09:45:00,40.03,4,CUST_00986
TICKET_0007724,STORE_09,2024-03-04 10:00:00,59.01,5,CUST_00721
TICKET_0007725,STORE_08,2024-03-18 10:52:00,12.45,1,CUST_00247
TICKET_0007726,STORE_07,2024-03-20 14:06:00,24.65,3,CUST_00112
TICKET_0007727,STORE_02,2024-01-24 19:57:00,29.12,4,CUST_00168
TICKET_0007728,STORE_09,2024-02-10 21:46:00,11.49,2,CUST_00768
TICKET_0007729,STORE_05,2024-01-14 17:21:00,34.88,3,CUST_00393
TICKET_0007730,STORE_03,2024-01-23 17:57:00,24.67,3,CUST_00473
TICKET_0007731,STORE_05,2024-01-08 18:47:00,25.88,5,CUST_00085
TICKET_0007732,STORE_07,2024-01-13 19:38:00,15.5,2,CUST_00273
TICKET_0007733,STORE_01,2024-01-18 08:48:00,3.69,1,CUST_00960
TICKET_0007734,STORE_10,2024-03-25 19:11:00,2.97,1,CUST_00672
TICKET_0007735,STORE_02,2024-02-02 20:09:00,15.5,3,CUST_00930
TICKET_0007736,STORE_10,2024-02-09 07:21:00,24.01,2,CUST_00205
TICKET_0007737,STORE_06,2024-02-29 13:48:00,47.68,5,CUST_00292
TICKET_0007738,STORE_04,2024-01-14 10:36:00,46.62,5,CUST_00233
TICKET_0007739,STORE_05,2024-03-20 09:49:00,3.32,1,CUST_00558
TICKET_0007740,STORE_10,2024-03-03 13:01:00,29.39,3,CUST_00078
TICKET_0007741,STORE_07,2024-01-02 11:07:00,14.15,2,CUST_00737
TICKET_0007742,STORE_08,2024-03-07 21:24:00,15.35,2,CUST_00479
TICKET_0007743,STORE_02,2024-02-15 14:34:00,7.36,1,CUST_00648
TICKET_0007744,STORE_05,2024-01-10 12:28:00,29.46,4,CUST_00113
TICKET_0007745,STORE_07,2024-01-11 15:16:00,7.6,1,CUST_00965
TICKET_0007746,STORE_01,2024-03-15 19:11:00,18.71,2,CUST_00570
TICKET_0007747,STORE_05,2024-01-19 13:16:00,5.97,1,CUST_00441
TICKET_0007748,STORE_01,2024-02-10 11:12:00,15.18,2,CUST_00272
TICKET_0007749,STORE_08,2024-02-10 14:36:00,21.04,3,CUST_00913
TICKET_0007750,STORE_10,2024-01-16 17:50:00,7.89,1,CUST_00646
TICKET_0007751,STORE_10,2024-02-22 09:18:00,15.72,2,CUST_00038
TICKET_0007752,STORE_10,2024-02-27 18:02:00,26.36,3,CUST_00252
TICKET_0007753,STORE_07,2024-03-06 19:20:00,2.7,1,CUST_00691
TICKET_0007754,STORE_04,2024-01-20 15:17:00,9.3,2,CUST_00934
TICKET_0007755,STORE_03,2024-03-30 08:48:00,5.06,1,CUST_00549
TICKET_0007756,STORE_03,2024-01-03 11:55:00,14.78,2,CUST_00577
TICKET_0007757,STORE_05,2024-03-10 21:43:00,38.02,3,CUST_00197
TICKET_0007758,STORE_08,2024-02-13 21:00:00,12.21,2,CUST_00148
TICKET_0007759,STORE_03,2024-01-27 11:57:00,23.61,2,CUST_00861
TICKET_0007760,STORE_04,2024-03-13 15:15:00,20.5,2,CUST_00840
TICKET_0007761,STORE_01,2024-02-08 15:33:00,13.77,1,CUST_00822
TICKET_0007762,STORE_06,2024-02-15 17:52:00,16.49,2,CUST_00302
TICKET_0007763,STORE_08,2024-01-13 09:19:00,14.48,1,CUST_00033
TICKET_0007764,STORE_05,2024-02-19 18:40:00,34.24,4,CUST_00969
TICKET_0007765,STORE_10,2024-03-14 09:13:00,8.91,1,CUST_00461
TICKET_0007766,STORE_05,2024-02-13 10:43:00,2.85,1,CUST_00416
TICKET_0007767,STORE_09,2024-02-11 17:59:00,2.62,1,CUST_00056
TICKET_0007768,STORE_02,2024-01-06 21:45:00,15.49,2,CUST_00507
TICKET_0007769,STORE_07,2024-03-29 10:09:00,14.85,1,CUST_00274
TICKET_0007770,STORE_10,2024-03-21 12:23:00,11.5,2,CUST_00322
TICKET_0007771,STORE_05,2024-02-22 20:41:00,21.49,3,CUST_00533
TICKET_0007772,STORE_07,2024-03-12 08:33:00,2.72,1,CUST_00486
TICKET_0007773,STORE_02,2024-02-03 08:13:00,6.12,1,CUST_00105
TICKET_0007774,STORE_03,2024-01-23 18:47:00,12.76,2,CUST_00840
TICKET_0007775,STORE_09,2024-01-20 16:30:00,12.2,2,CUST_00785
TICKET_0007776,STORE_07,2024-01-23 17:58:00,22.85,2,CUST_00602
TICKET_0007777,STORE_09,2024-02-08 16:28:00,24.66,3,CUST_00501
TICKET_0007778,STORE_03,2024-03-04 12:14:00,45.83,5,CUST_00174
TICKET_0007779,STORE_07,2024-01-12 20:29:00,4.77,1,CUST_00312
TICKET_0007780,STORE_05,2024-01-29 07:22:00,27.62,3,CUST_00454
TICKET_0007781,STORE_08,2024-03-25 16:40:00,5.87,1,CUST_00161
TICKET_0007782,STORE_05,2024-03-04 16:01:00,7.19,1,CUST_00214
TICKET_0007783,STORE_07,2024-01-09 10:12:00,28.39,3,CUST_00148
TICKET_0007784,STORE_03,2024-02-14 15:07:00,24.57,2,CUST_00146
TICKET_0007785,STORE_10,2024-03-09 12:53:00,37.98,4,CUST_00144
TICKET_0007786,STORE_10,2024-03-05 07:43:00,6.87,1,CUST_00904
TICKET_0007787,STORE_06,2024-02-20 16:22:00,38.91,4,CUST_00655
TICKET_0007788,STORE_08,2024-01-14 15:49:00,23.36,2,CUST_00318
TICKET_0007789,STORE_10,2024-02-15 11:37:00,26.1,4,CUST_00542
TICKET_0007790,STORE_05,2024-02-01 21:33:00,22.54,3,CUST_00756
TICKET_0007791,STORE_03,2024-03-19 14:48:00,27.26,3,CUST_00020
TICKET_0007792,STORE_09,2024-01-15 09:55:00,9.15,1,CUST_00742
TICKET_0007793,STORE_06,2024-03-19 19:38:00,14.4,3,CUST_00695
TICKET_0007794,STORE_07,2024-03-30 13:39:00,8.9,1,CUST_00044
TICKET_0007795,STORE_05,2024-02-11 19:43:00,8.22,2,CUST_00788
TICKET_0007796,STORE_08,2024-03-29 11:02:00,35.94,4,CUST_00450
TICKET_0007797,STORE_02,2024-01-01 15:56:00,15.23,2,CUST_00903
TICKET_0007798,STORE_05,2024-01-19 14:12:00,24.3,5,CUST_00052
TICKET_0007799,STORE_07,2024-01-20 17:36:00,28.48,4,CUST_00246
TICKET_0007800,STORE_05,2024-03-10 11:08:00,31.44,4,CUST_00933
TICKET_0007801,STORE_04,2024-02-24 16:58:00,8.84,1,CUST_00210
TICKET_0007802,STORE_05,2024-03-24 12:12:00,26.9,3,CUST_00042
TICKET_0007803,STORE_02,2024-03-05 09:52:00,20.53,2,CUST_00322
TICKET_0007804,STORE_03,2024-03-03 18:04:00,12.86,2,CUST_00862
TICKET_0007805,STORE_08,2024-01-13 14:03:00,37.23,4,CUST_00890
TICKET_0007806,STORE_09,2024-01-29 07:33:00,5.74,1,CUST_00289
TICKET_0007807,STORE_05,2024-01-23 07:44:00,8.31,2,CUST_00255
TICKET_0007808,STORE_07,2024-03-23 16:56:00,7.47,1,CUST_00532
TICKET_0007809,STORE_01,2024-02-17 10:40:00,17.53,2,CUST_00345
TICKET_0007810,STORE_01,2024-03-12 15:49:00,32.59,4,CUST_00884
TICKET_0007811,STORE_06,2024-02-09 18:17:00,25.01,4,CUST_00653
TICKET_0007812,STORE_08,2024-01-05 15:36:00,21.2,2,CUST_00349
TICKET_0007813,STORE_09,2024-01-01 16:58:00,29.99,4,CUST_00844
TICKET_0007814,STORE_02,2024-01-29 15:22:00,16.01,2,CUST_00402
TICKET_0007815,STORE_02,2024-01-03 12:03:00,6.1,1,CUST_00723
TICKET_0007816,STORE_07,2024-03-03 09:48:00,17.71,3,CUST_00273
TICKET_0007817,STORE_10,2024-03-04 13:56:00,26.53,2,CUST_00024
TICKET_0007818,STORE_10,2024-02-24 21:57:00,39.74,5,CUST_00122
TICKET_0007819,STORE_05,2024-03-07 11:12:00,10.01,1,CUST_00261
TICKET_0007820,STORE_02,2024-02-23 16:53:00,21.18,3,CUST_00488
TICKET_0007821,STORE_09,2024-02-09 14:24:00,16.39,2,CUST_00601
TICKET_0007822,STORE_10,2024-01-18 08:28:00,16.77,2,CUST_00786
TICKET_0007823,STORE_04,2024-03-16 12:18:00,11.73,1,CUST_00267
TICKET_0007824,STORE_09,2024-03-26 18:34:00,9.47,1,CUST_00278
TICKET_0007825,STORE_07,2024-02-01 16:18:00,29.73,3,CUST_00169
TICKET_0007826,STORE_06,2024-03-25 21:21:00,43.63,5,CUST_00498
TICKET_0007827,STORE_02,2024-01-15 21:20:00,11.75,1,CUST_00784
TICKET_0007828,STORE_09,2024-01-22 16:54:00,12.42,1,CUST_00635
TICKET_0007829,STORE_10,2024-03-12 08:45:00,21.34,2,CUST_00998
TICKET_0007830,STORE_03,2024-02-18 13:45:00,12.32,2,CUST_00991
TICKET_0007831,STORE_08,2024-01-29 09:23:00,2.87,1,CUST_00800
TICKET_0007832,STORE_07,2024-03-05 11:31:00,5.75,1,CUST_00360
TICKET_0007833,STORE_09,2024-01-30 08:35:00,14.18,1,CUST_00893
TICKET_0007834,STORE_10,2024-02-07 19:19:00,39.08,5,CUST_00596
TICKET_0007835,STORE_10,2024-03-09 14:59:00,41.02,5,CUST_00376
TICKET_0007836,STORE_02,2024-03-25 21:47:00,44.95,5,CUST_00307
TICKET_0007837,STORE_05,2024-03-25 16:12:00,2.21,1,CUST_00570
TICKET_0007838,STORE_01,2024-03-22 16:31:00,5.66,1,CUST_00047
TICKET_0007839,STORE_08,2024-02-12 21:31:00,8.08,1,CUST_00221
TICKET_0007840,STORE_03,2024-01-28 19:19:00,9.6,1,CUST_00654
TICKET_0007841,STORE_10,2024-03-03 07:59:00,32.68,3,CUST_00079
TICKET_0007842,STORE_08,2024-03-31 18:50:00,6.07,1,CUST_00929
TICKET_0007843,STORE_09,2024-02-27 11:41:00,20.87,2,CUST_00038
TICKET_0007844,STORE_03,2024-02-07 19:33:00,24.13,3,CUST_00841
TICKET_0007845,STORE_10,2024-03-11 13:26:00,28.7,5,CUST_00052
TICKET_0007846,STORE_08,2024-02-21 10:20:00,14.84,1,CUST_00880
TICKET_0007847,STORE_01,2024-01-21 11:56:00,40.43,4,CUST_00909
TICKET_0007848,STORE_06,2024-02-19 18:26:00,2.67,1,CUST_00298
TICKET_0007849,STORE_10,2024-02-12 10:33:00,2.91,1,CUST_00250
TICKET_0007850,STORE_01,2024-03-07 11:53:00,12.88,2,CUST_00674
TICKET_0007851,STORE_07,2024-01-24 13:26:00,22.27,4,CUST_00933
TICKET_0007852,STORE_02,2024-03-03 17:44:00,4.91,1,CUST_00227
TICKET_0007853,STORE_10,2024-01-12 17:28:00,2.74,1,CUST_00443
TICKET_0007854,STORE_10,2024-01-15 15:32:00,21.42,2,CUST_00998
TICKET_0007855,STORE_09,2024-02-23 10:51:00,17.08,2,CUST_00606
TICKET_0007856,STORE_08,2024-01-17 16:06:00,9.02,2,CUST_00882
TICKET_0007857,STORE_05,2024-03-20 09:16:00,14.42,2,CUST_00026
TICKET_0007858,STORE_08,2024-02-13 09:00:00,13.61,2,CUST_00769
TICKET_0007859,STORE_04,2024-02-23 18:35:00,4.78,1,CUST_00720
TICKET_0007860,STORE_04,2024-02-02 09:43:00,9.21,1,CUST_00901
TICKET_0007861,STORE_09,2024-01-09 13:44:00,26.45,3,CUST_00658
TICKET_0007862,STORE_04,2024-01-24 19:49:00,20.89,2,CUST_00769
TICKET_0007863,STORE_02,2024-01-25 14:49:00,19.47,3,CUST_00180
TICKET_0007864,STORE_01,2024-01-26 18:16:00,9.85,1,CUST_00706
TICKET_0007865,STORE_03,2024-01-11 10:19:00,15.34,2,CUST_00799
TICKET_0007866,STORE_05,2024-01-27 18:22:00,34.54,3,CUST_00581
TICKET_0007867,STORE_06,2024-01-11 13:38:00,8.93,1,CUST_00761
TICKET_0007868,STORE_02,2024-03-20 14:48:00,17.83,2,CUST_00264
TICKET_0007869,STORE_08,2024-02-28 09:49:00,28.63,3,CUST_00447
TICKET_0007870,STORE_09,2024-02-05 11:30:00,5.09,1,CUST_00894
TICKET_0007871,STORE_01,2024-01-11 18:53:00,7.35,1,CUST_00570
TICKET_0007872,STORE_06,2024-01-23 16:04:00,12.66,2,CUST_00246
TICKET_0007873,STORE_07,2024-02-11 18:24:00,27.48,3,CUST_00447
TICKET_0007874,STORE_10,2024-01-10 07:22:00,42.61,4,CUST_00782
TICKET_0007875,STORE_04,2024-02-06 11:24:00,12.89,2,CUST_00289
TICKET_0007876,STORE_03,2024-03-29 15:00:00,43.19,5,CUST_00057
TICKET_0007877,STORE_08,2024-02-03 14:17:00,22.08,2,CUST_00806
TICKET_0007878,STORE_07,2024-03-08 12:41:00,31.43,4,CUST_00661
TICKET_0007879,STORE_05,2024-03-06 21:42:00,23.73,2,CUST_00944
TICKET_0007880,STORE_01,2024-03-24 15:35:00,14.79,1,CUST_00549
TICKET_0007881,STORE_04,2024-03-19 13:08:00,21.4,3,CUST_00946
TICKET_0007882,STORE_10,2024-01-20 08:17:00,10.02,1,CUST_00207
TICKET_0007883,STORE_02,2024-03-31 16:15:00,20.0,3,CUST_00094
TICKET_0007884,STORE_10,2024-01-18 12:19:00,14.19,2,CUST_00762
TICKET_0007885,STORE_02,2024-03-02 19:18:00,18.98,3,CUST_00519
TICKET_0007886,STORE_02,2024-03-31 21:51:00,20.95,2,CUST_00860
TICKET_0007887,STORE_05,2024-03-11 07:58:00,9.98,1,CUST_00168
TICKET_0007888,STORE_03,2024-01-15 21:55:00,9.47,1,CUST_00629
TICKET_0007889,STORE_01,2024-03-02 11:30:00,14.89,1,CUST_00005
TICKET_0007890,STORE_02,2024-01-31 08:08:00,46.22,5,CUST_00176
TICKET_0007891,STORE_05,2024-02-27 10:17:00,42.0,5,CUST_00036
TICKET_0007892,STORE_06,2024-02-02 20:06:00,28.75,2,CUST_00722
TICKET_0007893,STORE_05,2024-02-25 07:28:00,21.26,2,CUST_00194
TICKET_0007894,STORE_03,2024-01-03 07:46:00,13.25,3,CUST_00013
TICKET_0007895,STORE_02,2024-01-12 16:00:00,3.02,1,CUST_00010
TICKET_0007896,STORE_05,2024-02-27 07:18:00,37.75,5,CUST_00348
TICKET_0007897,STORE_06,2024-01-17 15:54:00,15.04,2,CUST_00756
TICKET_0007898,STORE_01,2024-02-23 13:31:00,7.32,1,CUST_00451
TICKET_0007899,STORE_02,2024-02-10 08:40:00,15.81,2,CUST_00225
TICKET_0007900,STORE_10,2024-02-11 10:43:00,6.32,2,CUST_00784
TICKET_0007901,STORE_05,2024-01-23 16:54:00,20.5,3,CUST_00386
TICKET_0007902,STORE_06,2024-03-09 13:38:00,27.39,4,CUST_00065
TICKET_0007903,STORE_09,2024-03-03 11:26:00,19.0,3,CUST_00447
TICKET_0007904,STORE_07,2024-02-11 09:07:00,9.83,2,CUST_00630
TICKET_0007905,STORE_03,2024-02-09 08:39:00,22.55,3,CUST_00584
TICKET_0007906,STORE_04,2024-01-18 13:41:00,15.14,1,CUST_00107
TICKET_0007907,STORE_07,2024-01-24 16:44:00,21.3,3,CUST_00305
TICKET_0007908,STORE_02,2024-01-30 21:14:00,24.23,2,CUST_00295
TICKET_0007909,STORE_01,2024-02-09 15:23:00,8.89,1,CUST_00583
TICKET_0007910,STORE_08,2024-03-01 20:16:00,7.37,1,CUST_00081
TICKET_0007911,STORE_04,2024-02-28 14:09:00,25.53,2,CUST_00696
TICKET_0007912,STORE_08,2024-02-29 11:33:00,28.7,3,CUST_00853
TICKET_0007913,STORE_10,2024-01-19 09:45:00,13.41,1,CUST_00642
TICKET_0007914,STORE_09,2024-02-05 18:16:00,13.46,1,CUST_00442
TICKET_0007915,STORE_10,2024-03-28 12:29:00,29.2,4,CUST_00620
TICKET_0007916,STORE_03,2024-01-15 19:55:00,15.78,2,CUST_00078
TICKET_0007917,STORE_09,2024-01-28 15:00:00,40.1,4,CUST_00858
TICKET_0007918,STORE_01,2024-03-03 11:41:00,10.32,2,CUST_00117
TICKET_0007919,STORE_03,2024-03-29 18:02:00,19.67,3,CUST_00878
TICKET_0007920,STORE_01,2024-02-09 18:35:00,13.59,1,CUST_00247
TICKET_0007921,STORE_06,2024-02-22 07:41:00,29.09,4,CUST_00782
TICKET_0007922,STORE_08,2024-01-30 18:17:00,30.02,3,CUST_00642
TICKET_0007923,STORE_06,2024-02-02 18:40:00,11.64,2,CUST_00277
TICKET_0007924,STORE_07,2024-02-15 14:17:00,4.97,1,CUST_00634
TICKET_0007925,STORE_04,2024-01-23 09:04:00,14.22,1,CUST_00938
TICKET_0007926,STORE_04,2024-03-07 09:05:00,9.02,1,CUST_00766
TICKET_0007927,STORE_10,2024-03-18 20:41:00,30.5,3,CUST_00406
TICKET_0007928,STORE_10,2024-03-27 21:19:00,7.96,2,CUST_00842
TICKET_0007929,STORE_08,2024-02-16 13:25:00,19.8,2,CUST_00846
TICKET_0007930,STORE_02,2024-01-17 17:25:00,21.61,2,CUST_00325
TICKET_0007931,STORE_04,2024-02-14 11:47:00,8.95,1,CUST_00178
TICKET_0007932,STORE_03,2024-02-28 15:11:00,7.52,1,CUST_00971
TICKET_0007933,STORE_02,2024-01-21 13:22:00,19.07,2,CUST_00769
TICKET_0007934,STORE_05,2024-03-20 20:39:00,17.45,2,CUST_00227
TICKET_0007935,STORE_01,2024-01-22 14:16:00,9.11,1,CUST_00005
TICKET_0007936,STORE_10,2024-02-15 08:42:00,16.25,2,CUST_00705
TICKET_0007937,STORE_08,2024-02-11 13:48:00,20.52,3,CUST_00918
TICKET_0007938,STORE_10,2024-03-01 09:29:00,24.12,2,CUST_00363
TICKET_0007939,STORE_07,2024-01-24 19:43:00,30.03,4,CUST_00450
TICKET_0007940,STORE_01,2024-01-03 14:31:00,12.44,2,CUST_00435
TICKET_0007941,STORE_10,2024-01-03 16:54:00,14.34,1,CUST_00139
TICKET_0007942,STORE_04,2024-02-22 09:55:00,13.89,2,CUST_00256
TICKET_0007943,STORE_04,2024-03-23 10:08:00,12.4,1,CUST_00198
TICKET_0007944,STORE_07,2024-03-13 18:21:00,10.31,1,CUST_00293
TICKET_0007945,STORE_04,2024-03-14 11:11:00,18.57,2,CUST_00162
TICKET_0007946,STORE_03,2024-02-03 15:08:00,33.74,3,CUST_00156
TICKET_0007947,STORE_01,2024-03-08 12:38:00,26.15,2,CUST_00043
TICKET_0007948,STORE_01,2024-03-19 13:14:00,29.17,3,CUST_00685
TICKET_0007949,STORE_03,2024-03-08 09:03:00,17.27,3,CUST_00933
TICKET_0007950,STORE_09,2024-01-14 07:55:00,42.75,6,CUST_00855
TICKET_0007951,STORE_04,2024-02-02 07:39:00,15.82,2,CUST_00495
TICKET_0007952,STORE_04,2024-02-18 21:24:00,5.49,2,CUST_00431
TICKET_0007953,STORE_01,2024-01-25 14:13:00,2.4,1,CUST_00322
TICKET_0007954,STORE_01,2024-01-10 10:43:00,23.19,2,CUST_00435
TICKET_0007955,STORE_06,2024-03-10 18:53:00,27.48,4,CUST_00508
TICKET_0007956,STORE_03,2024-02-29 18:04:00,7.75,2,CUST_00666
TICKET_0007957,STORE_10,2024-03-08 21:31:00,12.44,2,CUST_00709
TICKET_0007958,STORE_06,2024-02-06 08:48:00,53.88,5,CUST_00536
TICKET_0007959,STORE_03,2024-01-11 17:56:00,23.52,2,CUST_00276
TICKET_0007960,STORE_02,2024-03-21 16:42:00,4.73,1,CUST_00786
TICKET_0007961,STORE_01,2024-02-27 15:58:00,4.4,1,CUST_00308
TICKET_0007962,STORE_07,2024-01-14 09:25:00,13.97,2,CUST_00802
TICKET_0007963,STORE_01,2024-02-10 17:04:00,2.35,1,CUST_00177
TICKET_0007964,STORE_09,2024-03-25 19:46:00,5.31,2,CUST_00787
TICKET_0007965,STORE_08,2024-03-14 09:33:00,7.66,1,CUST_00214
TICKET_0007966,STORE_10,2024-03-28 12:34:00,9.71,2,CUST_00741
TICKET_0007967,STORE_02,2024-03-17 10:49:00,28.6,3,CUST_00581
TICKET_0007968,STORE_10,2024-01-26 21:14:00,17.91,2,CUST_00049
TICKET_0007969,STORE_09,2024-02-10 08:52:00,5.72,1,CUST_00507
TICKET_0007970,STORE_07,2024-02-21 07:32:00,8.67,2,CUST_00940
TICKET_0007971,STORE_09,2024-01-02 13:16:00,16.23,2,CUST_00270
TICKET_0007972,STORE_08,2024-01-26 18:19:00,26.09,4,CUST_00631
TICKET_0007973,STORE_09,2024-01-09 15:56:00,17.78,2,CUST_00336
TICKET_0007974,STORE_05,2024-03-18 18:28:00,25.78,3,CUST_00058
TICKET_0007975,STORE_02,2024-02-11 19:33:00,8.9,1,CUST_00809
TICKET_0007976,STORE_05,2024-03-06 15:45:00,38.9,4,CUST_00260
TICKET_0007977,STORE_04,2024-01-25 08:39:00,21.76,4,CUST_00052
TICKET_0007978,STORE_10,2024-01-05 16:06:00,8.61,2,CUST_00302
TICKET_0007979,STORE_09,2024-02-09 08:31:00,25.16,4,CUST_00037
TICKET_0007980,STORE_01,2024-03-06 11:41:00,27.11,3,CUST_00721
TICKET_0007981,STORE_07,2024-01-14 09:56:00,4.98,1,CUST_00683
TICKET_0007982,STORE_02,2024-02-29 12:29:00,11.89,1,CUST_00912
TICKET_0007983,STORE_05,2024-03-21 17:00:00,36.84,5,CUST_00513
TICKET_0007984,STORE_01,2024-01-02 07:54:00,14.32,1,CUST_00354
TICKET_0007985,STORE_02,2024-01-16 16:55:00,14.7,1,CUST_00868
TICKET_0007986,STORE_10,2024-03-02 10:35:00,2.64,1,CUST_01000
TICKET_0007987,STORE_02,2024-01-07 13:26:00,8.08,1,CUST_00023
TICKET_0007988,STORE_09,2024-03-17 07:32:00,31.26,3,CUST_00561
TICKET_0007989,STORE_02,2024-03-12 15:26:00,15.23,2,CUST_00404
TICKET_0007990,STORE_02,2024-03-11 11:15:00,20.21,3,CUST_00895
TICKET_0007991,STORE_06,2024-03-18 10:13:00,12.53,2,CUST_00780
TICKET_0007992,STORE_07,2024-03-23 13:15:00,40.63,5,CUST_00297
TICKET_0007993,STORE_10,2024-02-10 18:14:00,37.23,4,CUST_00969
TICKET_0007994,STORE_03,2024-01-24 16:47:00,10.52,2,CUST_00232
TICKET_0007995,STORE_05,2024-01-11 11:17:00,20.02,3,CUST_00033
TICKET_0007996,STORE_08,2024-01-04 07:16:00,29.17,4,CUST_00324
TICKET_0007997,STORE_06,2024-03-06 11:04:00,15.96,3,CUST_00615
TICKET_0007998,STORE_01,2024-01-26 08:21:00,9.32,1,CUST_00354
TICKET_0007999,STORE_07,2024-01-28 20:48:00,17.99,3,CUST_00459
TICKET_0008000,STORE_10,2024-03-17 17:37:00,26.79,3,CUST_00075
TICKET_0008001,STORE_09,2024-03-05 21:50:00,23.01,2,CUST_00076
TICKET_0008002,STORE_02,2024-01-07 19:50:00,6.38,1,CUST_00331
TICKET_0008003,STORE_06,2024-01-17 18:36:00,51.2,4,CUST_00536
TICKET_0008004,STORE_04,2024-01-26 15:44:00,31.51,3,CUST_00782
TICKET_0008005,STORE_10,2024-01-10 15:56:00,26.13,3,CUST_00369
TICKET_0008006,STORE_09,2024-03-20 07:07:00,8.49,2,CUST_00003
TICKET_0008007,STORE_08,2024-01-31 11:18:00,6.28,2,CUST_00834
TICKET_0008008,STORE_09,2024-02-18 07:11:00,2.22,1,CUST_00695
TICKET_0008009,STORE_09,2024-02-29 14:21:00,37.75,4,CUST_00335
TICKET_0008010,STORE_03,2024-01-14 16:13:00,28.64,5,CUST_00688
TICKET_0008011,STORE_08,2024-03-24 13:08:00,24.11,3,CUST_00334
TICKET_0008012,STORE_07,2024-02-26 19:35:00,43.06,5,CUST_00976
TICKET_0008013,STORE_08,2024-03-25 19:05:00,25.14,3,CUST_00632
TICKET_0008014,STORE_05,2024-03-20 09:26:00,25.65,4,CUST_00350
TICKET_0008015,STORE_08,2024-02-14 10:57:00,6.01,1,CUST_00956
TICKET_0008016,STORE_10,2024-01-09 17:25:00,16.58,2,CUST_00795
TICKET_0008017,STORE_01,2024-02-07 19:22:00,14.43,2,CUST_00336
TICKET_0008018,STORE_03,2024-01-21 18:07:00,20.06,2,CUST_00194
TICKET_0008019,STORE_01,2024-01-28 15:27:00,2.41,1,CUST_00696
TICKET_0008020,STORE_02,2024-01-29 19:33:00,8.48,1,CUST_00064
TICKET_0008021,STORE_05,2024-01-09 20:11:00,31.84,4,CUST_00842
TICKET_0008022,STORE_04,2024-03-18 07:48:00,23.83,2,CUST_00967
TICKET_0008023,STORE_08,2024-02-21 19:46:00,14.95,3,CUST_00607
TICKET_0008024,STORE_03,2024-01-21 07:57:00,17.66,2,CUST_00325
TICKET_0008025,STORE_05,2024-03-14 10:38:00,16.64,2,CUST_00572
TICKET_0008026,STORE_05,2024-01-18 13:22:00,21.79,3,CUST_00065
TICKET_0008027,STORE_09,2024-01-21 13:03:00,33.83,5,CUST_00037
TICKET_0008028,STORE_07,2024-02-07 08:51:00,44.66,5,CUST_00180
TICKET_0008029,STORE_02,2024-02-03 07:01:00,16.95,2,CUST_00604
TICKET_0008030,STORE_08,2024-03-05 15:29:00,22.53,2,CUST_00719
TICKET_0008031,STORE_01,2024-02-19 15:42:00,13.36,2,CUST_00365
TICKET_0008032,STORE_01,2024-02-04 14:32:00,15.06,2,CUST_00279
TICKET_0008033,STORE_10,2024-01-06 07:25:00,13.47,2,CUST_00110
TICKET_0008034,STORE_07,2024-03-19 21:45:00,43.65,5,CUST_00149
TICKET_0008035,STORE_07,2024-02-24 08:22:00,10.02,1,CUST_00634
TICKET_0008036,STORE_01,2024-03-22 15:21:00,4.94,1,CUST_00960
TICKET_0008037,STORE_04,2024-03-16 15:34:00,5.23,1,CUST_00511
TICKET_0008038,STORE_07,2024-02-26 21:46:00,7.26,1,CUST_00715
TICKET_0008039,STORE_06,2024-03-22 19:09:00,34.71,3,CUST_00582
TICKET_0008040,STORE_05,2024-01-24 18:48:00,51.15,6,CUST_00406
TICKET_0008041,STORE_01,2024-03-09 07:39:00,16.71,2,CUST_00738
TICKET_0008042,STORE_10,2024-01-19 08:45:00,16.87,2,CUST_00632
TICKET_0008043,STORE_04,2024-01-11 20:08:00,10.93,2,CUST_00121
TICKET_0008044,STORE_02,2024-03-10 21:00:00,20.12,2,CUST_00151
TICKET_0008045,STORE_04,2024-02-27 10:11:00,14.67,1,CUST_00658
TICKET_0008046,STORE_02,2024-03-05 09:26:00,9.74,2,CUST_00411
TICKET_0008047,STORE_02,2024-03-26 16:12:00,28.19,2,CUST_00352
TICKET_0008048,STORE_08,2024-03-27 16:12:00,26.79,4,CUST_00424
TICKET_0008049,STORE_05,2024-02-25 16:26:00,39.41,5,CUST_00620
TICKET_0008050,STORE_06,2024-03-21 13:15:00,38.81,5,CUST_00059
TICKET_0008051,STORE_06,2024-02-03 17:17:00,23.78,3,CUST_00930
TICKET_0008052,STORE_04,2024-01-31 18:49:00,9.91,2,CUST_00587
TICKET_0008053,STORE_05,2024-01-04 15:49:00,29.24,3,CUST_00254
TICKET_0008054,STORE_04,2024-03-28 21:58:00,13.95,1,CUST_00826
TICKET_0008055,STORE_07,2024-03-12 12:24:00,45.21,4,CUST_00855
TICKET_0008056,STORE_01,2024-03-20 14:25:00,15.8,2,CUST_00491
TICKET_0008057,STORE_05,2024-02-18 21:44:00,16.31,2,CUST_00113
TICKET_0008058,STORE_09,2024-03-25 10:54:00,11.74,2,CUST_00861
TICKET_0008059,STORE_04,2024-01-29 21:01:00,17.35,2,CUST_00360
TICKET_0008060,STORE_01,2024-01-04 13:41:00,19.13,2,CUST_00028
TICKET_0008061,STORE_01,2024-01-23 13:24:00,20.41,2,CUST_00859
TICKET_0008062,STORE_03,2024-03-17 17:32:00,15.55,2,CUST_00649
TICKET_0008063,STORE_07,2024-02-04 14:46:00,15.25,2,CUST_00098
TICKET_0008064,STORE_04,2024-01-17 12:56:00,22.7,2,CUST_00595
TICKET_0008065,STORE_07,2024-01-04 18:42:00,18.34,2,CUST_00467
TICKET_0008066,STORE_10,2024-01-16 09:34:00,11.91,1,CUST_00636
TICKET_0008067,STORE_06,2024-02-05 09:57:00,28.92,4,CUST_00373
TICKET_0008068,STORE_07,2024-01-14 21:20:00,51.87,6,CUST_00467
TICKET_0008069,STORE_10,2024-03-27 07:38:00,30.19,3,CUST_00498
TICKET_0008070,STORE_05,2024-01-09 11:01:00,26.52,4,CUST_00909
TICKET_0008071,STORE_08,2024-03-14 09:32:00,23.15,3,CUST_00239
TICKET_0008072,STORE_03,2024-02-01 16:52:00,23.09,3,CUST_00133
TICKET_0008073,STORE_08,2024-01-19 12:08:00,19.55,2,CUST_00581
TICKET_0008074,STORE_07,2024-01-05 19:55:00,3.34,1,CUST_00144
TICKET_0008075,STORE_02,2024-02-09 19:02:00,19.26,2,CUST_00336
TICKET_0008076,STORE_10,2024-01-17 09:44:00,41.37,5,CUST_00315
TICKET_0008077,STORE_10,2024-03-08 17:24:00,8.96,1,CUST_00994
TICKET_0008078,STORE_01,2024-03-15 21:54:00,19.24,2,CUST_00960
TICKET_0008079,STORE_05,2024-03-05 18:03:00,26.8,4,CUST_00688
TICKET_0008080,STORE_09,2024-02-24 10:10:00,56.38,4,CUST_00387
TICKET_0008081,STORE_06,2024-03-08 18:58:00,8.92,1,CUST_00748
TICKET_0008082,STORE_02,2024-01-21 10:45:00,15.42,2,CUST_00135
TICKET_0008083,STORE_06,2024-03-25 18:11:00,13.73,2,CUST_00546
TICKET_0008084,STORE_10,2024-02-05 19:48:00,2.25,1,CUST_00220
TICKET_0008085,STORE_09,2024-02-11 15:40:00,15.14,2,CUST_00548
TICKET_0008086,STORE_03,2024-02-07 20:26:00,17.52,3,CUST_00011
TICKET_0008087,STORE_10,2024-01-30 20:36:00,10.3,2,CUST_00916
TICKET_0008088,STORE_03,2024-03-24 11:22:00,12.31,2,CUST_00090
TICKET_0008089,STORE_04,2024-02-20 20:50:00,12.21,2,CUST_00454
TICKET_0008090,STORE_05,2024-01-15 21:03:00,8.83,2,CUST_00194
TICKET_0008091,STORE_01,2024-01-29 21:24:00,4.83,1,CUST_00583
TICKET_0008092,STORE_04,2024-03-19 09:20:00,2.93,1,CUST_00268
TICKET_0008093,STORE_04,2024-02-05 09:59:00,14.55,1,CUST_00410
TICKET_0008094,STORE_07,2024-02-23 21:20:00,6.79,1,CUST_00243
TICKET_0008095,STORE_09,2024-01-11 07:22:00,25.73,4,CUST_00438
TICKET_0008096,STORE_08,2024-02-02 21:20:00,21.0,2,CUST_00330
TICKET_0008097,STORE_08,2024-03-04 19:50:00,18.92,2,CUST_00182
TICKET_0008098,STORE_07,2024-02-16 14:01:00,34.69,5,CUST_00881
TICKET_0008099,STORE_05,2024-03-31 09:01:00,44.7,6,CUST_00508
TICKET_0008100,STORE_05,2024-02-26 14:36:00,15.47,3,CUST_00283
TICKET_0008101,STORE_02,2024-03-22 17:21:00,7.16,1,CUST_00962
TICKET_0008102,STORE_09,2024-02-24 20:38:00,16.26,2,CUST_00215
TICKET_0008103,STORE_08,2024-02-28 12:57:00,18.05,2,CUST_00064
TICKET_0008104,STORE_09,2024-02-23 16:02:00,9.69,1,CUST_00063
TICKET_0008105,STORE_04,2024-03-14 16:40:00,13.85,1,CUST_00136
TICKET_0008106,STORE_08,2024-02-07 20:54:00,23.12,2,CUST_00073
TICKET_0008107,STORE_07,2024-03-05 20:23:00,9.97,1,CUST_00035
TICKET_0008108,STORE_08,2024-02-28 10:40:00,23.67,3,CUST_00699
TICKET_0008109,STORE_02,2024-02-04 07:17:00,47.93,5,CUST_00997
TICKET_0008110,STORE_10,2024-03-21 08:38:00,17.61,2,CUST_00534
TICKET_0008111,STORE_01,2024-03-09 16:36:00,15.65,2,CUST_00332
TICKET_0008112,STORE_06,2024-02-25 16:10:00,20.09,3,CUST_00688
TICKET_0008113,STORE_04,2024-01-13 11:26:00,7.61,1,CUST_00353
TICKET_0008114,STORE_01,2024-01-03 19:30:00,23.15,2,CUST_00114
TICKET_0008115,STORE_05,2024-01-23 17:49:00,44.95,4,CUST_00798
TICKET_0008116,STORE_04,2024-02-16 11:16:00,9.91,1,CUST_00072
TICKET_0008117,STORE_10,2024-01-29 15:59:00,7.8,2,CUST_00778
TICKET_0008118,STORE_03,2024-01-04 12:21:00,9.22,2,CUST_00994
TICKET_0008119,STORE_05,2024-02-04 18:05:00,12.33,2,CUST_00049
TICKET_0008120,STORE_08,2024-01-26 18:20:00,10.26,1,CUST_00865
TICKET_0008121,STORE_10,2024-03-01 16:01:00,13.52,2,CUST_00248
TICKET_0008122,STORE_10,2024-01-13 16:24:00,2.23,1,CUST_00655
TICKET_0008123,STORE_07,2024-02-13 07:31:00,33.32,4,CUST_00969
TICKET_0008124,STORE_07,2024-01-24 20:52:00,24.94,3,CUST_00082
TICKET_0008125,STORE_09,2024-02-14 13:58:00,28.97,4,CUST_00711
TICKET_0008126,STORE_09,2024-01-15 17:29:00,13.14,2,CUST_00493
TICKET_0008127,STORE_09,2024-01-09 19:12:00,9.4,2,CUST_00204
TICKET_0008128,STORE_06,2024-01-10 07:42:00,22.38,2,CUST_00916
TICKET_0008129,STORE_08,2024-02-24 12:55:00,3.03,1,CUST_00015
TICKET_0008130,STORE_07,2024-03-08 09:03:00,26.0,4,CUST_00807
TICKET_0008131,STORE_04,2024-03-12 20:42:00,10.0,1,CUST_00221
TICKET_0008132,STORE_04,2024-02-21 18:15:00,14.25,1,CUST_00004
TICKET_0008133,STORE_06,2024-03-08 18:50:00,6.97,2,CUST_00011
TICKET_0008134,STORE_05,2024-02-01 10:49:00,14.42,1,CUST_00660
TICKET_0008135,STORE_01,2024-03-06 21:31:00,12.05,1,CUST_00930
TICKET_0008136,STORE_01,2024-02-27 19:09:00,36.8,4,CUST_00746
TICKET_0008137,STORE_03,2024-01-16 07:05:00,14.04,1,CUST_00388
TICKET_0008138,STORE_01,2024-02-14 08:54:00,28.94,3,CUST_00264
TICKET_0008139,STORE_01,2024-01-12 10:53:00,23.53,4,CUST_00297
TICKET_0008140,STORE_05,2024-03-07 19:28:00,6.9,1,CUST_00715
TICKET_0008141,STORE_08,2024-03-11 20:12:00,20.44,2,CUST_00483
TICKET_0008142,STORE_05,2024-02-12 09:20:00,5.9,1,CUST_00837
TICKET_0008143,STORE_07,2024-02-18 08:53:00,2.66,1,CUST_00852
TICKET_0008144,STORE_08,2024-01-14 11:43:00,6.02,1,CUST_00945
TICKET_0008145,STORE_08,2024-03-10 11:17:00,2.54,1,CUST_00615
TICKET_0008146,STORE_03,2024-03-06 07:23:00,13.07,2,CUST_00374
TICKET_0008147,STORE_08,2024-03-12 08:41:00,5.82,1,CUST_00627
TICKET_0008148,STORE_09,2024-01-17 19:52:00,18.76,2,CUST_00668
TICKET_0008149,STORE_04,2024-02-28 15:09:00,14.89,2,CUST_00702
TICKET_0008150,STORE_10,2024-02-16 19:44:00,14.05,1,CUST_00762
TICKET_0008151,STORE_07,2024-02-20 11:56:00,8.03,2,CUST_00563
TICKET_0008152,STORE_05,2024-03-13 21:13:00,6.2,1,CUST_00374
TICKET_0008153,STORE_10,2024-02-28 11:28:00,12.26,1,CUST_00255
TICKET_0008154,STORE_05,2024-01-30 20:06:00,26.57,3,CUST_00638
TICKET_0008155,STORE_07,2024-03-13 18:34:00,13.45,2,CUST_00118
TICKET_0008156,STORE_03,2024-03-22 08:46:00,48.72,4,CUST_00915
TICKET_0008157,STORE_05,2024-03-19 09:39:00,27.26,3,CUST_00778
TICKET_0008158,STORE_03,2024-02-11 16:08:00,37.03,4,CUST_00574
TICKET_0008159,STORE_02,2024-02-14 21:25:00,19.26,3,CUST_00314
TICKET_0008160,STORE_06,2024-01-26 17:29:00,34.61,3,CUST_00306
TICKET_0008161,STORE_08,2024-01-23 18:29:00,20.59,2,CUST_00010
TICKET_0008162,STORE_10,2024-03-17 19:49:00,43.56,5,CUST_00726
TICKET_0008163,STORE_09,2024-02-28 09:14:00,2.66,1,CUST_00070
TICKET_0008164,STORE_09,2024-01-11 18:09:00,32.89,4,CUST_00881
TICKET_0008165,STORE_06,2024-01-06 13:37:00,19.59,3,CUST_00310
TICKET_0008166,STORE_09,2024-03-18 10:13:00,9.8,1,CUST_00913
TICKET_0008167,STORE_08,2024-01-05 20:58:00,2.35,1,CUST_00523
TICKET_0008168,STORE_03,2024-03-04 18:29:00,4.85,1,CUST_00064
TICKET_0008169,STORE_04,2024-01-04 14:34:00,5.74,1,CUST_00896
TICKET_0008170,STORE_07,2024-02-20 18:15:00,28.29,5,CUST_00884
TICKET_0008171,STORE_02,2024-01-20 17:58:00,15.86,2,CUST_00074
TICKET_0008172,STORE_09,2024-02-12 14:19:00,13.14,1,CUST_00859
TICKET_0008173,STORE_03,2024-03-30 11:47:00,33.99,3,CUST_00657
TICKET_0008174,STORE_03,2024-01-04 16:34:00,22.8,2,CUST_00178
TICKET_0008175,STORE_03,2024-01-28 20:19:00,9.35,1,CUST_00621
TICKET_0008176,STORE_06,2024-01-28 19:44:00,21.7,2,CUST_00925
TICKET_0008177,STORE_09,2024-01-17 20:21:00,12.47,2,CUST_00021
TICKET_0008178,STORE_01,2024-01-31 15:18:00,10.2,1,CUST_00793
TICKET_0008179,STORE_03,2024-03-03 09:27:00,27.0,2,CUST_00963
TICKET_0008180,STORE_04,2024-01-22 21:06:00,20.15,2,CUST_00397
TICKET_0008181,STORE_10,2024-02-11 14:38:00,8.49,1,CUST_00257
TICKET_0008182,STORE_06,2024-02-03 09:18:00,30.39,3,CUST_00295
TICKET_0008183,STORE_06,2024-01-15 09:46:00,14.48,1,CUST_00691
TICKET_0008184,STORE_07,2024-02-11 16:00:00,23.33,3,CUST_00188
TICKET_0008185,STORE_05,2024-01-18 12:58:00,47.54,5,CUST_00450
TICKET_0008186,STORE_09,2024-01-14 17:16:00,19.67,3,CUST_00639
TICKET_0008187,STORE_07,2024-01-18 08:19:00,54.53,5,CUST_00832
TICKET_0008188,STORE_07,2024-03-03 19:24:00,46.8,5,CUST_00438
TICKET_0008189,STORE_05,2024-01-18 17:06:00,14.86,3,CUST_00539
TICKET_0008190,STORE_01,2024-01-05 14:39:00,9.24,1,CUST_00061
TICKET_0008191,STORE_01,2024-03-13 19:30:00,6.3,2,CUST_00296
TICKET_0008192,STORE_02,2024-02-08 08:01:00,11.56,2,CUST_00561
TICKET_0008193,STORE_06,2024-01-13 07:12:00,4.79,1,CUST_00719
TICKET_0008194,STORE_02,2024-03-22 15:57:00,19.24,2,CUST_00118
TICKET_0008195,STORE_02,2024-01-04 07:52:00,5.94,1,CUST_00258
TICKET_0008196,STORE_02,2024-02-03 10:07:00,15.32,2,CUST_00269
TICKET_0008197,STORE_01,2024-01-08 07:09:00,2.93,1,CUST_00796
TICKET_0008198,STORE_01,2024-02-04 12:27:00,13.48,1,CUST_00479
TICKET_0008199,STORE_05,2024-02-06 19:43:00,8.3,2,CUST_00654
TICKET_0008200,STORE_02,2024-02-04 09:41:00,26.61,5,CUST_00367
TICKET_0008201,STORE_08,2024-03-02 08:59:00,26.82,4,CUST_00006
TICKET_0008202,STORE_03,2024-02-15 18:12:00,8.07,2,CUST_00565
TICKET_0008203,STORE_04,2024-02-28 09:01:00,12.24,2,CUST_00848
TICKET_0008204,STORE_09,2024-01-18 13:03:00,11.84,2,CUST_00287
TICKET_0008205,STORE_06,2024-01-30 18:30:00,25.05,2,CUST_00148
TICKET_0008206,STORE_04,2024-03-13 10:51:00,13.38,2,CUST_00368
TICKET_0008207,STORE_01,2024-02-01 11:20:00,11.16,2,CUST_00672
TICKET_0008208,STORE_09,2024-03-30 10:41:00,28.67,3,CUST_00980
TICKET_0008209,STORE_02,2024-03-11 15:55:00,16.03,3,CUST_00645
TICKET_0008210,STORE_03,2024-01-15 19:55:00,15.23,2,CUST_00586
TICKET_0008211,STORE_06,2024-02-02 12:41:00,32.18,5,CUST_00631
TICKET_0008212,STORE_08,2024-02-27 12:22:00,32.83,3,CUST_00283
TICKET_0008213,STORE_01,2024-03-16 13:05:00,6.25,1,CUST_00971
TICKET_0008214,STORE_08,2024-02-11 13:55:00,6.76,1,CUST_00923
TICKET_0008215,STORE_02,2024-03-13 08:16:00,8.96,1,CUST_00613
TICKET_0008216,STORE_05,2024-02-24 16:38:00,30.95,3,CUST_00042
TICKET_0008217,STORE_07,2024-03-26 17:36:00,43.4,5,CUST_00855
TICKET_0008218,STORE_04,2024-02-23 09:20:00,27.35,3,CUST_00008
TICKET_0008219,STORE_03,2024-03-09 10:50:00,25.16,3,CUST_00193
TICKET_0008220,STORE_07,2024-01-07 15:58:00,22.98,3,CUST_00633
TICKET_0008221,STORE_07,2024-01-10 20:38:00,18.49,2,CUST_00344
TICKET_0008222,STORE_07,2024-02-18 15:53:00,29.72,3,CUST_00545
TICKET_0008223,STORE_10,2024-02-12 15:28:00,27.02,3,CUST_00396
TICKET_0008224,STORE_05,2024-02-05 18:03:00,57.02,5,CUST_00129
TICKET_0008225,STORE_05,2024-01-27 10:36:00,13.75,1,CUST_00597
TICKET_0008226,STORE_01,2024-02-23 07:14:00,3.11,1,CUST_00159
TICKET_0008227,STORE_09,2024-02-07 16:36:00,15.84,2,CUST_00588
TICKET_0008228,STORE_02,2024-01-07 08:37:00,9.11,1,CUST_00900
TICKET_0008229,STORE_06,2024-01-04 19:18:00,10.99,2,CUST_00957
TICKET_0008230,STORE_10,2024-03-11 18:19:00,17.38,2,CUST_00137
TICKET_0008231,STORE_05,2024-02-14 10:02:00,12.51,2,CUST_00294
TICKET_0008232,STORE_01,2024-01-26 20:36:00,4.42,1,CUST_00172
TICKET_0008233,STORE_02,2024-03-27 11:51:00,2.23,1,CUST_00587
TICKET_0008234,STORE_02,2024-03-02 14:04:00,39.93,4,CUST_00059
TICKET_0008235,STORE_03,2024-03-29 20:46:00,9.46,1,CUST_00775
TICKET_0008236,STORE_08,2024-01-30 10:15:00,10.39,1,CUST_00717
TICKET_0008237,STORE_08,2024-02-26 07:51:00,9.57,2,CUST_00383
TICKET_0008238,STORE_01,2024-01-19 18:40:00,24.83,3,CUST_00372
TICKET_0008239,STORE_02,2024-03-10 19:08:00,36.23,4,CUST_00819
TICKET_0008240,STORE_02,2024-02-03 10:42:00,14.67,2,CUST_00140
TICKET_0008241,STORE_07,2024-01-26 11:20:00,5.9,1,CUST_00406
TICKET_0008242,STORE_08,2024-01-20 09:30:00,3.4,1,CUST_00443
TICKET_0008243,STORE_08,2024-02-08 09:13:00,17.84,2,CUST_00472
TICKET_0008244,STORE_09,2024-03-06 21:36:00,5.86,1,CUST_00616
TICKET_0008245,STORE_07,2024-01-16 13:42:00,2.28,1,CUST_00757
TICKET_0008246,STORE_03,2024-02-10 08:33:00,33.3,3,CUST_00909
TICKET_0008247,STORE_03,2024-03-30 20:35:00,11.66,2,CUST_00972
TICKET_0008248,STORE_01,2024-02-22 18:23:00,15.92,2,CUST_00683
TICKET_0008249,STORE_09,2024-01-09 18:42:00,19.22,3,CUST_00777
TICKET_0008250,STORE_10,2024-01-29 17:17:00,10.36,1,CUST_00392
TICKET_0008251,STORE_10,2024-01-05 08:41:00,25.57,3,CUST_00777
TICKET_0008252,STORE_06,2024-03-17 08:13:00,19.78,4,CUST_00291
TICKET_0008253,STORE_07,2024-02-28 16:53:00,20.52,2,CUST_00984
TICKET_0008254,STORE_09,2024-01-20 14:48:00,16.55,2,CUST_00953
TICKET_0008255,STORE_03,2024-01-10 14:35:00,7.32,2,CUST_00732
TICKET_0008256,STORE_03,2024-02-08 16:18:00,19.06,2,CUST_00459
TICKET_0008257,STORE_10,2024-01-25 09:47:00,7.82,2,CUST_00801
TICKET_0008258,STORE_03,2024-02-26 17:46:00,14.57,1,CUST_00948
TICKET_0008259,STORE_04,2024-01-22 21:54:00,4.62,1,CUST_00095
TICKET_0008260,STORE_07,2024-03-19 19:41:00,47.15,5,CUST_00661
TICKET_0008261,STORE_06,2024-01-25 15:34:00,27.87,3,CUST_00038
TICKET_0008262,STORE_03,2024-01-03 12:13:00,20.69,2,CUST_00566
TICKET_0008263,STORE_06,2024-02-25 19:20:00,13.88,1,CUST_00161
TICKET_0008264,STORE_06,2024-03-17 15:10:00,19.19,4,CUST_00698
TICKET_0008265,STORE_03,2024-02-20 12:42:00,8.8,1,CUST_00540
TICKET_0008266,STORE_02,2024-01-16 20:53:00,8.71,1,CUST_00181
TICKET_0008267,STORE_10,2024-02-28 09:27:00,3.03,1,CUST_00743
TICKET_0008268,STORE_07,2024-02-29 18:32:00,29.85,5,CUST_00689
TICKET_0008269,STORE_02,2024-03-03 10:16:00,21.13,3,CUST_00446
TICKET_0008270,STORE_04,2024-01-11 10:09:00,18.99,2,CUST_00570
TICKET_0008271,STORE_01,2024-01-03 19:02:00,13.17,1,CUST_00366
TICKET_0008272,STORE_09,2024-01-13 18:15:00,21.68,2,CUST_00119
TICKET_0008273,STORE_05,2024-02-03 19:53:00,33.64,4,CUST_00233
TICKET_0008274,STORE_06,2024-01-31 18:49:00,14.57,3,CUST_00133
TICKET_0008275,STORE_04,2024-01-08 07:51:00,32.29,4,CUST_00101
TICKET_0008276,STORE_09,2024-02-11 21:28:00,14.2,1,CUST_00482
TICKET_0008277,STORE_08,2024-03-18 08:42:00,14.95,2,CUST_00843
TICKET_0008278,STORE_03,2024-03-30 12:06:00,15.25,2,CUST_00187
TICKET_0008279,STORE_10,2024-01-19 17:11:00,18.68,2,CUST_00383
TICKET_0008280,STORE_05,2024-02-17 11:24:00,5.81,1,CUST_00474
TICKET_0008281,STORE_08,2024-03-06 10:02:00,6.18,1,CUST_00496
TICKET_0008282,STORE_03,2024-02-12 21:28:00,15.96,2,CUST_00650
TICKET_0008283,STORE_03,2024-03-28 13:10:00,10.41,2,CUST_00440
TICKET_0008284,STORE_01,2024-02-19 18:48:00,24.88,3,CUST_00749
TICKET_0008285,STORE_05,2024-03-29 17:18:00,22.89,4,CUST_00729
TICKET_0008286,STORE_08,2024-01-26 16:37:00,33.62,4,CUST_00103
TICKET_0008287,STORE_10,2024-02-12 14:01:00,10.25,2,CUST_00135
TICKET_0008288,STORE_06,2024-01-02 17:02:00,14.45,1,CUST_00733
TICKET_0008289,STORE_02,2024-03-10 11:39:00,9.03,1,CUST_00704
TICKET_0008290,STORE_04,2024-03-11 16:55:00,4.94,1,CUST_00800
TICKET_0008291,STORE_04,2024-03-23 12:29:00,7.57,2,CUST_00177
TICKET_0008292,STORE_05,2024-03-31 13:15:00,43.17,5,CUST_00418
TICKET_0008293,STORE_04,2024-02-03 11:39:00,2.59,1,CUST_00608
TICKET_0008294,STORE_01,2024-02-08 14:45:00,15.75,2,CUST_00011
TICKET_0008295,STORE_05,2024-02-20 15:52:00,15.1,2,CUST_00717
TICKET_0008296,STORE_01,2024-02-15 07:57:00,5.92,1,CUST_00405
TICKET_0008297,STORE_07,2024-01-10 18:11:00,18.78,2,CUST_00988
TICKET_0008298,STORE_01,2024-03-08 21:03:00,4.46,1,CUST_00779
TICKET_0008299,STORE_03,2024-02-28 09:10:00,21.62,2,CUST_00141
TICKET_0008300,STORE_01,2024-02-03 21:46:00,28.88,3,CUST_00391
TICKET_0008301,STORE_10,2024-03-20 11:08:00,28.0,3,CUST_00557
TICKET_0008302,STORE_06,2024-01-17 17:44:00,38.43,6,CUST_00407
TICKET_0008303,STORE_09,2024-03-08 16:15:00,27.2,2,CUST_00548
TICKET_0008304,STORE_09,2024-02-08 07:19:00,8.96,1,CUST_00952
TICKET_0008305,STORE_03,2024-03-20 17:59:00,21.93,3,CUST_00344
TICKET_0008306,STORE_03,2024-02-01 16:02:00,9.94,1,CUST_00636
TICKET_0008307,STORE_04,2024-02-04 08:16:00,8.47,1,CUST_00947
TICKET_0008308,STORE_04,2024-01-07 11:08:00,8.86,1,CUST_00793
TICKET_0008309,STORE_01,2024-03-29 13:49:00,18.18,3,CUST_00546
TICKET_0008310,STORE_08,2024-01-25 14:11:00,17.12,2,CUST_00960
TICKET_0008311,STORE_02,2024-01-03 13:08:00,6.95,2,CUST_00992
TICKET_0008312,STORE_08,2024-02-13 07:43:00,7.22,2,CUST_00402
TICKET_0008313,STORE_01,2024-02-16 18:51:00,21.57,2,CUST_00895
TICKET_0008314,STORE_09,2024-01-23 21:57:00,23.38,3,CUST_00926
TICKET_0008315,STORE_10,2024-01-17 08:17:00,15.23,2,CUST_00552
TICKET_0008316,STORE_06,2024-03-29 09:32:00,8.63,1,CUST_00155
TICKET_0008317,STORE_10,2024-01-06 15:44:00,26.52,2,CUST_00452
TICKET_0008318,STORE_07,2024-01-09 07:45:00,31.28,3,CUST_00694
TICKET_0008319,STORE_03,2024-02-23 14:36:00,28.84,3,CUST_00588
TICKET_0008320,STORE_09,2024-01-26 17:24:00,14.66,2,CUST_00954
TICKET_0008321,STORE_07,2024-01-08 19:55:00,28.84,3,CUST_00124
TICKET_0008322,STORE_01,2024-01-20 16:48:00,12.9,2,CUST_00630
TICKET_0008323,STORE_02,2024-01-15 14:34:00,20.81,2,CUST_00768
TICKET_0008324,STORE_06,2024-02-06 16:01:00,15.25,3,CUST_00470
TICKET_0008325,STORE_03,2024-03-06 10:17:00,48.36,5,CUST_00825
TICKET_0008326,STORE_06,2024-03-28 18:44:00,19.79,4,CUST_00458
TICKET_0008327,STORE_06,2024-03-24 10:55:00,7.71,1,CUST_00284
TICKET_0008328,STORE_07,2024-02-25 10:27:00,22.41,2,CUST_00514
TICKET_0008329,STORE_01,2024-01-17 16:04:00,9.32,1,CUST_00674
TICKET_0008330,STORE_01,2024-01-31 15:00:00,5.94,2,CUST_00010
TICKET_0008331,STORE_05,2024-01-16 10:30:00,24.38,2,CUST_00417
TICKET_0008332,STORE_01,2024-01-05 13:29:00,31.9,4,CUST_00281
TICKET_0008333,STORE_10,2024-01-21 09:31:00,21.2,2,CUST_00514
TICKET_0008334,STORE_07,2024-02-13 11:00:00,13.37,3,CUST_00058
TICKET_0008335,STORE_05,2024-02-27 09:51:00,23.31,4,CUST_00306
TICKET_0008336,STORE_09,2024-02-07 16:02:00,15.39,3,CUST_00047
TICKET_0008337,STORE_02,2024-02-27 19:38:00,14.28,1,CUST_00672
TICKET_0008338,STORE_04,2024-01-01 11:52:00,2.55,1,CUST_00896
TICKET_0008339,STORE_06,2024-02-22 20:48:00,12.75,1,CUST_00959
TICKET_0008340,STORE_04,2024-02-10 12:32:00,7.63,1,CUST_00336
TICKET_0008341,STORE_04,2024-01-01 13:36:00,11.21,2,CUST_00392
TICKET_0008342,STORE_10,2024-02-21 14:30:00,17.34,2,CUST_00202
TICKET_0008343,STORE_08,2024-01-07 09:35:00,13.46,1,CUST_00724
TICKET_0008344,STORE_07,2024-03-21 13:45:00,15.21,2,CUST_00035
TICKET_0008345,STORE_09,2024-01-19 10:40:00,13.43,2,CUST_00666
TICKET_0008346,STORE_03,2024-03-08 16:58:00,13.83,2,CUST_00082
TICKET_0008347,STORE_09,2024-01-16 20:24:00,3.03,1,CUST_00272
TICKET_0008348,STORE_10,2024-01-10 21:01:00,14.2,2,CUST_00529
TICKET_0008349,STORE_08,2024-01-30 19:26:00,24.75,3,CUST_00713
TICKET_0008350,STORE_07,2024-02-28 21:17:00,6.63,1,CUST_00254
TICKET_0008351,STORE_09,2024-03-24 08:21:00,8.76,2,CUST_00514
TICKET_0008352,STORE_05,2024-01-17 11:24:00,24.14,2,CUST_00606
TICKET_0008353,STORE_06,2024-02-12 10:52:00,27.77,4,CUST_00192
TICKET_0008354,STORE_05,2024-02-15 09:15:00,59.07,5,CUST_00438
TICKET_0008355,STORE_02,2024-03-23 17:29:00,31.15,3,CUST_00069
TICKET_0008356,STORE_03,2024-03-31 18:57:00,27.22,3,CUST_00699
TICKET_0008357,STORE_08,2024-01-18 10:25:00,18.86,2,CUST_00831
TICKET_0008358,STORE_09,2024-03-12 09:48:00,5.58,1,CUST_00204
TICKET_0008359,STORE_10,2024-01-23 16:53:00,26.64,2,CUST_00360
TICKET_0008360,STORE_06,2024-02-25 14:46:00,38.42,4,CUST_00316
TICKET_0008361,STORE_09,2024-03-16 21:42:00,10.43,1,CUST_00436
TICKET_0008362,STORE_08,2024-03-03 15:45:00,2.95,1,CUST_00777
TICKET_0008363,STORE_01,2024-01-03 12:14:00,12.08,2,CUST_00264
TICKET_0008364,STORE_04,2024-01-13 18:36:00,13.82,1,CUST_00724
TICKET_0008365,STORE_01,2024-01-03 21:14:00,2.99,1,CUST_00204
TICKET_0008366,STORE_02,2024-03-12 15:50:00,9.74,2,CUST_00105
TICKET_0008367,STORE_08,2024-03-04 20:28:00,37.38,4,CUST_00442
TICKET_0008368,STORE_01,2024-01-10 10:27:00,14.52,3,CUST_00665
TICKET_0008369,STORE_07,2024-03-16 15:11:00,15.42,2,CUST_00305
TICKET_0008370,STORE_01,2024-03-07 09:54:00,8.57,2,CUST_00237
TICKET_0008371,STORE_04,2024-02-09 09:31:00,3.36,1,CUST_00540
TICKET_0008372,STORE_01,2024-03-11 17:58:00,48.54,5,CUST_00321
TICKET_0008373,STORE_10,2024-03-15 07:17:00,27.46,3,CUST_00668
TICKET_0008374,STORE_06,2024-01-23 17:56:00,23.21,3,CUST_00334
TICKET_0008375,STORE_08,2024-03-29 15:47:00,11.89,2,CUST_00095
TICKET_0008376,STORE_07,2024-02-29 16:38:00,17.96,2,CUST_00470
TICKET_0008377,STORE_02,2024-02-10 12:23:00,29.25,3,CUST_00325
TICKET_0008378,STORE_07,2024-01-14 11:03:00,21.87,3,CUST_00328
TICKET_0008379,STORE_08,2024-03-19 11:56:00,7.76,1,CUST_00999
TICKET_0008380,STORE_06,2024-02-20 20:43:00,31.38,3,CUST_00582
TICKET_0008381,STORE_08,2024-01-03 11:51:00,40.53,5,CUST_00890
TICKET_0008382,STORE_04,2024-01-05 14:56:00,7.63,1,CUST_00753
TICKET_0008383,STORE_04,2024-03-07 14:23:00,9.81,1,CUST_00117
TICKET_0008384,STORE_07,2024-01-17 16:58:00,26.5,3,CUST_00888
TICKET_0008385,STORE_10,2024-03-23 20:25:00,47.76,5,CUST_00842
TICKET_0008386,STORE_05,2024-01-10 09:22:00,17.86,2,CUST_00565
TICKET_0008387,STORE_09,2024-02-17 20:03:00,29.62,3,CUST_00830
TICKET_0008388,STORE_10,2024-01-16 14:23:00,9.36,1,CUST_00496
TICKET_0008389,STORE_01,2024-02-10 15:30:00,27.4,3,CUST_00239
TICKET_0008390,STORE_01,2024-01-29 14:01:00,9.76,2,CUST_00923
TICKET_0008391,STORE_07,2024-01-19 13:21:00,35.72,5,CUST_00609
TICKET_0008392,STORE_05,2024-02-23 07:35:00,8.59,1,CUST_00502
TICKET_0008393,STORE_01,2024-01-20 12:03:00,30.05,3,CUST_00408
TICKET_0008394,STORE_04,2024-02-03 15:47:00,18.94,2,CUST_00334
TICKET_0008395,STORE_09,2024-01-13 09:28:00,21.85,2,CUST_00372
TICKET_0008396,STORE_07,2024-02-10 18:04:00,20.52,2,CUST_00608
TICKET_0008397,STORE_01,2024-02-24 07:20:00,2.29,1,CUST_00238
TICKET_0008398,STORE_05,2024-03-01 15:55:00,3.49,1,CUST_00035
TICKET_0008399,STORE_10,2024-03-17 17:33:00,21.33,3,CUST_00757
TICKET_0008400,STORE_05,2024-02-08 12:11:00,12.53,2,CUST_00478
TICKET_0008401,STORE_10,2024-02-12 09:30:00,17.99,2,CUST_00828
TICKET_0008402,STORE_02,2024-02-21 17:13:00,3.43,1,CUST_00742
TICKET_0008403,STORE_05,2024-01-19 17:50:00,7.68,1,CUST_00847
TICKET_0008404,STORE_10,2024-01-21 11:55:00,25.84,2,CUST_00111
TICKET_0008405,STORE_05,2024-01-08 14:59:00,34.11,4,CUST_00641
TICKET_0008406,STORE_03,2024-02-16 07:14:00,14.75,1,CUST_00494
TICKET_0008407,STORE_09,2024-01-05 08:03:00,14.96,1,CUST_00139
TICKET_0008408,STORE_06,2024-03-21 20:58:00,42.57,6,CUST_00292
TICKET_0008409,STORE_10,2024-01-16 16:07:00,29.43,3,CUST_00606
TICKET_0008410,STORE_03,2024-03-22 11:11:00,4.63,1,CUST_00783
TICKET_0008411,STORE_08,2024-01-23 07:20:00,40.51,4,CUST_00847
TICKET_0008412,STORE_04,2024-02-23 20:30:00,5.66,2,CUST_00436
TICKET_0008413,STORE_03,2024-03-16 18:01:00,6.03,1,CUST_00410
TICKET_0008414,STORE_03,2024-02-12 13:33:00,18.91,2,CUST_00638
TICKET_0008415,STORE_08,2024-01-07 14:25:00,47.83,5,CUST_00174
TICKET_0008416,STORE_09,2024-03-10 09:18:00,19.79,2,CUST_00047
TICKET_0008417,STORE_08,2024-03-31 15:41:00,4.41,1,CUST_00680
TICKET_0008418,STORE_04,2024-03-17 21:31:00,8.22,1,CUST_00395
TICKET_0008419,STORE_03,2024-01-23 21:01:00,41.54,4,CUST_00397
TICKET_0008420,STORE_05,2024-02-21 11:02:00,19.79,2,CUST_00577
TICKET_0008421,STORE_07,2024-03-04 16:49:00,4.95,1,CUST_00250
TICKET_0008422,STORE_03,2024-01-10 15:33:00,19.24,2,CUST_00153
TICKET_0008423,STORE_10,2024-01-01 07:33:00,21.16,3,CUST_00020
TICKET_0008424,STORE_07,2024-01-15 16:30:00,23.54,2,CUST_00769
TICKET_0008425,STORE_07,2024-02-09 20:57:00,9.3,1,CUST_00289
TICKET_0008426,STORE_06,2024-01-20 11:28:00,20.11,2,CUST_00642
TICKET_0008427,STORE_02,2024-03-17 20:31:00,9.34,3,CUST_00123
TICKET_0008428,STORE_04,2024-03-14 16:31:00,3.02,1,CUST_00220
TICKET_0008429,STORE_03,2024-02-25 14:06:00,19.42,3,CUST_00263
TICKET_0008430,STORE_06,2024-03-22 14:22:00,16.36,2,CUST_00480
TICKET_0008431,STORE_01,2024-02-23 18:12:00,3.03,1,CUST_00257
TICKET_0008432,STORE_07,2024-02-16 09:08:00,11.75,1,CUST_00254
TICKET_0008433,STORE_05,2024-03-14 18:53:00,4.74,1,CUST_00481
TICKET_0008434,STORE_01,2024-01-16 09:41:00,11.5,2,CUST_00701
TICKET_0008435,STORE_05,2024-03-12 16:24:00,8.22,1,CUST_00620
TICKET_0008436,STORE_05,2024-02-21 14:43:00,37.04,4,CUST_00689
TICKET_0008437,STORE_06,2024-03-20 09:08:00,9.74,1,CUST_00130
TICKET_0008438,STORE_05,2024-03-31 14:17:00,13.66,3,CUST_00639
TICKET_0008439,STORE_05,2024-02-05 15:52:00,15.14,2,CUST_00545
TICKET_0008440,STORE_01,2024-02-03 21:18:00,20.78,2,CUST_00288
TICKET_0008441,STORE_08,2024-03-31 17:58:00,3.33,1,CUST_00150
TICKET_0008442,STORE_05,2024-02-02 20:57:00,23.5,2,CUST_00278
TICKET_0008443,STORE_01,2024-01-05 17:58:00,20.7,2,CUST_00486
TICKET_0008444,STORE_08,2024-01-17 07:44:00,15.05,2,CUST_00935
TICKET_0008445,STORE_03,2024-02-07 10:23:00,29.42,3,CUST_00973
TICKET_0008446,STORE_02,2024-02-10 11:53:00,15.73,2,CUST_00416
TICKET_0008447,STORE_04,2024-02-23 09:11:00,19.6,2,CUST_00920
TICKET_0008448,STORE_06,2024-02-27 16:12:00,12.5,2,CUST_00490
TICKET_0008449,STORE_09,2024-01-07 21:49:00,8.84,1,CUST_00706
TICKET_0008450,STORE_04,2024-01-31 07:09:00,12.01,1,CUST_00849
TICKET_0008451,STORE_07,2024-03-27 12:13:00,17.06,2,CUST_00678
TICKET_0008452,STORE_10,2024-03-30 21:16:00,6.2,1,CUST_00894
TICKET_0008453,STORE_03,2024-02-14 13:11:00,33.51,4,CUST_00811
TICKET_0008454,STORE_02,2024-01-02 18:12:00,5.36,2,CUST_00417
TICKET_0008455,STORE_04,2024-03-23 10:41:00,22.55,2,CUST_00901
TICKET_0008456,STORE_06,2024-01-28 19:44:00,12.4,1,CUST_00368
TICKET_0008457,STORE_07,2024-01-23 10:21:00,8.62,1,CUST_00149
TICKET_0008458,STORE_01,2024-03-08 21:37:00,13.2,2,CUST_00621
TICKET_0008459,STORE_07,2024-01-06 16:58:00,9.42,2,CUST_00223
TICKET_0008460,STORE_04,2024-02-29 18:03:00,10.22,1,CUST_00946
TICKET_0008461,STORE_08,2024-01-13 17:47:00,13.07,3,CUST_00916
TICKET_0008462,STORE_05,2024-02-12 07:42:00,26.53,3,CUST_00348
TICKET_0008463,STORE_09,2024-03-31 15:43:00,9.02,2,CUST_00874
TICKET_0008464,STORE_09,2024-03-15 18:22:00,40.39,4,CUST_00291
TICKET_0008465,STORE_06,2024-01-02 12:56:00,36.52,5,CUST_00711
TICKET_0008466,STORE_09,2024-02-21 13:34:00,19.54,2,CUST_00557
TICKET_0008467,STORE_03,2024-01-31 07:34:00,15.13,2,CUST_00537
TICKET_0008468,STORE_10,2024-02-03 21:05:00,20.05,3,CUST_00367
TICKET_0008469,STORE_06,2024-03-12 07:13:00,43.23,4,CUST_00721
TICKET_0008470,STORE_06,2024-01-16 11:20:00,12.26,2,CUST_00728
TICKET_0008471,STORE_05,2024-02-04 18:14:00,16.29,2,CUST_00535
TICKET_0008472,STORE_08,2024-02-14 09:49:00,6.31,2,CUST_00229
TICKET_0008473,STORE_04,2024-03-16 17:50:00,11.79,1,CUST_00628
TICKET_0008474,STORE_10,2024-03-21 14:00:00,35.63,5,CUST_00370
TICKET_0008475,STORE_05,2024-02-12 10:24:00,15.57,4,CUST_00745
TICKET_0008476,STORE_08,2024-02-06 17:11:00,12.59,3,CUST_00807
TICKET_0008477,STORE_04,2024-03-13 10:36:00,27.6,3,CUST_00438
TICKET_0008478,STORE_09,2024-03-10 09:07:00,21.17,2,CUST_00481
TICKET_0008479,STORE_07,2024-01-11 11:17:00,2.39,1,CUST_00350
TICKET_0008480,STORE_01,2024-03-07 19:25:00,28.48,3,CUST_00660
TICKET_0008481,STORE_07,2024-01-14 18:05:00,54.4,6,CUST_00314
TICKET_0008482,STORE_03,2024-01-11 14:48:00,2.32,1,CUST_00683
TICKET_0008483,STORE_04,2024-02-24 08:35:00,5.53,1,CUST_00557
TICKET_0008484,STORE_01,2024-03-10 18:16:00,8.1,2,CUST_00162
TICKET_0008485,STORE_02,2024-01-18 10:57:00,24.22,2,CUST_00444
TICKET_0008486,STORE_02,2024-02-08 19:04:00,17.64,2,CUST_00062
TICKET_0008487,STORE_01,2024-02-21 21:16:00,3.44,1,CUST_00010
TICKET_0008488,STORE_10,2024-01-21 10:57:00,14.21,2,CUST_00442
TICKET_0008489,STORE_02,2024-03-28 13:34:00,22.99,2,CUST_00818
TICKET_0008490,STORE_04,2024-01-24 15:52:00,11.6,2,CUST_00137
TICKET_0008491,STORE_10,2024-01-22 12:44:00,9.73,1,CUST_00790
TICKET_0008492,STORE_09,2024-02-05 17:59:00,24.21,3,CUST_00316
TICKET_0008493,STORE_02,2024-01-28 09:54:00,5.05,1,CUST_00286
TICKET_0008494,STORE_07,2024-03-20 20:39:00,10.01,1,CUST_00045
TICKET_0008495,STORE_08,2024-03-18 21:55:00,30.41,3,CUST_00186
TICKET_0008496,STORE_05,2024-03-30 16:46:00,36.81,5,CUST_00525
TICKET_0008497,STORE_08,2024-02-20 09:40:00,21.86,2,CUST_00953
TICKET_0008498,STORE_03,2024-01-19 19:52:00,13.6,2,CUST_00945
TICKET_0008499,STORE_02,2024-03-01 20:09:00,6.16,1,CUST_00072
TICKET_0008500,STORE_06,2024-03-16 13:46:00,16.21,4,CUST_00052
TICKET_0008501,STORE_04,2024-03-15 21:12:00,16.51,3,CUST_00583
TICKET_0008502,STORE_09,2024-02-21 15:37:00,14.41,2,CUST_00143
TICKET_0008503,STORE_06,2024-01-27 12:23:00,35.41,4,CUST_00776
TICKET_0008504,STORE_05,2024-02-17 20:54:00,14.79,1,CUST_00565
TICKET_0008505,STORE_08,2024-03-26 11:23:00,22.62,3,CUST_00681
TICKET_0008506,STORE_06,2024-03-12 08:04:00,16.21,2,CUST_00629
TICKET_0008507,STORE_06,2024-03-19 11:40:00,33.26,3,CUST_00569
TICKET_0008508,STORE_10,2024-02-17 16:20:00,25.06,3,CUST_00289
TICKET_0008509,STORE_01,2024-03-29 10:38:00,18.76,2,CUST_00210
TICKET_0008510,STORE_07,2024-03-21 21:18:00,23.06,2,CUST_00998
TICKET_0008511,STORE_07,2024-01-31 14:17:00,32.95,3,CUST_00734
TICKET_0008512,STORE_07,2024-02-10 15:20:00,18.4,4,CUST_00536
TICKET_0008513,STORE_01,2024-03-10 18:49:00,12.56,2,CUST_00368
TICKET_0008514,STORE_08,2024-03-19 14:29:00,22.73,3,CUST_00192
TICKET_0008515,STORE_10,2024-03-14 07:11:00,16.17,3,CUST_00977
TICKET_0008516,STORE_07,2024-02-16 16:38:00,20.48,2,CUST_00581
TICKET_0008517,STORE_10,2024-01-14 15:45:00,40.1,4,CUST_00027
TICKET_0008518,STORE_02,2024-03-18 21:22:00,32.25,4,CUST_00513
TICKET_0008519,STORE_10,2024-03-19 15:20:00,9.32,2,CUST_00490
TICKET_0008520,STORE_02,2024-02-12 07:14:00,22.61,4,CUST_00562
TICKET_0008521,STORE_08,2024-03-04 15:41:00,9.54,1,CUST_00229
TICKET_0008522,STORE_02,2024-01-25 19:17:00,20.2,2,CUST_00002
TICKET_0008523,STORE_02,2024-02-18 19:19:00,20.28,3,CUST_00637
TICKET_0008524,STORE_01,2024-01-06 20:48:00,3.05,1,CUST_00862
TICKET_0008525,STORE_04,2024-02-09 19:28:00,32.05,4,CUST_00348
TICKET_0008526,STORE_06,2024-01-16 19:11:00,47.14,4,CUST_00348
TICKET_0008527,STORE_02,2024-02-24 15:56:00,36.07,5,CUST_00927
TICKET_0008528,STORE_04,2024-01-16 13:25:00,2.42,1,CUST_00121
TICKET_0008529,STORE_02,2024-02-26 12:55:00,17.27,2,CUST_00440
TICKET_0008530,STORE_07,2024-03-21 07:34:00,24.55,3,CUST_00956
TICKET_0008531,STORE_10,2024-02-07 10:56:00,25.76,2,CUST_00217
TICKET_0008532,STORE_08,2024-02-14 08:37:00,18.49,3,CUST_00954
TICKET_0008533,STORE_05,2024-03-19 09:44:00,45.1,5,CUST_00729
TICKET_0008534,STORE_01,2024-03-07 08:54:00,9.28,1,CUST_00028
TICKET_0008535,STORE_08,2024-01-11 17:49:00,18.57,2,CUST_00330
TICKET_0008536,STORE_09,2024-02-02 12:32:00,24.39,2,CUST_00874
TICKET_0008537,STORE_10,2024-01-26 16:21:00,14.83,2,CUST_00454
TICKET_0008538,STORE_01,2024-03-05 16:19:00,17.63,2,CUST_00251
TICKET_0008539,STORE_04,2024-01-09 07:22:00,26.34,2,CUST_00763
TICKET_0008540,STORE_04,2024-02-21 21:01:00,16.13,2,CUST_00479
TICKET_0008541,STORE_04,2024-03-20 12:49:00,9.14,1,CUST_00187
TICKET_0008542,STORE_04,2024-02-19 11:59:00,6.25,1,CUST_00196
TICKET_0008543,STORE_01,2024-03-28 15:32:00,17.16,2,CUST_00572
TICKET_0008544,STORE_05,2024-03-25 19:41:00,15.87,3,CUST_00553
TICKET_0008545,STORE_01,2024-01-04 17:01:00,4.5,1,CUST_00043
TICKET_0008546,STORE_03,2024-02-12 20:45:00,9.56,1,CUST_00999
TICKET_0008547,STORE_05,2024-01-06 17:36:00,27.98,4,CUST_00974
TICKET_0008548,STORE_02,2024-02-28 18:10:00,23.3,2,CUST_00349
TICKET_0008549,STORE_01,2024-03-07 07:30:00,15.73,3,CUST_00427
TICKET_0008550,STORE_08,2024-02-07 19:56:00,15.03,2,CUST_00552
TICKET_0008551,STORE_09,2024-03-24 17:28:00,13.83,2,CUST_00964
TICKET_0008552,STORE_01,2024-01-24 10:45:00,40.13,6,CUST_00545
TICKET_0008553,STORE_06,2024-01-28 15:17:00,9.5,2,CUST_00761
TICKET_0008554,STORE_10,2024-02-11 19:18:00,49.97,4,CUST_00609
TICKET_0008555,STORE_06,2024-03-17 13:23:00,8.13,1,CUST_00594
TICKET_0008556,STORE_06,2024-02-22 14:35:00,32.53,5,CUST_00415
TICKET_0008557,STORE_09,2024-03-28 19:28:00,7.71,2,CUST_00561
TICKET_0008558,STORE_05,2024-01-05 18:18:00,23.43,2,CUST_00272
TICKET_0008559,STORE_07,2024-02-07 07:31:00,25.04,4,CUST_00491
TICKET_0008560,STORE_05,2024-01-01 10:55:00,30.26,4,CUST_00155
TICKET_0008561,STORE_03,2024-02-10 19:43:00,3.5,1,CUST_00704
TICKET_0008562,STORE_09,2024-01-26 20:46:00,8.06,1,CUST_00738
TICKET_0008563,STORE_10,2024-02-17 14:44:00,14.86,1,CUST_00809
TICKET_0008564,STORE_03,2024-03-01 20:00:00,10.94,2,CUST_00152
TICKET_0008565,STORE_01,2024-01-05 15:59:00,20.87,2,CUST_00764
TICKET_0008566,STORE_02,2024-01-23 13:49:00,16.18,2,CUST_00460
TICKET_0008567,STORE_02,2024-03-24 13:15:00,14.02,1,CUST_00907
TICKET_0008568,STORE_03,2024-01-20 17:51:00,2.41,1,CUST_00372
TICKET_0008569,STORE_10,2024-02-05 09:26:00,14.28,2,CUST_00582
TICKET_0008570,STORE_02,2024-02-29 19:54:00,2.91,1,CUST_00130
TICKET_0008571,STORE_04,2024-03-03 14:17:00,7.93,1,CUST_00354
TICKET_0008572,STORE_07,2024-02-12 17:33:00,14.5,1,CUST_00042
TICKET_0008573,STORE_09,2024-01-10 17:28:00,18.59,2,CUST_00852
TICKET_0008574,STORE_01,2024-02-05 08:28:00,5.92,1,CUST_00372
TICKET_0008575,STORE_10,2024-02-15 07:17:00,7.61,1,CUST_00302
TICKET_0008576,STORE_02,2024-01-27 10:49:00,5.71,1,CUST_00430
TICKET_0008577,STORE_10,2024-03-19 19:08:00,20.5,3,CUST_00270
TICKET_0008578,STORE_05,2024-01-15 10:08:00,11.04,2,CUST_00790
TICKET_0008579,STORE_04,2024-03-02 14:00:00,39.78,5,CUST_00842
TICKET_0008580,STORE_07,2024-03-28 16:50:00,4.68,1,CUST_00421
TICKET_0008581,STORE_04,2024-02-14 21:35:00,17.38,2,CUST_00205
TICKET_0008582,STORE_08,2024-03-13 12:33:00,20.91,2,CUST_00499
TICKET_0008583,STORE_03,2024-01-18 20:58:00,8.05,1,CUST_00311
TICKET_0008584,STORE_07,2024-02-24 10:32:00,28.83,3,CUST_00455
TICKET_0008585,STORE_07,2024-02-14 10:23:00,2.72,1,CUST_00057
TICKET_0008586,STORE_07,2024-03-18 18:07:00,15.68,2,CUST_00278
TICKET_0008587,STORE_08,2024-02-21 08:38:00,2.25,1,CUST_00960
TICKET_0008588,STORE_05,2024-03-26 18:52:00,20.02,2,CUST_00871
TICKET_0008589,STORE_07,2024-02-29 10:18:00,7.82,1,CUST_00737
TICKET_0008590,STORE_09,2024-03-19 19:05:00,10.24,2,CUST_00497
TICKET_0008591,STORE_04,2024-03-17 15:32:00,14.79,1,CUST_00384
TICKET_0008592,STORE_08,2024-02-11 15:22:00,14.89,2,CUST_00013
TICKET_0008593,STORE_06,2024-02-24 10:38:00,34.06,4,CUST_00127
TICKET_0008594,STORE_09,2024-01-30 10:22:00,13.57,2,CUST_00480
TICKET_0008595,STORE_07,2024-03-14 08:41:00,6.14,1,CUST_00268
TICKET_0008596,STORE_05,2024-03-02 18:54:00,26.27,3,CUST_00287
TICKET_0008597,STORE_09,2024-01-27 08:55:00,11.78,2,CUST_00073
TICKET_0008598,STORE_08,2024-03-02 18:03:00,22.12,2,CUST_00252
TICKET_0008599,STORE_08,2024-03-17 16:51:00,13.71,2,CUST_00118
TICKET_0008600,STORE_05,2024-03-11 08:41:00,4.67,1,CUST_00711
TICKET_0008601,STORE_06,2024-02-05 20:59:00,6.47,1,CUST_00123
TICKET_0008602,STORE_04,2024-03-19 08:57:00,18.47,2,CUST_00819
TICKET_0008603,STORE_03,2024-03-09 16:13:00,22.37,2,CUST_00079
TICKET_0008604,STORE_07,2024-02-24 08:38:00,4.41,1,CUST_00033
TICKET_0008605,STORE_01,2024-01-11 14:07:00,8.86,1,CUST_00072
TICKET_0008606,STORE_09,2024-01-14 13:36:00,20.39,2,CUST_00043
TICKET_0008607,STORE_09,2024-01-25 13:00:00,26.46,4,CUST_00301
TICKET_0008608,STORE_08,2024-01-18 12:17:00,7.72,2,CUST_00380
TICKET_0008609,STORE_07,2024-03-30 19:59:00,30.64,5,CUST_00428
TICKET_0008610,STORE_08,2024-01-04 09:39:00,33.52,4,CUST_00127
TICKET_0008611,STORE_02,2024-01-12 21:54:00,38.34,5,CUST_00883
TICKET_0008612,STORE_02,2024-01-22 20:19:00,2.96,1,CUST_00681
TICKET_0008613,STORE_06,2024-03-09 20:49:00,19.48,4,CUST_00577
TICKET_0008614,STORE_05,2024-02-21 07:43:00,38.63,4,CUST_00421
TICKET_0008615,STORE_05,2024-02-17 18:59:00,23.61,3,CUST_00855
TICKET_0008616,STORE_08,2024-03-09 21:01:00,9.01,2,CUST_00048
TICKET_0008617,STORE_03,2024-03-31 18:05:00,7.7,1,CUST_00742
TICKET_0008618,STORE_08,2024-03-03 12:50:00,17.09,2,CUST_00016
TICKET_0008619,STORE_02,2024-01-06 13:39:00,25.69,3,CUST_00770
TICKET_0008620,STORE_05,2024-02-27 20:11:00,22.29,2,CUST_00532
TICKET_0008621,STORE_05,2024-03-07 10:39:00,7.3,2,CUST_00703
TICKET_0008622,STORE_10,2024-03-19 20:48:00,24.57,3,CUST_00568
TICKET_0008623,STORE_06,2024-01-25 08:01:00,2.6,1,CUST_00715
TICKET_0008624,STORE_10,2024-03-15 20:58:00,21.28,3,CUST_00300
TICKET_0008625,STORE_10,2024-01-14 14:45:00,27.56,4,CUST_00272
TICKET_0008626,STORE_09,2024-03-31 12:56:00,23.49,3,CUST_00299
TICKET_0008627,STORE_10,2024-02-02 15:34:00,16.38,2,CUST_00524
TICKET_0008628,STORE_02,2024-03-10 08:55:00,10.3,1,CUST_00289
TICKET_0008629,STORE_02,2024-01-31 16:23:00,12.69,1,CUST_00384
TICKET_0008630,STORE_03,2024-01-17 10:42:00,19.28,2,CUST_00650
TICKET_0008631,STORE_06,2024-01-16 10:21:00,32.41,5,CUST_00977
TICKET_0008632,STORE_07,2024-01-25 09:57:00,9.1,2,CUST_00668
TICKET_0008633,STORE_04,2024-03-18 20:20:00,6.5,1,CUST_00195
TICKET_0008634,STORE_05,2024-03-24 08:59:00,39.43,4,CUST_00853
TICKET_0008635,STORE_06,2024-02-28 17:53:00,21.29,3,CUST_00001
TICKET_0008636,STORE_05,2024-01-17 19:19:00,9.47,2,CUST_00021
TICKET_0008637,STORE_10,2024-02-15 17:23:00,24.67,2,CUST_00131
TICKET_0008638,STORE_05,2024-02-14 07:41:00,38.07,5,CUST_00519
TICKET_0008639,STORE_07,2024-02-19 18:19:00,2.53,1,CUST_00063
TICKET_0008640,STORE_09,2024-03-02 15:50:00,21.34,2,CUST_00783
TICKET_0008641,STORE_06,2024-03-06 17:52:00,33.73,3,CUST_00607
TICKET_0008642,STORE_07,2024-01-27 17:12:00,42.0,5,CUST_00661
TICKET_0008643,STORE_07,2024-02-25 20:27:00,32.97,3,CUST_00513
TICKET_0008644,STORE_10,2024-01-09 10:00:00,30.45,3,CUST_00313
TICKET_0008645,STORE_05,2024-01-16 14:58:00,13.9,1,CUST_00363
TICKET_0008646,STORE_02,2024-02-27 17:19:00,21.16,2,CUST_00714
TICKET_0008647,STORE_04,2024-03-08 21:19:00,3.36,1,CUST_00440
TICKET_0008648,STORE_05,2024-03-19 19:16:00,29.38,3,CUST_00067
TICKET_0008649,STORE_03,2024-02-27 09:45:00,11.05,1,CUST_00968
TICKET_0008650,STORE_05,2024-01-26 19:08:00,15.59,2,CUST_00357
TICKET_0008651,STORE_01,2024-02-17 12:40:00,4.89,1,CUST_00960
TICKET_0008652,STORE_09,2024-02-23 14:35:00,3.0,1,CUST_00062
TICKET_0008653,STORE_07,2024-01-02 10:50:00,50.71,6,CUST_00927
TICKET_0008654,STORE_01,2024-02-15 09:56:00,4.6,1,CUST_00775
TICKET_0008655,STORE_05,2024-01-24 12:49:00,37.67,5,CUST_00997
TICKET_0008656,STORE_06,2024-01-03 21:45:00,15.33,2,CUST_00765
TICKET_0008657,STORE_09,2024-02-11 16:37:00,28.54,3,CUST_00700
TICKET_0008658,STORE_09,2024-02-23 20:48:00,22.68,2,CUST_00224
TICKET_0008659,STORE_09,2024-03-27 12:06:00,2.72,1,CUST_00379
TICKET_0008660,STORE_02,2024-02-09 10:18:00,14.25,1,CUST_00214
TICKET_0008661,STORE_01,2024-02-01 19:25:00,11.87,2,CUST_00509
TICKET_0008662,STORE_02,2024-02-27 10:14:00,27.03,2,CUST_00343
TICKET_0008663,STORE_03,2024-03-12 11:41:00,9.29,1,CUST_00616
TICKET_0008664,STORE_09,2024-03-29 18:23:00,13.9,2,CUST_00187
TICKET_0008665,STORE_03,2024-02-26 10:53:00,13.16,2,CUST_00338
TICKET_0008666,STORE_10,2024-01-13 07:23:00,4.27,1,CUST_00474
TICKET_0008667,STORE_09,2024-01-31 11:35:00,2.22,1,CUST_00623
TICKET_0008668,STORE_01,2024-01-27 13:07:00,13.8,1,CUST_00983
TICKET_0008669,STORE_04,2024-01-28 08:59:00,6.82,2,CUST_00261
TICKET_0008670,STORE_06,2024-01-26 15:16:00,17.54,2,CUST_00186
TICKET_0008671,STORE_05,2024-03-20 19:56:00,5.83,1,CUST_00737
TICKET_0008672,STORE_07,2024-03-15 11:02:00,42.01,5,CUST_00819
TICKET_0008673,STORE_07,2024-02-26 17:29:00,10.13,1,CUST_00659
TICKET_0008674,STORE_01,2024-01-05 21:28:00,9.25,1,CUST_00966
TICKET_0008675,STORE_01,2024-01-25 11:51:00,27.08,3,CUST_00222
TICKET_0008676,STORE_09,2024-01-10 10:45:00,8.99,1,CUST_00635
TICKET_0008677,STORE_09,2024-02-04 16:36:00,10.18,2,CUST_00117
TICKET_0008678,STORE_02,2024-01-13 12:14:00,25.79,5,CUST_00387
TICKET_0008679,STORE_02,2024-02-01 21:03:00,18.68,3,CUST_00083
TICKET_0008680,STORE_02,2024-01-13 09:20:00,29.45,5,CUST_00467
TICKET_0008681,STORE_03,2024-02-03 15:21:00,12.33,2,CUST_00131
TICKET_0008682,STORE_03,2024-01-16 15:22:00,8.96,2,CUST_00104
TICKET_0008683,STORE_01,2024-03-26 20:28:00,14.33,1,CUST_00329
TICKET_0008684,STORE_05,2024-01-22 10:49:00,15.07,2,CUST_00393
TICKET_0008685,STORE_01,2024-03-29 20:05:00,5.89,2,CUST_00912
TICKET_0008686,STORE_09,2024-02-14 09:02:00,34.68,3,CUST_00100
TICKET_0008687,STORE_01,2024-02-01 11:21:00,13.89,2,CUST_00558
TICKET_0008688,STORE_03,2024-03-09 10:33:00,17.78,2,CUST_00918
TICKET_0008689,STORE_03,2024-01-13 21:24:00,11.46,2,CUST_00091
TICKET_0008690,STORE_08,2024-01-29 16:00:00,29.99,3,CUST_00830
TICKET_0008691,STORE_06,2024-02-14 08:01:00,31.1,4,CUST_00606
TICKET_0008692,STORE_01,2024-02-19 13:17:00,2.37,1,CUST_00843
TICKET_0008693,STORE_06,2024-01-24 21:41:00,26.86,3,CUST_00348
TICKET_0008694,STORE_10,2024-01-15 08:13:00,7.69,1,CUST_00095
TICKET_0008695,STORE_06,2024-02-02 17:53:00,33.31,5,CUST_00448
TICKET_0008696,STORE_08,2024-03-06 19:19:00,21.34,2,CUST_00589
TICKET_0008697,STORE_01,2024-03-18 11:15:00,5.69,1,CUST_00809
TICKET_0008698,STORE_01,2024-03-20 15:59:00,31.38,3,CUST_00591
TICKET_0008699,STORE_01,2024-02-20 07:09:00,9.83,1,CUST_00805
TICKET_0008700,STORE_01,2024-03-29 11:01:00,48.02,4,CUST_00500
TICKET_0008701,STORE_01,2024-02-02 19:18:00,17.32,2,CUST_00466
TICKET_0008702,STORE_08,2024-02-02 07:52:00,10.15,2,CUST_00474
TICKET_0008703,STORE_03,2024-03-11 07:47:00,10.31,1,CUST_00627
TICKET_0008704,STORE_09,2024-02-05 08:52:00,7.09,1,CUST_00274
TICKET_0008705,STORE_01,2024-01-20 21:34:00,8.04,1,CUST_00404
TICKET_0008706,STORE_03,2024-01-01 19:24:00,21.12,3,CUST_00490
TICKET_0008707,STORE_01,2024-01-12 18:46:00,12.0,1,CUST_00202
TICKET_0008708,STORE_05,2024-02-26 16:07:00,6.16,1,CUST_00715
TICKET_0008709,STORE_03,2024-03-12 13:09:00,15.45,2,CUST_00532
TICKET_0008710,STORE_03,2024-03-06 12:18:00,9.64,1,CUST_00443
TICKET_0008711,STORE_01,2024-01-29 14:45:00,6.77,1,CUST_00223
TICKET_0008712,STORE_04,2024-03-11 12:43:00,6.89,1,CUST_00724
TICKET_0008713,STORE_03,2024-02-29 13:16:00,8.55,2,CUST_00443
TICKET_0008714,STORE_10,2024-03-31 16:43:00,25.43,3,CUST_00255
TICKET_0008715,STORE_10,2024-02-09 18:38:00,29.89,4,CUST_00609
TICKET_0008716,STORE_07,2024-01-19 17:21:00,9.32,1,CUST_00352
TICKET_0008717,STORE_03,2024-03-25 18:03:00,13.28,2,CUST_00788
TICKET_0008718,STORE_09,2024-02-08 18:20:00,33.62,4,CUST_00174
TICKET_0008719,STORE_03,2024-01-26 16:19:00,26.97,4,CUST_00640
TICKET_0008720,STORE_04,2024-02-28 11:51:00,3.03,1,CUST_00135
TICKET_0008721,STORE_01,2024-03-05 18:16:00,3.08,1,CUST_00120
TICKET_0008722,STORE_01,2024-03-31 17:44:00,6.32,1,CUST_00705
TICKET_0008723,STORE_05,2024-01-08 16:04:00,35.57,4,CUST_00186
TICKET_0008724,STORE_02,2024-03-26 10:55:00,11.49,2,CUST_00869
TICKET_0008725,STORE_08,2024-03-26 08:37:00,8.9,1,CUST_00449
TICKET_0008726,STORE_04,2024-01-15 12:33:00,2.64,1,CUST_00414
TICKET_0008727,STORE_04,2024-01-07 13:50:00,12.65,1,CUST_00218
TICKET_0008728,STORE_04,2024-03-25 15:23:00,21.41,2,CUST_00184
TICKET_0008729,STORE_04,2024-01-21 19:57:00,16.71,2,CUST_00821
TICKET_0008730,STORE_03,2024-03-25 19:32:00,10.65,2,CUST_00796
TICKET_0008731,STORE_09,2024-02-20 15:41:00,25.16,3,CUST_00388
TICKET_0008732,STORE_02,2024-03-25 08:31:00,18.93,2,CUST_00189
TICKET_0008733,STORE_03,2024-02-01 07:03:00,22.02,3,CUST_00548
TICKET_0008734,STORE_10,2024-01-02 09:18:00,25.5,4,CUST_00283
TICKET_0008735,STORE_06,2024-01-17 08:48:00,37.37,4,CUST_00877
TICKET_0008736,STORE_03,2024-01-13 21:14:00,25.36,3,CUST_00035
TICKET_0008737,STORE_06,2024-03-17 19:17:00,6.5,2,CUST_00916
TICKET_0008738,STORE_03,2024-01-14 16:48:00,7.83,2,CUST_00117
TICKET_0008739,STORE_01,2024-01-19 16:58:00,12.09,1,CUST_00196
TICKET_0008740,STORE_02,2024-01-05 08:38:00,11.49,1,CUST_00993
TICKET_0008741,STORE_03,2024-03-31 20:00:00,34.37,3,CUST_00227
TICKET_0008742,STORE_06,2024-03-16 13:54:00,39.64,4,CUST_00508
TICKET_0008743,STORE_03,2024-01-24 17:48:00,28.96,3,CUST_00714
TICKET_0008744,STORE_01,2024-01-20 16:49:00,19.08,3,CUST_00533
TICKET_0008745,STORE_08,2024-01-14 14:16:00,5.76,2,CUST_00460
TICKET_0008746,STORE_07,2024-01-12 12:56:00,18.6,2,CUST_00846
TICKET_0008747,STORE_09,2024-03-04 10:57:00,4.18,1,CUST_00015
TICKET_0008748,STORE_09,2024-03-17 15:41:00,28.38,3,CUST_00151
TICKET_0008749,STORE_08,2024-02-15 17:30:00,9.28,2,CUST_00370
TICKET_0008750,STORE_06,2024-02-28 16:45:00,23.34,3,CUST_00302
TICKET_0008751,STORE_08,2024-01-31 14:35:00,8.77,1,CUST_00781
TICKET_0008752,STORE_04,2024-03-10 17:06:00,4.59,1,CUST_00309
TICKET_0008753,STORE_03,2024-01-24 13:23:00,29.96,3,CUST_00976
TICKET_0008754,STORE_02,2024-01-25 13:44:00,7.58,2,CUST_00960
TICKET_0008755,STORE_10,2024-01-28 07:34:00,4.35,1,CUST_00824
TICKET_0008756,STORE_07,2024-01-22 15:50:00,28.72,5,CUST_00036
TICKET_0008757,STORE_02,2024-03-21 11:14:00,29.45,4,CUST_00085
TICKET_0008758,STORE_03,2024-01-26 21:18:00,10.37,1,CUST_00482
TICKET_0008759,STORE_02,2024-02-03 19:53:00,28.7,3,CUST_00522
TICKET_0008760,STORE_05,2024-01-08 16:52:00,7.66,2,CUST_00133
TICKET_0008761,STORE_01,2024-03-31 11:42:00,12.5,3,CUST_00789
TICKET_0008762,STORE_07,2024-02-04 09:49:00,10.22,2,CUST_00405
TICKET_0008763,STORE_01,2024-03-20 15:45:00,6.91,1,CUST_00970
TICKET_0008764,STORE_04,2024-01-12 12:37:00,5.69,2,CUST_00015
TICKET_0008765,STORE_10,2024-02-19 08:12:00,8.87,1,CUST_00515
TICKET_0008766,STORE_04,2024-02-13 20:46:00,11.98,2,CUST_00333
TICKET_0008767,STORE_10,2024-03-29 17:28:00,30.52,5,CUST_00085
TICKET_0008768,STORE_03,2024-03-11 12:52:00,33.09,5,CUST_00782
TICKET_0008769,STORE_10,2024-02-23 08:18:00,31.74,3,CUST_00084
TICKET_0008770,STORE_10,2024-02-21 20:17:00,8.6,2,CUST_00091
TICKET_0008771,STORE_04,2024-03-07 18:09:00,4.41,1,CUST_00003
TICKET_0008772,STORE_02,2024-01-18 11:31:00,14.02,2,CUST_00053
TICKET_0008773,STORE_03,2024-03-14 15:31:00,26.23,3,CUST_00394
TICKET_0008774,STORE_09,2024-02-23 08:19:00,3.22,1,CUST_00243
TICKET_0008775,STORE_09,2024-01-11 07:07:00,27.45,3,CUST_00032
TICKET_0008776,STORE_07,2024-02-06 20:17:00,23.39,2,CUST_00613
TICKET_0008777,STORE_05,2024-02-02 12:10:00,48.23,5,CUST_00039
TICKET_0008778,STORE_01,2024-03-13 07:08:00,2.66,1,CUST_00468
TICKET_0008779,STORE_01,2024-03-18 11:33:00,24.08,2,CUST_00366
TICKET_0008780,STORE_03,2024-02-20 19:16:00,11.71,2,CUST_00637
TICKET_0008781,STORE_07,2024-01-07 15:34:00,24.17,3,CUST_00609
TICKET_0008782,STORE_02,2024-02-13 08:15:00,17.01,2,CUST_00966
TICKET_0008783,STORE_07,2024-03-16 14:07:00,34.47,4,CUST_00609
TICKET_0008784,STORE_03,2024-01-07 17:49:00,23.32,2,CUST_00194
TICKET_0008785,STORE_01,2024-03-30 20:25:00,3.68,1,CUST_00872
TICKET_0008786,STORE_09,2024-02-01 19:51:00,5.98,1,CUST_00797
TICKET_0008787,STORE_10,2024-01-25 13:01:00,19.63,3,CUST_00180
TICKET_0008788,STORE_04,2024-02-25 21:16:00,14.75,1,CUST_00619
TICKET_0008789,STORE_09,2024-03-14 13:49:00,18.81,2,CUST_00298
TICKET_0008790,STORE_05,2024-03-08 20:14:00,22.26,4,CUST_00847
TICKET_0008791,STORE_10,2024-01-13 13:58:00,9.06,2,CUST_00563
TICKET_0008792,STORE_05,2024-03-18 14:35:00,42.08,4,CUST_00211
TICKET_0008793,STORE_07,2024-01-02 18:30:00,12.16,1,CUST_00594
TICKET_0008794,STORE_07,2024-03-04 15:38:00,9.47,2,CUST_00526
TICKET_0008795,STORE_07,2024-01-12 07:34:00,15.27,2,CUST_00689
TICKET_0008796,STORE_08,2024-02-18 13:41:00,9.31,1,CUST_00809
TICKET_0008797,STORE_02,2024-03-18 20:06:00,38.95,5,CUST_00132
TICKET_0008798,STORE_10,2024-01-06 19:47:00,48.48,5,CUST_00883
TICKET_0008799,STORE_02,2024-03-24 14:13:00,13.78,1,CUST_00366
TICKET_0008800,STORE_09,2024-03-20 08:12:00,23.99,2,CUST_00148
TICKET_0008801,STORE_09,2024-03-18 11:52:00,11.29,2,CUST_00191
TICKET_0008802,STORE_03,2024-01-20 07:06:00,5.96,1,CUST_00241
TICKET_0008803,STORE_06,2024-01-19 21:13:00,9.76,1,CUST_00016
TICKET_0008804,STORE_05,2024-02-05 11:26:00,11.5,2,CUST_00526
TICKET_0008805,STORE_09,2024-02-25 12:48:00,8.22,2,CUST_00009
TICKET_0008806,STORE_07,2024-01-15 19:11:00,24.38,2,CUST_00278
TICKET_0008807,STORE_03,2024-03-25 08:19:00,5.17,1,CUST_00786
TICKET_0008808,STORE_09,2024-03-08 21:06:00,21.99,2,CUST_00296
TICKET_0008809,STORE_03,2024-01-29 09:25:00,11.41,2,CUST_00682
TICKET_0008810,STORE_06,2024-03-09 14:27:00,31.5,4,CUST_00942
TICKET_0008811,STORE_10,2024-01-26 13:17:00,49.26,5,CUST_00306
TICKET_0008812,STORE_10,2024-03-14 19:02:00,42.3,4,CUST_00169
TICKET_0008813,STORE_07,2024-02-06 13:40:00,32.81,3,CUST_00659
TICKET_0008814,STORE_10,2024-03-11 17:04:00,14.35,2,CUST_00802
TICKET_0008815,STORE_02,2024-01-21 16:25:00,5.0,1,CUST_00902
TICKET_0008816,STORE_08,2024-01-17 16:04:00,4.27,1,CUST_00894
TICKET_0008817,STORE_02,2024-01-25 20:26:00,14.27,3,CUST_00271
TICKET_0008818,STORE_10,2024-01-22 18:14:00,8.96,1,CUST_00662
TICKET_0008819,STORE_08,2024-02-06 13:41:00,31.74,3,CUST_00092
TICKET_0008820,STORE_07,2024-01-21 10:01:00,26.23,3,CUST_00726
TICKET_0008821,STORE_06,2024-02-11 12:03:00,8.92,2,CUST_00826
TICKET_0008822,STORE_08,2024-01-29 09:58:00,29.5,4,CUST_00418
TICKET_0008823,STORE_06,2024-03-12 21:35:00,27.11,2,CUST_00804
TICKET_0008824,STORE_01,2024-01-10 08:05:00,15.87,2,CUST_00012
TICKET_0008825,STORE_05,2024-02-21 21:22:00,35.08,4,CUST_00939
TICKET_0008826,STORE_05,2024-01-01 14:22:00,11.25,2,CUST_00073
TICKET_0008827,STORE_06,2024-03-06 19:40:00,31.16,5,CUST_00735
TICKET_0008828,STORE_10,2024-03-22 07:19:00,12.66,3,CUST_00342
TICKET_0008829,STORE_06,2024-01-01 21:50:00,19.75,2,CUST_00605
TICKET_0008830,STORE_06,2024-01-26 07:55:00,18.29,2,CUST_00922
TICKET_0008831,STORE_05,2024-02-15 17:48:00,29.98,3,CUST_00542
TICKET_0008832,STORE_08,2024-01-29 17:37:00,9.88,1,CUST_00401
TICKET_0008833,STORE_10,2024-02-28 21:32:00,32.16,3,CUST_00655
TICKET_0008834,STORE_09,2024-01-04 19:51:00,19.29,2,CUST_00865
TICKET_0008835,STORE_07,2024-03-10 13:22:00,29.23,3,CUST_00846
TICKET_0008836,STORE_05,2024-01-16 18:03:00,13.5,2,CUST_00838
TICKET_0008837,STORE_10,2024-02-16 14:29:00,15.18,1,CUST_00815
TICKET_0008838,STORE_01,2024-02-05 18:55:00,13.05,2,CUST_00414
TICKET_0008839,STORE_10,2024-02-24 12:15:00,29.24,3,CUST_00048
TICKET_0008840,STORE_02,2024-02-10 10:54:00,6.11,1,CUST_00946
TICKET_0008841,STORE_01,2024-03-14 20:56:00,14.7,2,CUST_00694
TICKET_0008842,STORE_03,2024-01-19 08:45:00,22.32,2,CUST_00714
TICKET_0008843,STORE_06,2024-02-05 13:26:00,26.15,3,CUST_00146
TICKET_0008844,STORE_01,2024-02-25 21:09:00,16.9,2,CUST_00001
TICKET_0008845,STORE_02,2024-03-13 18:40:00,43.15,4,CUST_00035
TICKET_0008846,STORE_08,2024-01-24 08:09:00,35.68,3,CUST_00290
TICKET_0008847,STORE_03,2024-03-11 18:51:00,18.66,2,CUST_00605
TICKET_0008848,STORE_05,2024-01-20 08:24:00,32.23,4,CUST_00536
TICKET_0008849,STORE_03,2024-01-02 10:03:00,17.57,2,CUST_00361
TICKET_0008850,STORE_02,2024-01-28 18:02:00,10.44,2,CUST_00678
TICKET_0008851,STORE_01,2024-03-23 09:12:00,6.05,1,CUST_00300
TICKET_0008852,STORE_02,2024-03-19 11:29:00,26.37,3,CUST_00358
TICKET_0008853,STORE_10,2024-03-08 09:30:00,9.27,2,CUST_00553
TICKET_0008854,STORE_02,2024-02-22 10:15:00,24.04,3,CUST_00722
TICKET_0008855,STORE_02,2024-03-25 14:40:00,28.26,3,CUST_00203
TICKET_0008856,STORE_03,2024-01-16 14:12:00,33.18,3,CUST_00263
TICKET_0008857,STORE_02,2024-01-21 15:22:00,31.24,4,CUST_00543
TICKET_0008858,STORE_09,2024-02-01 16:56:00,4.38,1,CUST_00071
TICKET_0008859,STORE_05,2024-01-04 13:44:00,17.81,3,CUST_00877
TICKET_0008860,STORE_03,2024-01-14 14:08:00,20.1,2,CUST_00005
TICKET_0008861,STORE_09,2024-01-08 08:50:00,24.94,3,CUST_00027
TICKET_0008862,STORE_10,2024-03-15 11:47:00,39.31,3,CUST_00471
TICKET_0008863,STORE_05,2024-03-05 12:10:00,6.23,1,CUST_00213
TICKET_0008864,STORE_09,2024-01-06 19:55:00,11.12,1,CUST_00237
TICKET_0008865,STORE_06,2024-03-02 11:15:00,25.48,3,CUST_00073
TICKET_0008866,STORE_01,2024-03-15 14:22:00,36.32,4,CUST_00645
TICKET_0008867,STORE_07,2024-01-13 18:08:00,19.58,3,CUST_00987
TICKET_0008868,STORE_05,2024-02-29 12:02:00,37.33,5,CUST_00574
TICKET_0008869,STORE_03,2024-01-18 14:51:00,40.12,5,CUST_00060
TICKET_0008870,STORE_08,2024-03-11 18:18:00,12.47,1,CUST_00592
TICKET_0008871,STORE_02,2024-01-13 17:25:00,27.29,4,CUST_00562
TICKET_0008872,STORE_04,2024-02-10 12:46:00,14.86,2,CUST_00723
TICKET_0008873,STORE_04,2024-01-07 12:34:00,11.72,1,CUST_00833
TICKET_0008874,STORE_03,2024-02-25 14:37:00,9.16,1,CUST_00554
TICKET_0008875,STORE_09,2024-02-02 11:01:00,34.5,3,CUST_00604
TICKET_0008876,STORE_03,2024-03-04 15:49:00,12.7,2,CUST_00068
TICKET_0008877,STORE_03,2024-02-14 10:58:00,26.69,2,CUST_00228
TICKET_0008878,STORE_09,2024-03-30 09:04:00,21.05,3,CUST_00650
TICKET_0008879,STORE_05,2024-01-21 13:29:00,9.43,1,CUST_00493
TICKET_0008880,STORE_01,2024-01-18 11:28:00,2.23,1,CUST_00496
TICKET_0008881,STORE_03,2024-03-04 09:14:00,38.54,3,CUST_00740
TICKET_0008882,STORE_06,2024-02-12 15:06:00,3.59,1,CUST_00001
TICKET_0008883,STORE_09,2024-01-30 10:57:00,22.87,3,CUST_00469
TICKET_0008884,STORE_05,2024-03-31 13:45:00,23.33,3,CUST_00981
TICKET_0008885,STORE_06,2024-03-01 21:57:00,14.54,2,CUST_00323
TICKET_0008886,STORE_01,2024-01-25 16:24:00,25.69,5,CUST_00888
TICKET_0008887,STORE_02,2024-01-23 15:48:00,30.83,3,CUST_00514
TICKET_0008888,STORE_10,2024-03-29 17:50:00,5.03,1,CUST_00968
TICKET_0008889,STORE_05,2024-03-17 21:43:00,46.36,5,CUST_00171
TICKET_0008890,STORE_08,2024-01-12 21:52:00,41.66,4,CUST_00059
TICKET_0008891,STORE_09,2024-02-03 11:04:00,32.54,3,CUST_00929
TICKET_0008892,STORE_05,2024-01-08 19:53:00,16.22,2,CUST_00270
TICKET_0008893,STORE_07,2024-03-06 09:06:00,6.09,1,CUST_00419
TICKET_0008894,STORE_02,2024-03-13 20:40:00,34.44,4,CUST_00877
TICKET_0008895,STORE_04,2024-02-04 15:01:00,6.08,1,CUST_00019
TICKET_0008896,STORE_02,2024-02-21 11:10:00,13.29,2,CUST_00012
TICKET_0008897,STORE_07,2024-02-10 21:24:00,20.26,3,CUST_00930
TICKET_0008898,STORE_03,2024-03-07 08:07:00,12.12,2,CUST_00028
TICKET_0008899,STORE_07,2024-02-28 18:33:00,18.54,3,CUST_00734
TICKET_0008900,STORE_09,2024-02-19 12:04:00,23.16,3,CUST_00565
TICKET_0008901,STORE_10,2024-01-28 08:49:00,2.98,1,CUST_00214
TICKET_0008902,STORE_07,2024-03-08 15:31:00,21.61,4,CUST_00129
TICKET_0008903,STORE_06,2024-03-18 13:17:00,8.74,3,CUST_00986
TICKET_0008904,STORE_06,2024-02-13 18:11:00,11.84,2,CUST_00918
TICKET_0008905,STORE_06,2024-02-17 08:42:00,26.68,3,CUST_00954
TICKET_0008906,STORE_06,2024-01-19 09:15:00,14.58,1,CUST_00932
TICKET_0008907,STORE_08,2024-02-11 15:45:00,38.46,5,CUST_00631
TICKET_0008908,STORE_03,2024-02-21 08:57:00,8.63,1,CUST_00486
TICKET_0008909,STORE_04,2024-02-22 14:38:00,13.28,2,CUST_00768
TICKET_0008910,STORE_06,2024-01-05 14:02:00,37.18,5,CUST_00060
TICKET_0008911,STORE_07,2024-03-09 19:21:00,12.63,2,CUST_00309
TICKET_0008912,STORE_03,2024-03-06 21:32:00,16.07,2,CUST_00598
TICKET_0008913,STORE_08,2024-01-10 16:23:00,11.72,1,CUST_00621
TICKET_0008914,STORE_06,2024-02-24 07:00:00,15.49,3,CUST_00825
TICKET_0008915,STORE_06,2024-01-01 18:21:00,7.98,1,CUST_00735
TICKET_0008916,STORE_03,2024-02-13 20:41:00,20.43,3,CUST_00726
TICKET_0008917,STORE_06,2024-02-10 10:33:00,25.29,3,CUST_00291
TICKET_0008918,STORE_04,2024-02-20 11:06:00,9.1,1,CUST_00231
TICKET_0008919,STORE_08,2024-02-07 10:43:00,12.54,3,CUST_00900
TICKET_0008920,STORE_10,2024-03-06 21:12:00,9.71,1,CUST_00200
TICKET_0008921,STORE_09,2024-02-21 19:05:00,12.4,2,CUST_00401
TICKET_0008922,STORE_05,2024-01-22 20:39:00,21.12,2,CUST_00606
TICKET_0008923,STORE_03,2024-02-21 21:52:00,36.94,4,CUST_00377
TICKET_0008924,STORE_03,2024-01-28 12:01:00,8.75,1,CUST_00646
TICKET_0008925,STORE_01,2024-01-15 11:37:00,13.59,1,CUST_00760
TICKET_0008926,STORE_03,2024-03-30 18:36:00,41.2,4,CUST_00747
TICKET_0008927,STORE_06,2024-03-19 19:46:00,40.62,6,CUST_00713
TICKET_0008928,STORE_05,2024-01-04 09:09:00,29.61,3,CUST_00067
TICKET_0008929,STORE_02,2024-03-31 21:14:00,29.91,3,CUST_00681
TICKET_0008930,STORE_05,2024-03-22 12:45:00,7.69,2,CUST_00778
TICKET_0008931,STORE_03,2024-02-03 08:24:00,9.5,1,CUST_00379
TICKET_0008932,STORE_07,2024-01-26 14:07:00,11.98,3,CUST_00030
TICKET_0008933,STORE_06,2024-01-09 11:02:00,18.85,2,CUST_00295
TICKET_0008934,STORE_06,2024-03-04 12:33:00,6.13,1,CUST_00544
TICKET_0008935,STORE_04,2024-02-28 17:01:00,25.49,3,CUST_00217
TICKET_0008936,STORE_08,2024-01-05 13:12:00,35.2,4,CUST_00776
TICKET_0008937,STORE_02,2024-03-30 13:35:00,14.72,2,CUST_00396
TICKET_0008938,STORE_09,2024-01-17 20:06:00,19.58,2,CUST_00262
TICKET_0008939,STORE_02,2024-01-31 17:33:00,11.39,1,CUST_00980
TICKET_0008940,STORE_10,2024-01-13 09:05:00,13.53,1,CUST_00995
TICKET_0008941,STORE_05,2024-03-09 12:22:00,9.7,2,CUST_00804
TICKET_0008942,STORE_01,2024-01-15 14:51:00,12.11,1,CUST_00092
TICKET_0008943,STORE_10,2024-03-05 09:17:00,15.17,3,CUST_00335
TICKET_0008944,STORE_10,2024-02-06 16:22:00,19.45,2,CUST_00663
TICKET_0008945,STORE_03,2024-03-21 17:10:00,20.09,2,CUST_00229
TICKET_0008946,STORE_02,2024-01-27 14:30:00,18.35,3,CUST_00461
TICKET_0008947,STORE_10,2024-03-20 10:57:00,21.74,2,CUST_00546
TICKET_0008948,STORE_03,2024-02-10 13:42:00,5.77,1,CUST_00570
TICKET_0008949,STORE_07,2024-01-09 09:14:00,8.15,1,CUST_00300
TICKET_0008950,STORE_03,2024-02-09 11:33:00,9.4,1,CUST_00347
TICKET_0008951,STORE_05,2024-02-19 16:33:00,40.83,5,CUST_00138
TICKET_0008952,STORE_04,2024-03-20 17:11:00,16.15,2,CUST_00395
TICKET_0008953,STORE_10,2024-01-11 11:51:00,6.57,1,CUST_00789
TICKET_0008954,STORE_01,2024-02-15 15:58:00,2.69,1,CUST_00394
TICKET_0008955,STORE_10,2024-02-05 13:33:00,22.61,2,CUST_00699
TICKET_0008956,STORE_06,2024-01-26 19:53:00,15.89,3,CUST_00873
TICKET_0008957,STORE_04,2024-03-08 21:56:00,18.66,2,CUST_00827
TICKET_0008958,STORE_06,2024-02-09 19:10:00,6.0,1,CUST_00756
TICKET_0008959,STORE_09,2024-01-16 13:05:00,24.73,2,CUST_00736
TICKET_0008960,STORE_10,2024-03-30 19:01:00,5.04,1,CUST_00002
TICKET_0008961,STORE_02,2024-03-26 09:29:00,9.31,1,CUST_00532
TICKET_0008962,STORE_10,2024-03-01 20:45:00,14.48,2,CUST_00824
TICKET_0008963,STORE_04,2024-01-10 12:55:00,11.84,1,CUST_00637
TICKET_0008964,STORE_03,2024-02-19 14:08:00,13.45,2,CUST_00638
TICKET_0008965,STORE_05,2024-01-28 08:54:00,28.42,2,CUST_00272
TICKET_0008966,STORE_10,2024-03-26 21:21:00,27.41,2,CUST_00378
TICKET_0008967,STORE_09,2024-01-11 20:27:00,34.99,3,CUST_00951
TICKET_0008968,STORE_10,2024-01-01 21:36:00,21.64,2,CUST_00074
TICKET_0008969,STORE_01,2024-01-06 08:31:00,7.77,2,CUST_00248
TICKET_0008970,STORE_06,2024-02-14 16:08:00,12.28,2,CUST_00570
TICKET_0008971,STORE_04,2024-02-06 16:07:00,22.47,3,CUST_00359
TICKET_0008972,STORE_03,2024-02-08 10:31:00,4.65,1,CUST_00687
TICKET_0008973,STORE_09,2024-02-11 19:09:00,19.63,2,CUST_00928
TICKET_0008974,STORE_06,2024-02-15 20:13:00,47.0,5,CUST_00233
TICKET_0008975,STORE_06,2024-02-15 21:01:00,42.49,5,CUST_00550
TICKET_0008976,STORE_04,2024-01-20 17:44:00,7.21,1,CUST_00779
TICKET_0008977,STORE_08,2024-03-29 15:25:00,37.05,4,CUST_00827
TICKET_0008978,STORE_01,2024-01-28 12:46:00,12.71,2,CUST_00892
TICKET_0008979,STORE_02,2024-01-27 12:16:00,44.92,5,CUST_00441
TICKET_0008980,STORE_03,2024-03-09 17:24:00,15.5,2,CUST_00258
TICKET_0008981,STORE_02,2024-01-08 10:03:00,10.16,1,CUST_00219
TICKET_0008982,STORE_10,2024-01-17 10:09:00,20.06,4,CUST_00036
TICKET_0008983,STORE_01,2024-03-19 07:54:00,24.38,3,CUST_00462
TICKET_0008984,STORE_02,2024-02-16 08:55:00,18.13,3,CUST_00208
TICKET_0008985,STORE_04,2024-03-04 12:10:00,10.64,2,CUST_00582
TICKET_0008986,STORE_01,2024-02-24 19:20:00,21.58,2,CUST_00351
TICKET_0008987,STORE_04,2024-01-26 09:37:00,13.8,1,CUST_00766
TICKET_0008988,STORE_04,2024-03-19 14:59:00,10.92,3,CUST_00964
TICKET_0008989,STORE_08,2024-01-15 10:37:00,13.4,3,CUST_00006
TICKET_0008990,STORE_02,2024-01-07 13:03:00,29.23,3,CUST_00703
TICKET_0008991,STORE_05,2024-01-20 20:47:00,9.5,1,CUST_00681
TICKET_0008992,STORE_04,2024-01-13 20:39:00,17.44,2,CUST_00001
TICKET_0008993,STORE_05,2024-01-16 09:49:00,21.66,3,CUST_00484
TICKET_0008994,STORE_05,2024-01-05 14:45:00,8.89,1,CUST_00700
TICKET_0008995,STORE_04,2024-01-30 19:39:00,11.62,1,CUST_00914
TICKET_0008996,STORE_04,2024-03-29 14:04:00,18.52,3,CUST_00791
TICKET_0008997,STORE_06,2024-02-25 18:35:00,9.11,1,CUST_00695
TICKET_0008998,STORE_01,2024-01-02 07:05:00,7.13,1,CUST_00439
TICKET_0008999,STORE_03,2024-02-20 17:20:00,22.62,4,CUST_00987
TICKET_0009000,STORE_05,2024-02-24 17:22:00,25.15,3,CUST_00418
TICKET_0009001,STORE_04,2024-02-13 07:52:00,18.81,2,CUST_00685
TICKET_0009002,STORE_06,2024-03-25 12:29:00,32.31,3,CUST_01000
TICKET_0009003,STORE_06,2024-03-30 07:46:00,34.65,5,CUST_00406
TICKET_0009004,STORE_05,2024-01-05 13:35:00,2.92,1,CUST_00671
TICKET_0009005,STORE_04,2024-01-25 11:09:00,7.63,1,CUST_00465
TICKET_0009006,STORE_02,2024-01-27 14:40:00,26.64,4,CUST_00661
TICKET_0009007,STORE_07,2024-03-08 18:08:00,19.06,2,CUST_00693
TICKET_0009008,STORE_10,2024-02-16 19:05:00,9.53,1,CUST_00708
TICKET_0009009,STORE_03,2024-03-30 12:52:00,18.26,2,CUST_00941
TICKET_0009010,STORE_02,2024-03-20 07:09:00,10.06,1,CUST_00824
TICKET_0009011,STORE_09,2024-01-27 07:03:00,14.83,1,CUST_00139
TICKET_0009012,STORE_10,2024-01-10 12:28:00,9.25,2,CUST_00211
TICKET_0009013,STORE_09,2024-03-26 14:16:00,43.23,5,CUST_00306
TICKET_0009014,STORE_01,2024-02-16 15:36:00,13.66,1,CUST_00411
TICKET_0009015,STORE_04,2024-02-06 14:22:00,48.15,4,CUST_00108
TICKET_0009016,STORE_05,2024-01-11 20:08:00,18.22,3,CUST_00326
TICKET_0009017,STORE_06,2024-03-04 17:13:00,13.23,3,CUST_00068
TICKET_0009018,STORE_02,2024-01-17 14:10:00,18.65,2,CUST_00152
TICKET_0009019,STORE_03,2024-03-04 20:51:00,10.18,1,CUST_00090
TICKET_0009020,STORE_02,2024-03-28 09:27:00,2.68,1,CUST_00333
TICKET_0009021,STORE_02,2024-01-05 16:58:00,6.19,1,CUST_00305
TICKET_0009022,STORE_07,2024-02-18 21:36:00,19.38,2,CUST_00272
TICKET_0009023,STORE_04,2024-01-05 10:28:00,9.68,1,CUST_00238
TICKET_0009024,STORE_02,2024-02-25 16:37:00,23.77,3,CUST_00548
TICKET_0009025,STORE_09,2024-03-25 17:05:00,10.01,1,CUST_00493
TICKET_0009026,STORE_06,2024-02-07 16:30:00,5.92,1,CUST_00357
TICKET_0009027,STORE_05,2024-03-17 14:20:00,18.23,2,CUST_00834
TICKET_0009028,STORE_02,2024-01-24 17:34:00,17.85,2,CUST_00213
TICKET_0009029,STORE_10,2024-01-10 18:22:00,26.26,3,CUST_00267
TICKET_0009030,STORE_02,2024-01-13 20:11:00,21.24,2,CUST_00285
TICKET_0009031,STORE_10,2024-01-26 10:18:00,5.75,1,CUST_00110
TICKET_0009032,STORE_02,2024-01-20 15:54:00,11.93,2,CUST_00815
TICKET_0009033,STORE_10,2024-03-01 11:57:00,31.82,3,CUST_00223
TICKET_0009034,STORE_01,2024-01-17 15:07:00,14.62,1,CUST_00057
TICKET_0009035,STORE_10,2024-02-11 21:53:00,19.31,2,CUST_00279
TICKET_0009036,STORE_04,2024-03-23 09:11:00,13.26,2,CUST_00358
TICKET_0009037,STORE_08,2024-01-13 17:48:00,5.85,1,CUST_00465
TICKET_0009038,STORE_10,2024-03-04 07:40:00,6.8,1,CUST_00682
TICKET_0009039,STORE_03,2024-03-18 10:21:00,8.88,1,CUST_01000
TICKET_0009040,STORE_02,2024-03-09 11:07:00,7.03,2,CUST_00535
TICKET_0009041,STORE_04,2024-02-09 17:40:00,12.94,1,CUST_00887
TICKET_0009042,STORE_10,2024-03-13 21:57:00,17.96,3,CUST_00396
TICKET_0009043,STORE_09,2024-02-10 18:11:00,23.01,2,CUST_00571
TICKET_0009044,STORE_08,2024-03-24 18:56:00,5.93,1,CUST_00985
TICKET_0009045,STORE_03,2024-02-28 10:33:00,21.14,5,CUST_00974
TICKET_0009046,STORE_05,2024-01-15 18:46:00,13.58,2,CUST_00832
TICKET_0009047,STORE_10,2024-01-31 14:41:00,43.17,4,CUST_00981
TICKET_0009048,STORE_02,2024-03-31 19:00:00,24.31,3,CUST_00178
TICKET_0009049,STORE_04,2024-03-29 17:12:00,13.34,1,CUST_00564
TICKET_0009050,STORE_08,2024-03-19 17:26:00,33.66,3,CUST_00253
TICKET_0009051,STORE_02,2024-01-22 20:59:00,24.85,3,CUST_00070
TICKET_0009052,STORE_10,2024-03-04 07:06:00,31.16,4,CUST_00036
TICKET_0009053,STORE_06,2024-01-17 12:41:00,12.57,1,CUST_00726
TICKET_0009054,STORE_08,2024-02-26 17:35:00,12.14,2,CUST_00608
TICKET_0009055,STORE_03,2024-02-07 19:21:00,56.87,6,CUST_00101
TICKET_0009056,STORE_06,2024-02-19 18:56:00,35.79,4,CUST_00085
TICKET_0009057,STORE_09,2024-03-08 20:54:00,14.78,3,CUST_00539
TICKET_0009058,STORE_09,2024-03-03 18:32:00,10.63,2,CUST_00606
TICKET_0009059,STORE_04,2024-03-22 11:18:00,8.3,1,CUST_00402
TICKET_0009060,STORE_05,2024-01-11 07:44:00,11.73,2,CUST_00806
TICKET_0009061,STORE_04,2024-02-12 17:14:00,5.63,1,CUST_00440
TICKET_0009062,STORE_02,2024-01-22 12:13:00,14.39,2,CUST_00419
TICKET_0009063,STORE_10,2024-01-24 11:26:00,35.79,3,CUST_00113
TICKET_0009064,STORE_08,2024-03-23 17:37:00,20.51,3,CUST_00759
TICKET_0009065,STORE_02,2024-01-09 13:12:00,8.48,2,CUST_00792
TICKET_0009066,STORE_08,2024-02-13 07:25:00,12.37,2,CUST_00471
TICKET_0009067,STORE_06,2024-01-22 09:23:00,18.36,2,CUST_00781
TICKET_0009068,STORE_05,2024-01-02 16:47:00,14.93,1,CUST_01000
TICKET_0009069,STORE_06,2024-03-20 12:19:00,15.69,3,CUST_00297
TICKET_0009070,STORE_01,2024-01-14 10:24:00,17.71,2,CUST_00466
TICKET_0009071,STORE_04,2024-03-16 14:55:00,4.98,1,CUST_00821
TICKET_0009072,STORE_08,2024-03-18 11:58:00,8.89,1,CUST_00013
TICKET_0009073,STORE_08,2024-02-09 08:54:00,18.3,2,CUST_00371
TICKET_0009074,STORE_07,2024-01-21 16:13:00,21.34,2,CUST_00078
TICKET_0009075,STORE_06,2024-01-02 09:22:00,30.21,5,CUST_00899
TICKET_0009076,STORE_03,2024-03-10 11:55:00,23.1,4,CUST_00939
TICKET_0009077,STORE_06,2024-02-15 18:50:00,21.09,2,CUST_00926
TICKET_0009078,STORE_03,2024-03-03 16:51:00,7.6,2,CUST_00537
TICKET_0009079,STORE_10,2024-02-03 13:31:00,19.67,3,CUST_00031
TICKET_0009080,STORE_05,2024-03-04 21:09:00,20.05,2,CUST_00132
TICKET_0009081,STORE_01,2024-02-05 11:31:00,17.59,2,CUST_00318
TICKET_0009082,STORE_02,2024-03-04 13:50:00,9.03,1,CUST_00959
TICKET_0009083,STORE_02,2024-02-01 19:29:00,3.16,1,CUST_00942
TICKET_0009084,STORE_09,2024-02-01 18:11:00,12.53,2,CUST_00638
TICKET_0009085,STORE_06,2024-02-11 15:26:00,34.87,4,CUST_00069
TICKET_0009086,STORE_10,2024-02-29 21:39:00,9.58,2,CUST_00954
TICKET_0009087,STORE_08,2024-02-27 07:09:00,20.56,3,CUST_00578
TICKET_0009088,STORE_07,2024-02-21 14:57:00,22.96,3,CUST_00370
TICKET_0009089,STORE_10,2024-01-15 14:01:00,24.07,3,CUST_00572
TICKET_0009090,STORE_09,2024-02-03 14:49:00,52.78,6,CUST_00776
TICKET_0009091,STORE_03,2024-02-27 11:32:00,17.49,2,CUST_00311
TICKET_0009092,STORE_08,2024-03-17 08:33:00,7.92,1,CUST_00097
TICKET_0009093,STORE_01,2024-01-20 15:21:00,47.17,5,CUST_00573
TICKET_0009094,STORE_02,2024-03-03 08:16:00,5.73,1,CUST_00991
TICKET_0009095,STORE_02,2024-01-17 09:38:00,16.62,2,CUST_00361
TICKET_0009096,STORE_01,2024-01-30 11:24:00,7.02,1,CUST_00363
TICKET_0009097,STORE_01,2024-01-23 16:58:00,31.7,3,CUST_00743
TICKET_0009098,STORE_05,2024-01-12 14:54:00,29.1,4,CUST_00369
TICKET_0009099,STORE_01,2024-03-13 20:06:00,2.88,1,CUST_00125
TICKET_0009100,STORE_09,2024-02-21 11:21:00,8.59,1,CUST_00716
TICKET_0009101,STORE_02,2024-02-05 18:06:00,27.3,2,CUST_00203
TICKET_0009102,STORE_09,2024-02-17 07:37:00,22.53,3,CUST_00006
TICKET_0009103,STORE_09,2024-01-24 16:24:00,9.13,2,CUST_00002
TICKET_0009104,STORE_04,2024-01-29 15:00:00,13.31,1,CUST_00702
TICKET_0009105,STORE_07,2024-03-30 13:49:00,30.96,3,CUST_00986
TICKET_0009106,STORE_02,2024-03-23 11:46:00,19.01,2,CUST_00435
TICKET_0009107,STORE_01,2024-02-22 15:57:00,6.19,1,CUST_00304
TICKET_0009108,STORE_02,2024-03-21 21:54:00,36.87,4,CUST_00235
TICKET_0009109,STORE_08,2024-02-13 13:04:00,21.19,2,CUST_00238
TICKET_0009110,STORE_09,2024-01-22 13:37:00,7.28,2,CUST_00828
TICKET_0009111,STORE_07,2024-01-19 20:11:00,16.4,2,CUST_00879
TICKET_0009112,STORE_01,2024-02-24 09:26:00,5.81,1,CUST_00159
TICKET_0009113,STORE_08,2024-01-13 13:07:00,14.69,1,CUST_00552
TICKET_0009114,STORE_03,2024-01-30 09:30:00,20.34,2,CUST_00586
TICKET_0009115,STORE_03,2024-01-23 12:41:00,28.07,4,CUST_00736
TICKET_0009116,STORE_08,2024-02-20 19:52:00,22.22,2,CUST_00750
TICKET_0009117,STORE_04,2024-02-29 12:58:00,18.01,2,CUST_00249
TICKET_0009118,STORE_08,2024-02-06 14:57:00,18.95,3,CUST_00483
TICKET_0009119,STORE_06,2024-01-10 20:10:00,18.38,2,CUST_00543
TICKET_0009120,STORE_09,2024-03-04 20:32:00,16.1,2,CUST_00113
TICKET_0009121,STORE_03,2024-01-29 14:42:00,15.79,3,CUST_00361
TICKET_0009122,STORE_05,2024-02-23 14:33:00,14.24,1,CUST_00890
TICKET_0009123,STORE_06,2024-03-26 21:06:00,5.69,1,CUST_00727
TICKET_0009124,STORE_06,2024-01-01 15:12:00,10.04,1,CUST_00870
TICKET_0009125,STORE_03,2024-03-29 21:37:00,13.64,1,CUST_00774
TICKET_0009126,STORE_05,2024-01-27 09:54:00,6.62,2,CUST_00676
TICKET_0009127,STORE_07,2024-02-01 13:10:00,38.43,5,CUST_00348
TICKET_0009128,STORE_06,2024-01-08 18:41:00,9.16,1,CUST_00430
TICKET_0009129,STORE_04,2024-03-22 12:45:00,8.97,1,CUST_00164
TICKET_0009130,STORE_09,2024-03-14 10:33:00,32.22,4,CUST_00313
TICKET_0009131,STORE_07,2024-03-27 07:07:00,8.4,1,CUST_00889
TICKET_0009132,STORE_05,2024-01-28 13:30:00,19.84,3,CUST_00742
TICKET_0009133,STORE_10,2024-02-24 10:14:00,3.13,1,CUST_00394
TICKET_0009134,STORE_06,2024-01-22 14:20:00,3.08,1,CUST_00292
TICKET_0009135,STORE_08,2024-03-12 21:48:00,17.29,3,CUST_00498
TICKET_0009136,STORE_09,2024-02-02 11:14:00,5.82,2,CUST_00223
TICKET_0009137,STORE_04,2024-02-17 16:14:00,18.55,3,CUST_00530
TICKET_0009138,STORE_01,2024-03-26 08:51:00,18.27,2,CUST_00551
TICKET_0009139,STORE_07,2024-02-13 17:08:00,20.1,4,CUST_00101
TICKET_0009140,STORE_03,2024-03-22 15:29:00,22.4,2,CUST_00965
TICKET_0009141,STORE_09,2024-02-14 21:14:00,13.67,1,CUST_00296
TICKET_0009142,STORE_04,2024-01-03 11:02:00,13.21,2,CUST_00498
TICKET_0009143,STORE_08,2024-01-20 21:48:00,13.96,1,CUST_00788
TICKET_0009144,STORE_01,2024-03-10 14:55:00,16.81,2,CUST_00521
TICKET_0009145,STORE_01,2024-02-08 13:34:00,7.1,1,CUST_00128
TICKET_0009146,STORE_07,2024-01-06 19:26:00,26.8,4,CUST_00890
TICKET_0009147,STORE_10,2024-01-28 08:35:00,12.46,1,CUST_00136
TICKET_0009148,STORE_01,2024-03-30 18:50:00,18.89,3,CUST_00180
TICKET_0009149,STORE_03,2024-02-08 18:16:00,6.07,1,CUST_00664
TICKET_0009150,STORE_09,2024-01-30 21:06:00,9.1,1,CUST_00164
TICKET_0009151,STORE_03,2024-02-14 12:58:00,15.74,2,CUST_00469
TICKET_0009152,STORE_10,2024-03-01 10:37:00,5.72,1,CUST_00264
TICKET_0009153,STORE_02,2024-02-07 08:28:00,8.25,2,CUST_00278
TICKET_0009154,STORE_05,2024-01-01 15:40:00,20.49,2,CUST_00990
TICKET_0009155,STORE_04,2024-01-06 20:28:00,2.74,1,CUST_00489
TICKET_0009156,STORE_01,2024-02-02 17:59:00,14.51,2,CUST_00021
TICKET_0009157,STORE_06,2024-03-23 17:51:00,25.41,4,CUST_00058
TICKET_0009158,STORE_05,2024-03-04 13:32:00,43.53,5,CUST_00533
TICKET_0009159,STORE_03,2024-01-01 16:22:00,9.69,1,CUST_00247
TICKET_0009160,STORE_05,2024-03-23 09:20:00,26.42,3,CUST_00891
TICKET_0009161,STORE_10,2024-02-12 18:14:00,10.52,2,CUST_00170
TICKET_0009162,STORE_06,2024-01-10 17:14:00,7.91,1,CUST_00893
TICKET_0009163,STORE_05,2024-01-02 17:00:00,8.22,1,CUST_00104
TICKET_0009164,STORE_04,2024-01-03 07:09:00,7.85,1,CUST_00647
TICKET_0009165,STORE_06,2024-01-26 16:03:00,5.92,1,CUST_00803
TICKET_0009166,STORE_05,2024-01-15 13:07:00,26.17,4,CUST_00103
TICKET_0009167,STORE_01,2024-03-21 07:27:00,15.51,2,CUST_00733
TICKET_0009168,STORE_07,2024-01-25 16:31:00,33.51,5,CUST_00254
TICKET_0009169,STORE_08,2024-01-28 17:44:00,19.89,2,CUST_00022
TICKET_0009170,STORE_03,2024-01-20 21:19:00,42.37,4,CUST_00415
TICKET_0009171,STORE_01,2024-01-30 11:28:00,14.35,1,CUST_00496
TICKET_0009172,STORE_08,2024-01-12 11:39:00,5.94,1,CUST_00457
TICKET_0009173,STORE_07,2024-03-24 09:55:00,29.42,3,CUST_00699
TICKET_0009174,STORE_01,2024-02-19 10:39:00,10.06,1,CUST_00625
TICKET_0009175,STORE_06,2024-02-22 08:35:00,15.06,2,CUST_00342
TICKET_0009176,STORE_08,2024-01-03 14:18:00,10.87,2,CUST_00076
TICKET_0009177,STORE_01,2024-01-05 14:35:00,23.98,2,CUST_00032
TICKET_0009178,STORE_07,2024-01-23 12:34:00,9.87,1,CUST_00802
TICKET_0009179,STORE_02,2024-02-18 18:34:00,27.09,3,CUST_00246
TICKET_0009180,STORE_07,2024-03-18 08:15:00,19.7,4,CUST_00869
TICKET_0009181,STORE_09,2024-03-30 12:14:00,22.43,3,CUST_00860
TICKET_0009182,STORE_06,2024-02-20 07:19:00,26.98,3,CUST_00807
TICKET_0009183,STORE_05,2024-01-12 16:47:00,30.99,4,CUST_00726
TICKET_0009184,STORE_09,2024-01-27 20:24:00,13.05,1,CUST_00820
TICKET_0009185,STORE_05,2024-01-15 15:23:00,31.2,3,CUST_00898
TICKET_0009186,STORE_09,2024-03-16 20:27:00,34.4,4,CUST_00406
TICKET_0009187,STORE_05,2024-02-25 07:36:00,12.12,1,CUST_00826
TICKET_0009188,STORE_04,2024-03-19 14:54:00,7.59,1,CUST_00469
TICKET_0009189,STORE_02,2024-03-22 10:23:00,21.83,2,CUST_00966
TICKET_0009190,STORE_06,2024-03-05 13:02:00,13.26,1,CUST_00964
TICKET_0009191,STORE_04,2024-01-31 17:25:00,4.4,1,CUST_00394
TICKET_0009192,STORE_06,2024-01-15 12:20:00,38.46,4,CUST_00969
TICKET_0009193,STORE_10,2024-02-21 20:46:00,16.27,2,CUST_00619
TICKET_0009194,STORE_04,2024-03-28 14:27:00,7.88,1,CUST_00918
TICKET_0009195,STORE_05,2024-01-21 10:41:00,36.95,4,CUST_00314
TICKET_0009196,STORE_06,2024-01-11 10:17:00,18.78,3,CUST_00832
TICKET_0009197,STORE_06,2024-01-06 17:44:00,17.85,2,CUST_00063
TICKET_0009198,STORE_03,2024-03-16 18:26:00,36.92,4,CUST_00093
TICKET_0009199,STORE_10,2024-02-29 17:33:00,17.84,2,CUST_00814
TICKET_0009200,STORE_04,2024-01-10 20:27:00,14.22,1,CUST_00404
TICKET_0009201,STORE_04,2024-03-27 14:27:00,11.41,1,CUST_00362
TICKET_0009202,STORE_05,2024-03-31 07:58:00,22.07,3,CUST_00361
TICKET_0009203,STORE_08,2024-01-09 11:51:00,22.82,2,CUST_00586
TICKET_0009204,STORE_04,2024-01-12 07:48:00,4.72,1,CUST_00460
TICKET_0009205,STORE_04,2024-03-09 07:40:00,28.26,4,CUST_00340
TICKET_0009206,STORE_02,2024-01-29 14:28:00,23.16,3,CUST_00579
TICKET_0009207,STORE_10,2024-03-22 15:43:00,9.63,3,CUST_00132
TICKET_0009208,STORE_01,2024-01-15 13:23:00,9.81,1,CUST_00493
TICKET_0009209,STORE_04,2024-03-31 08:16:00,11.03,1,CUST_00402
TICKET_0009210,STORE_01,2024-03-20 10:21:00,7.01,1,CUST_00153
TICKET_0009211,STORE_04,2024-03-05 18:36:00,8.82,1,CUST_00360
TICKET_0009212,STORE_07,2024-01-16 13:51:00,7.85,1,CUST_00330
TICKET_0009213,STORE_04,2024-01-04 13:46:00,35.33,5,CUST_00381
TICKET_0009214,STORE_08,2024-03-04 11:17:00,28.85,2,CUST_00656
TICKET_0009215,STORE_08,2024-01-24 21:01:00,31.62,3,CUST_00863
TICKET_0009216,STORE_05,2024-01-03 18:35:00,12.35,3,CUST_00155
TICKET_0009217,STORE_05,2024-02-28 18:25:00,37.35,4,CUST_00996
TICKET_0009218,STORE_07,2024-02-28 18:16:00,15.53,2,CUST_00398
TICKET_0009219,STORE_10,2024-01-26 13:49:00,30.84,5,CUST_00011
TICKET_0009220,STORE_08,2024-02-15 09:47:00,5.93,2,CUST_00477
TICKET_0009221,STORE_04,2024-02-03 11:26:00,6.19,1,CUST_00105
TICKET_0009222,STORE_04,2024-03-07 16:55:00,3.41,1,CUST_00394
TICKET_0009223,STORE_08,2024-01-04 20:07:00,30.53,4,CUST_00415
TICKET_0009224,STORE_01,2024-01-20 14:30:00,24.44,3,CUST_00604
TICKET_0009225,STORE_04,2024-01-25 11:00:00,7.66,1,CUST_00544
TICKET_0009226,STORE_02,2024-01-17 18:38:00,17.43,3,CUST_00509
TICKET_0009227,STORE_09,2024-01-06 13:28:00,20.51,2,CUST_00532
TICKET_0009228,STORE_01,2024-02-21 13:54:00,8.62,1,CUST_00405
TICKET_0009229,STORE_01,2024-01-25 16:05:00,9.17,1,CUST_00238
TICKET_0009230,STORE_09,2024-01-06 14:10:00,20.35,3,CUST_00476
TICKET_0009231,STORE_09,2024-03-16 20:29:00,14.07,2,CUST_00495
TICKET_0009232,STORE_07,2024-01-26 21:27:00,2.88,1,CUST_00363
TICKET_0009233,STORE_03,2024-03-19 07:56:00,9.83,1,CUST_00680
TICKET_0009234,STORE_03,2024-01-26 12:20:00,14.27,1,CUST_00529
TICKET_0009235,STORE_04,2024-01-17 20:59:00,8.19,1,CUST_00496
TICKET_0009236,STORE_06,2024-01-09 21:13:00,23.31,2,CUST_00027
TICKET_0009237,STORE_07,2024-03-15 13:21:00,14.8,4,CUST_00119
TICKET_0009238,STORE_01,2024-02-12 13:24:00,2.91,1,CUST_00968
TICKET_0009239,STORE_03,2024-03-29 09:20:00,25.7,3,CUST_00185
TICKET_0009240,STORE_01,2024-03-26 13:01:00,11.07,2,CUST_00749
TICKET_0009241,STORE_10,2024-03-01 11:09:00,5.9,1,CUST_00477
TICKET_0009242,STORE_04,2024-02-09 14:14:00,22.61,2,CUST_00511
TICKET_0009243,STORE_07,2024-03-02 20:56:00,23.39,3,CUST_00038
TICKET_0009244,STORE_01,2024-01-14 20:36:00,2.32,1,CUST_00153
TICKET_0009245,STORE_08,2024-02-19 19:13:00,25.07,2,CUST_00245
TICKET_0009246,STORE_03,2024-03-01 11:10:00,16.23,3,CUST_00582
TICKET_0009247,STORE_06,2024-01-23 09:53:00,32.34,5,CUST_00295
TICKET_0009248,STORE_05,2024-03-31 16:34:00,29.81,3,CUST_00495
TICKET_0009249,STORE_01,2024-03-05 07:55:00,17.1,2,CUST_00159
TICKET_0009250,STORE_08,2024-01-12 14:59:00,12.43,2,CUST_00715
TICKET_0009251,STORE_05,2024-03-11 14:38:00,6.62,1,CUST_00440
TICKET_0009252,STORE_08,2024-03-17 16:18:00,12.93,2,CUST_00882
TICKET_0009253,STORE_07,2024-02-18 18:31:00,27.85,2,CUST_00022
TICKET_0009254,STORE_04,2024-01-29 13:18:00,29.42,3,CUST_00084
TICKET_0009255,STORE_09,2024-02-10 09:02:00,17.58,2,CUST_00266
TICKET_0009256,STORE_06,2024-02-04 19:27:00,21.92,2,CUST_00011
TICKET_0009257,STORE_01,2024-01-13 15:41:00,4.65,1,CUST_00570
TICKET_0009258,STORE_08,2024-02-29 20:50:00,26.85,3,CUST_00482
TICKET_0009259,STORE_08,2024-01-08 15:05:00,2.94,1,CUST_00372
TICKET_0009260,STORE_02,2024-01-23 20:44:00,39.84,4,CUST_00550
TICKET_0009261,STORE_07,2024-03-07 18:17:00,17.15,2,CUST_00169
TICKET_0009262,STORE_02,2024-01-29 21:41:00,14.33,3,CUST_00601
TICKET_0009263,STORE_02,2024-02-11 07:54:00,18.59,2,CUST_00263
TICKET_0009264,STORE_05,2024-01-27 20:26:00,23.13,2,CUST_00243
TICKET_0009265,STORE_08,2024-03-02 21:33:00,22.5,2,CUST_00522
TICKET_0009266,STORE_04,2024-02-06 16:25:00,5.66,1,CUST_00833
TICKET_0009267,STORE_06,2024-01-02 17:47:00,14.02,2,CUST_00008
TICKET_0009268,STORE_02,2024-02-04 15:40:00,25.48,3,CUST_00721
TICKET_0009269,STORE_07,2024-01-02 07:58:00,41.01,5,CUST_00174
TICKET_0009270,STORE_04,2024-02-19 14:10:00,22.73,2,CUST_00230
TICKET_0009271,STORE_06,2024-01-30 10:39:00,19.48,3,CUST_00416
TICKET_0009272,STORE_04,2024-02-01 10:59:00,34.05,3,CUST_00345
TICKET_0009273,STORE_09,2024-02-14 20:35:00,7.79,2,CUST_00239
TICKET_0009274,STORE_10,2024-02-18 19:05:00,4.58,1,CUST_00173
TICKET_0009275,STORE_07,2024-02-10 12:52:00,19.31,2,CUST_00902
TICKET_0009276,STORE_07,2024-01-02 18:06:00,5.23,1,CUST_00667
TICKET_0009277,STORE_03,2024-03-28 09:37:00,6.68,1,CUST_00668
TICKET_0009278,STORE_08,2024-03-01 08:31:00,19.53,2,CUST_00336
TICKET_0009279,STORE_02,2024-01-22 07:13:00,13.22,1,CUST_00724
TICKET_0009280,STORE_09,2024-01-04 12:59:00,19.21,2,CUST_00273
TICKET_0009281,STORE_01,2024-03-26 17:12:00,12.75,2,CUST_00891
TICKET_0009282,STORE_06,2024-02-16 17:26:00,12.16,1,CUST_00751
TICKET_0009283,STORE_06,2024-01-17 16:39:00,6.8,1,CUST_00311
TICKET_0009284,STORE_05,2024-01-28 16:16:00,26.48,2,CUST_00873
TICKET_0009285,STORE_07,2024-03-24 21:46:00,10.84,2,CUST_00171
TICKET_0009286,STORE_06,2024-03-06 07:44:00,41.29,5,CUST_00211
TICKET_0009287,STORE_02,2024-03-01 14:57:00,2.71,1,CUST_00920
TICKET_0009288,STORE_02,2024-01-26 17:59:00,14.04,1,CUST_00760
TICKET_0009289,STORE_07,2024-01-25 12:52:00,30.11,3,CUST_00132
TICKET_0009290,STORE_10,2024-03-24 18:33:00,14.86,1,CUST_00758
TICKET_0009291,STORE_05,2024-03-22 21:48:00,2.99,1,CUST_00573
TICKET_0009292,STORE_07,2024-01-01 14:22:00,53.58,5,CUST_00974
TICKET_0009293,STORE_08,2024-01-27 07:38:00,9.75,1,CUST_00611
TICKET_0009294,STORE_08,2024-02-27 07:10:00,16.59,3,CUST_00138
TICKET_0009295,STORE_08,2024-02-11 20:13:00,27.5,3,CUST_00076
TICKET_0009296,STORE_07,2024-01-15 09:45:00,23.31,3,CUST_00188
TICKET_0009297,STORE_01,2024-03-09 21:12:00,28.5,4,CUST_00292
TICKET_0009298,STORE_02,2024-02-21 08:08:00,6.73,1,CUST_00880
TICKET_0009299,STORE_09,2024-01-06 08:41:00,10.1,2,CUST_00154
TICKET_0009300,STORE_02,2024-02-06 15:28:00,22.97,2,CUST_00071
TICKET_0009301,STORE_06,2024-01-09 10:23:00,19.32,2,CUST_00720
TICKET_0009302,STORE_09,2024-01-31 15:29:00,11.26,1,CUST_00786
TICKET_0009303,STORE_05,2024-01-30 10:03:00,17.78,3,CUST_00344
TICKET_0009304,STORE_05,2024-03-02 09:16:00,45.97,4,CUST_00596
TICKET_0009305,STORE_06,2024-03-31 10:11:00,32.91,3,CUST_00390
TICKET_0009306,STORE_04,2024-03-01 17:48:00,19.75,2,CUST_00435
TICKET_0009307,STORE_07,2024-01-17 10:00:00,15.43,2,CUST_00992
TICKET_0009308,STORE_10,2024-02-05 17:38:00,5.55,2,CUST_00208
TICKET_0009309,STORE_07,2024-03-25 19:13:00,24.87,3,CUST_00637
TICKET_0009310,STORE_05,2024-03-28 19:44:00,32.72,5,CUST_00898
TICKET_0009311,STORE_10,2024-03-22 16:20:00,13.61,2,CUST_00691
TICKET_0009312,STORE_04,2024-02-07 21:37:00,19.74,2,CUST_00184
TICKET_0009313,STORE_09,2024-01-14 13:31:00,17.91,2,CUST_00150
TICKET_0009314,STORE_01,2024-03-24 12:21:00,17.0,2,CUST_00685
TICKET_0009315,STORE_08,2024-01-22 12:26:00,9.54,1,CUST_00731
TICKET_0009316,STORE_03,2024-03-25 17:15:00,19.47,4,CUST_00194
TICKET_0009317,STORE_10,2024-02-11 15:30:00,11.85,2,CUST_00634
TICKET_0009318,STORE_04,2024-01-20 16:17:00,14.82,2,CUST_00032
TICKET_0009319,STORE_09,2024-02-15 08:33:00,28.69,3,CUST_00367
TICKET_0009320,STORE_09,2024-01-14 12:09:00,10.87,2,CUST_00585
TICKET_0009321,STORE_03,2024-02-23 17:36:00,19.56,2,CUST_00340
TICKET_0009322,STORE_04,2024-01-20 12:19:00,13.6,2,CUST_00091
TICKET_0009323,STORE_03,2024-02-21 17:09:00,17.1,2,CUST_00505
TICKET_0009324,STORE_07,2024-03-26 08:47:00,14.85,2,CUST_00702
TICKET_0009325,STORE_06,2024-03-08 13:04:00,28.87,3,CUST_00721
TICKET_0009326,STORE_01,2024-02-28 18:57:00,39.19,4,CUST_00406
TICKET_0009327,STORE_05,2024-03-02 11:42:00,2.36,1,CUST_00269
TICKET_0009328,STORE_03,2024-02-10 21:23:00,35.27,4,CUST_00155
TICKET_0009329,STORE_08,2024-01-21 12:48:00,43.99,4,CUST_00699
TICKET_0009330,STORE_10,2024-01-10 10:40:00,25.28,4,CUST_00190
TICKET_0009331,STORE_04,2024-01-28 19:00:00,21.62,3,CUST_00062
TICKET_0009332,STORE_06,2024-02-25 19:27:00,41.63,4,CUST_00498
TICKET_0009333,STORE_09,2024-01-04 07:26:00,16.38,2,CUST_00892
TICKET_0009334,STORE_04,2024-03-05 21:29:00,21.19,2,CUST_01000
TICKET_0009335,STORE_01,2024-03-21 21:57:00,11.09,2,CUST_00400
TICKET_0009336,STORE_07,2024-03-12 19:09:00,12.1,1,CUST_00290
TICKET_0009337,STORE_03,2024-02-12 11:28:00,19.23,3,CUST_00981
TICKET_0009338,STORE_09,2024-02-07 16:35:00,49.39,5,CUST_00039
TICKET_0009339,STORE_05,2024-01-26 12:57:00,13.72,1,CUST_00037
TICKET_0009340,STORE_09,2024-02-09 16:25:00,35.34,4,CUST_00596
TICKET_0009341,STORE_03,2024-01-23 12:44:00,12.5,3,CUST_00954
TICKET_0009342,STORE_03,2024-02-07 10:08:00,10.9,2,CUST_00815
TICKET_0009343,STORE_02,2024-02-12 07:47:00,30.34,4,CUST_00455
TICKET_0009344,STORE_05,2024-02-23 13:20:00,14.61,2,CUST_00921
TICKET_0009345,STORE_09,2024-03-22 11:05:00,9.37,1,CUST_00736
TICKET_0009346,STORE_05,2024-02-23 17:36:00,20.5,2,CUST_00252
TICKET_0009347,STORE_04,2024-01-01 19:26:00,13.74,1,CUST_00282
TICKET_0009348,STORE_02,2024-02-14 11:04:00,32.53,3,CUST_00068
TICKET_0009349,STORE_03,2024-02-29 15:02:00,63.25,6,CUST_00183
TICKET_0009350,STORE_08,2024-03-09 09:02:00,18.6,2,CUST_00902
TICKET_0009351,STORE_07,2024-03-03 09:09:00,19.99,2,CUST_00819
TICKET_0009352,STORE_01,2024-01-16 11:29:00,7.69,1,CUST_00333
TICKET_0009353,STORE_10,2024-03-28 17:51:00,13.4,2,CUST_00657
TICKET_0009354,STORE_08,2024-02-25 19:15:00,13.33,2,CUST_00553
TICKET_0009355,STORE_09,2024-03-12 07:02:00,15.97,2,CUST_00342
TICKET_0009356,STORE_01,2024-02-11 17:32:00,6.9,1,CUST_00874
TICKET_0009357,STORE_05,2024-03-25 15:53:00,15.31,2,CUST_00950
TICKET_0009358,STORE_09,2024-03-12 12:59:00,8.68,1,CUST_00625
TICKET_0009359,STORE_07,2024-03-22 13:57:00,20.55,3,CUST_00058
TICKET_0009360,STORE_04,2024-01-12 13:45:00,3.65,1,CUST_00394
TICKET_0009361,STORE_03,2024-02-12 15:03:00,6.31,1,CUST_00025
TICKET_0009362,STORE_04,2024-02-01 12:37:00,6.14,1,CUST_00879
TICKET_0009363,STORE_07,2024-02-03 15:28:00,25.78,3,CUST_00100
TICKET_0009364,STORE_03,2024-01-03 10:55:00,31.07,3,CUST_00632
TICKET_0009365,STORE_04,2024-02-09 14:09:00,41.57,4,CUST_00183
TICKET_0009366,STORE_01,2024-01-03 08:39:00,28.59,3,CUST_00982
TICKET_0009367,STORE_08,2024-01-19 19:53:00,17.36,2,CUST_00170
TICKET_0009368,STORE_05,2024-02-28 10:57:00,31.51,4,CUST_00729
TICKET_0009369,STORE_06,2024-03-01 09:41:00,40.55,4,CUST_00157
TICKET_0009370,STORE_01,2024-02-28 09:01:00,8.84,1,CUST_00681
TICKET_0009371,STORE_08,2024-01-05 07:54:00,32.54,4,CUST_00293
TICKET_0009372,STORE_08,2024-01-05 09:21:00,12.14,1,CUST_00839
TICKET_0009373,STORE_08,2024-03-11 16:56:00,28.22,3,CUST_00735
TICKET_0009374,STORE_09,2024-03-10 20:17:00,24.06,3,CUST_00380
TICKET_0009375,STORE_10,2024-03-24 15:21:00,11.66,2,CUST_00509
TICKET_0009376,STORE_09,2024-01-12 21:20:00,30.14,4,CUST_00434
TICKET_0009377,STORE_05,2024-01-30 16:38:00,26.71,4,CUST_00441
TICKET_0009378,STORE_01,2024-02-06 08:38:00,20.24,2,CUST_00872
TICKET_0009379,STORE_03,2024-03-17 12:27:00,14.05,2,CUST_00652
TICKET_0009380,STORE_02,2024-01-05 17:55:00,15.77,2,CUST_00114
TICKET_0009381,STORE_08,2024-02-15 20:43:00,9.22,2,CUST_00062
TICKET_0009382,STORE_06,2024-03-05 13:04:00,9.14,1,CUST_00321
TICKET_0009383,STORE_08,2024-02-29 18:12:00,18.19,4,CUST_00965
TICKET_0009384,STORE_04,2024-02-08 21:59:00,20.42,2,CUST_00005
TICKET_0009385,STORE_03,2024-02-22 17:46:00,15.69,2,CUST_00187
TICKET_0009386,STORE_05,2024-03-19 19:43:00,10.6,2,CUST_00151
TICKET_0009387,STORE_06,2024-02-11 14:19:00,2.55,1,CUST_00921
TICKET_0009388,STORE_01,2024-01-02 17:02:00,9.22,2,CUST_00469
TICKET_0009389,STORE_03,2024-02-03 10:05:00,19.19,2,CUST_00329
TICKET_0009390,STORE_01,2024-01-24 17:51:00,13.14,3,CUST_00333
TICKET_0009391,STORE_10,2024-02-01 21:38:00,10.07,1,CUST_00150
TICKET_0009392,STORE_06,2024-02-15 08:45:00,19.88,2,CUST_00334
TICKET_0009393,STORE_04,2024-03-21 12:48:00,16.29,3,CUST_00216
TICKET_0009394,STORE_07,2024-01-28 13:32:00,48.69,4,CUST_00387
TICKET_0009395,STORE_02,2024-02-05 07:14:00,30.85,4,CUST_00735
TICKET_0009396,STORE_05,2024-01-10 10:29:00,27.28,3,CUST_00500
TICKET_0009397,STORE_09,2024-01-28 21:11:00,10.27,2,CUST_00431
TICKET_0009398,STORE_06,2024-03-18 17:48:00,20.61,2,CUST_00248
TICKET_0009399,STORE_08,2024-03-31 19:40:00,10.22,1,CUST_00556
TICKET_0009400,STORE_02,2024-03-10 19:41:00,2.91,1,CUST_00558
TICKET_0009401,STORE_09,2024-03-23 11:52:00,37.02,4,CUST_00972
TICKET_0009402,STORE_07,2024-02-05 07:58:00,5.57,1,CUST_00481
TICKET_0009403,STORE_01,2024-03-28 14:55:00,18.89,3,CUST_00831
TICKET_0009404,STORE_01,2024-02-06 09:08:00,10.34,1,CUST_00907
TICKET_0009405,STORE_02,2024-03-11 07:07:00,56.31,5,CUST_00708
TICKET_0009406,STORE_10,2024-02-09 18:52:00,21.56,2,CUST_00854
TICKET_0009407,STORE_05,2024-03-09 11:41:00,18.24,2,CUST_00158
TICKET_0009408,STORE_01,2024-01-09 13:45:00,4.95,1,CUST_00015
TICKET_0009409,STORE_06,2024-02-16 10:47:00,14.34,2,CUST_00580
TICKET_0009410,STORE_01,2024-02-26 07:25:00,8.02,1,CUST_00275
TICKET_0009411,STORE_10,2024-03-27 18:29:00,2.49,1,CUST_00322
TICKET_0009412,STORE_07,2024-03-01 10:44:00,48.58,5,CUST_00186
TICKET_0009413,STORE_03,2024-02-26 13:08:00,18.87,2,CUST_00199
TICKET_0009414,STORE_07,2024-02-25 12:52:00,37.26,4,CUST_00547
TICKET_0009415,STORE_10,2024-03-29 10:26:00,11.74,2,CUST_00508
TICKET_0009416,STORE_02,2024-03-13 14:59:00,29.62,4,CUST_00176
TICKET_0009417,STORE_03,2024-02-28 08:08:00,14.4,2,CUST_00141
TICKET_0009418,STORE_04,2024-02-04 16:19:00,22.41,3,CUST_00242
TICKET_0009419,STORE_10,2024-03-12 19:08:00,12.76,2,CUST_00077
TICKET_0009420,STORE_04,2024-02-12 11:40:00,23.83,4,CUST_00881
TICKET_0009421,STORE_08,2024-02-17 10:47:00,13.24,2,CUST_00450
TICKET_0009422,STORE_01,2024-01-08 21:09:00,20.38,2,CUST_00906
TICKET_0009423,STORE_01,2024-02-14 17:14:00,15.58,2,CUST_00995
TICKET_0009424,STORE_05,2024-01-21 14:03:00,16.94,2,CUST_00644
TICKET_0009425,STORE_01,2024-03-19 21:38:00,27.55,4,CUST_00942
TICKET_0009426,STORE_10,2024-01-13 18:23:00,17.16,2,CUST_00497
TICKET_0009427,STORE_08,2024-01-09 11:12:00,9.65,2,CUST_00984
TICKET_0009428,STORE_10,2024-03-10 12:26:00,2.59,1,CUST_00626
TICKET_0009429,STORE_08,2024-01-29 13:58:00,25.65,3,CUST_00418
TICKET_0009430,STORE_02,2024-03-20 19:50:00,9.79,1,CUST_00738
TICKET_0009431,STORE_04,2024-03-14 14:51:00,14.42,1,CUST_00672
TICKET_0009432,STORE_07,2024-02-20 20:46:00,10.42,2,CUST_00427
TICKET_0009433,STORE_01,2024-02-21 19:18:00,14.34,2,CUST_00731
TICKET_0009434,STORE_08,2024-02-27 13:03:00,13.96,1,CUST_00731
TICKET_0009435,STORE_09,2024-01-01 08:53:00,8.15,1,CUST_00849
TICKET_0009436,STORE_06,2024-03-30 15:33:00,17.29,2,CUST_00514
TICKET_0009437,STORE_05,2024-02-15 18:51:00,14.87,1,CUST_00431
TICKET_0009438,STORE_02,2024-03-17 09:33:00,14.63,2,CUST_00480
TICKET_0009439,STORE_02,2024-01-31 20:25:00,27.71,4,CUST_00450
TICKET_0009440,STORE_09,2024-01-10 15:17:00,9.52,1,CUST_00117
TICKET_0009441,STORE_04,2024-03-24 10:53:00,11.69,2,CUST_00559
TICKET_0009442,STORE_06,2024-01-23 19:24:00,42.62,6,CUST_00961
TICKET_0009443,STORE_10,2024-02-06 15:30:00,22.85,4,CUST_00030
TICKET_0009444,STORE_03,2024-02-29 12:13:00,32.19,3,CUST_00786
TICKET_0009445,STORE_02,2024-02-18 16:52:00,22.4,3,CUST_00152
TICKET_0009446,STORE_10,2024-01-06 10:13:00,14.48,1,CUST_00813
TICKET_0009447,STORE_05,2024-03-02 09:17:00,38.16,4,CUST_00890
TICKET_0009448,STORE_10,2024-02-27 15:40:00,9.82,1,CUST_00429
TICKET_0009449,STORE_08,2024-02-23 19:45:00,12.21,3,CUST_00421
TICKET_0009450,STORE_03,2024-03-02 07:36:00,16.51,2,CUST_00422
TICKET_0009451,STORE_02,2024-03-20 14:20:00,16.09,2,CUST_00686
TICKET_0009452,STORE_09,2024-03-29 16:32:00,5.61,1,CUST_00001
TICKET_0009453,STORE_05,2024-02-07 16:09:00,13.59,3,CUST_00888
TICKET_0009454,STORE_05,2024-03-04 09:12:00,25.76,4,CUST_00660
TICKET_0009455,STORE_06,2024-01-07 20:05:00,27.86,3,CUST_00171
TICKET_0009456,STORE_05,2024-03-23 12:00:00,26.91,3,CUST_00396
TICKET_0009457,STORE_10,2024-03-08 07:26:00,8.72,1,CUST_00947
TICKET_0009458,STORE_04,2024-02-15 12:01:00,4.36,1,CUST_00005
TICKET_0009459,STORE_02,2024-03-06 14:54:00,6.93,1,CUST_00177
TICKET_0009460,STORE_01,2024-03-16 15:56:00,12.78,2,CUST_00347
TICKET_0009461,STORE_01,2024-03-16 20:24:00,30.96,4,CUST_00773
TICKET_0009462,STORE_06,2024-01-05 07:28:00,8.09,2,CUST_00140
TICKET_0009463,STORE_10,2024-03-12 19:30:00,22.66,2,CUST_00822
TICKET_0009464,STORE_08,2024-01-03 09:08:00,14.81,2,CUST_00697
TICKET_0009465,STORE_06,2024-03-11 07:35:00,10.19,1,CUST_00351
TICKET_0009466,STORE_07,2024-03-21 11:40:00,55.21,6,CUST_00844
TICKET_0009467,STORE_04,2024-03-26 18:23:00,5.61,2,CUST_00436
TICKET_0009468,STORE_01,2024-03-24 15:19:00,6.29,1,CUST_00339
TICKET_0009469,STORE_02,2024-03-15 11:04:00,10.2,2,CUST_00700
TICKET_0009470,STORE_01,2024-03-30 15:00:00,13.16,2,CUST_00806
TICKET_0009471,STORE_02,2024-02-29 12:42:00,14.4,2,CUST_00504
TICKET_0009472,STORE_05,2024-01-09 07:12:00,17.22,3,CUST_00832
TICKET_0009473,STORE_06,2024-03-29 08:41:00,14.94,1,CUST_00961
TICKET_0009474,STORE_07,2024-01-02 12:33:00,12.62,3,CUST_00199
TICKET_0009475,STORE_02,2024-01-26 17:38:00,22.46,3,CUST_00517
TICKET_0009476,STORE_08,2024-03-25 19:21:00,14.16,1,CUST_00107
TICKET_0009477,STORE_10,2024-01-11 12:14:00,6.52,1,CUST_00693
TICKET_0009478,STORE_06,2024-01-04 21:57:00,33.1,4,CUST_00455
TICKET_0009479,STORE_06,2024-01-18 07:37:00,35.65,4,CUST_00735
TICKET_0009480,STORE_10,2024-01-20 21:10:00,6.75,2,CUST_00070
TICKET_0009481,STORE_02,2024-01-29 17:32:00,25.79,2,CUST_00003
TICKET_0009482,STORE_09,2024-02-05 14:05:00,21.62,2,CUST_00012
TICKET_0009483,STORE_10,2024-01-12 20:08:00,16.7,3,CUST_00044
TICKET_0009484,STORE_01,2024-02-09 20:56:00,41.64,4,CUST_00665
TICKET_0009485,STORE_08,2024-03-21 19:34:00,11.39,2,CUST_00201
TICKET_0009486,STORE_02,2024-02-11 17:49:00,19.45,2,CUST_00140
TICKET_0009487,STORE_09,2024-03-17 16:29:00,3.43,1,CUST_00924
TICKET_0009488,STORE_04,2024-01-15 12:39:00,14.74,2,CUST_00559
TICKET_0009489,STORE_10,2024-01-15 09:26:00,15.56,2,CUST_00242
TICKET_0009490,STORE_03,2024-01-14 16:48:00,16.42,2,CUST_00600
TICKET_0009491,STORE_02,2024-02-24 10:31:00,53.66,5,CUST_00884
TICKET_0009492,STORE_02,2024-01-01 16:39:00,7.9,1,CUST_00696
TICKET_0009493,STORE_08,2024-03-17 17:01:00,3.59,1,CUST_00719
TICKET_0009494,STORE_10,2024-01-30 07:45:00,4.51,1,CUST_00262
TICKET_0009495,STORE_06,2024-03-26 17:31:00,13.53,2,CUST_00169
TICKET_0009496,STORE_05,2024-01-02 10:25:00,7.16,1,CUST_00432
TICKET_0009497,STORE_04,2024-02-17 16:25:00,13.07,2,CUST_00919
TICKET_0009498,STORE_07,2024-01-24 19:21:00,16.34,2,CUST_00389
TICKET_0009499,STORE_09,2024-03-23 13:28:00,8.92,2,CUST_00691
TICKET_0009500,STORE_06,2024-01-28 18:19:00,31.44,4,CUST_00174
TICKET_0009501,STORE_01,2024-03-07 12:35:00,14.11,1,CUST_00002
TICKET_0009502,STORE_04,2024-01-04 20:34:00,2.61,1,CUST_00840
TICKET_0009503,STORE_04,2024-03-12 13:45:00,12.61,1,CUST_00405
TICKET_0009504,STORE_08,2024-01-28 09:22:00,7.04,1,CUST_00154
TICKET_0009505,STORE_10,2024-03-25 08:40:00,14.39,2,CUST_00994
TICKET_0009506,STORE_10,2024-01-13 20:15:00,8.67,2,CUST_00865
TICKET_0009507,STORE_01,2024-01-06 15:56:00,10.66,3,CUST_00626
TICKET_0009508,STORE_05,2024-02-17 09:07:00,24.68,2,CUST_00513
TICKET_0009509,STORE_10,2024-03-12 09:39:00,4.52,1,CUST_00876
TICKET_0009510,STORE_07,2024-01-26 14:00:00,20.4,3,CUST_00986
TICKET_0009511,STORE_02,2024-03-31 07:49:00,30.97,3,CUST_00168
TICKET_0009512,STORE_04,2024-02-10 15:32:00,12.25,1,CUST_00868
TICKET_0009513,STORE_06,2024-01-15 16:09:00,21.9,2,CUST_00812
TICKET_0009514,STORE_01,2024-02-06 15:30:00,19.97,2,CUST_00034
TICKET_0009515,STORE_09,2024-01-23 10:45:00,7.67,1,CUST_00896
TICKET_0009516,STORE_09,2024-02-11 11:23:00,26.2,3,CUST_00160
TICKET_0009517,STORE_06,2024-03-27 09:05:00,5.79,1,CUST_00987
TICKET_0009518,STORE_04,2024-02-16 17:43:00,7.51,1,CUST_00535
TICKET_0009519,STORE_04,2024-01-22 20:20:00,29.85,3,CUST_00694
TICKET_0009520,STORE_05,2024-03-15 08:49:00,2.92,1,CUST_00580
TICKET_0009521,STORE_09,2024-02-24 21:44:00,14.48,2,CUST_00454
TICKET_0009522,STORE_09,2024-02-07 19:02:00,13.42,2,CUST_00962
TICKET_0009523,STORE_09,2024-02-23 16:56:00,18.12,2,CUST_00478
TICKET_0009524,STORE_01,2024-02-06 19:47:00,23.75,3,CUST_00345
TICKET_0009525,STORE_09,2024-01-11 11:34:00,22.46,3,CUST_00791
TICKET_0009526,STORE_03,2024-02-18 20:02:00,8.69,1,CUST_00852
TICKET_0009527,STORE_08,2024-01-22 14:22:00,43.48,4,CUST_00726
TICKET_0009528,STORE_09,2024-01-17 16:50:00,6.01,1,CUST_00333
TICKET_0009529,STORE_03,2024-03-02 13:47:00,39.25,5,CUST_00075
TICKET_0009530,STORE_01,2024-03-24 09:36:00,12.32,3,CUST_00532
TICKET_0009531,STORE_07,2024-01-27 21:22:00,35.93,4,CUST_00157
TICKET_0009532,STORE_06,2024-03-07 08:58:00,10.48,3,CUST_00441
TICKET_0009533,STORE_10,2024-02-08 14:31:00,8.81,2,CUST_00201
TICKET_0009534,STORE_04,2024-03-24 12:03:00,39.98,5,CUST_00467
TICKET_0009535,STORE_09,2024-01-15 13:39:00,6.7,1,CUST_00654
TICKET_0009536,STORE_05,2024-01-15 11:15:00,28.84,2,CUST_00509
TICKET_0009537,STORE_02,2024-03-18 12:06:00,7.24,2,CUST_00043
TICKET_0009538,STORE_04,2024-03-17 19:13:00,14.5,1,CUST_00872
TICKET_0009539,STORE_09,2024-03-06 08:10:00,8.36,1,CUST_00062
TICKET_0009540,STORE_01,2024-03-19 13:27:00,2.32,1,CUST_00808
TICKET_0009541,STORE_01,2024-03-03 08:06:00,12.17,2,CUST_00354
TICKET_0009542,STORE_05,2024-01-30 17:45:00,35.29,4,CUST_00133
TICKET_0009543,STORE_06,2024-01-27 12:46:00,31.5,4,CUST_00381
TICKET_0009544,STORE_05,2024-02-14 09:08:00,16.85,2,CUST_00177
TICKET_0009545,STORE_06,2024-02-04 10:00:00,25.18,3,CUST_00323
TICKET_0009546,STORE_07,2024-01-31 14:07:00,23.49,2,CUST_00355
TICKET_0009547,STORE_01,2024-03-27 12:42:00,35.87,3,CUST_00531
TICKET_0009548,STORE_01,2024-02-08 07:26:00,8.91,1,CUST_00696
TICKET_0009549,STORE_03,2024-02-26 09:10:00,9.11,2,CUST_00807
TICKET_0009550,STORE_02,2024-02-23 17:35:00,9.68,1,CUST_00201
TICKET_0009551,STORE_10,2024-03-09 21:42:00,37.58,4,CUST_00377
TICKET_0009552,STORE_05,2024-03-11 15:37:00,24.5,4,CUST_00467
TICKET_0009553,STORE_06,2024-02-08 14:35:00,47.64,5,CUST_00711
TICKET_0009554,STORE_04,2024-02-13 14:53:00,8.8,1,CUST_00329
TICKET_0009555,STORE_03,2024-03-31 16:56:00,23.14,2,CUST_00379
TICKET_0009556,STORE_07,2024-01-05 12:12:00,37.56,4,CUST_00171
TICKET_0009557,STORE_01,2024-03-08 12:51:00,2.54,1,CUST_00605
TICKET_0009558,STORE_07,2024-01-20 19:37:00,9.17,1,CUST_00624
TICKET_0009559,STORE_07,2024-01-11 10:47:00,5.89,1,CUST_00920
TICKET_0009560,STORE_04,2024-01-08 10:00:00,17.85,2,CUST_00380
TICKET_0009561,STORE_06,2024-02-01 17:33:00,27.36,5,CUST_00036
TICKET_0009562,STORE_05,2024-02-13 20:07:00,42.8,5,CUST_00420
TICKET_0009563,STORE_05,2024-01-20 11:15:00,18.91,2,CUST_00580
TICKET_0009564,STORE_08,2024-02-16 15:30:00,20.67,3,CUST_00254
TICKET_0009565,STORE_02,2024-01-03 07:19:00,21.45,4,CUST_00870
TICKET_0009566,STORE_08,2024-03-12 14:08:00,13.16,1,CUST_00941
TICKET_0009567,STORE_06,2024-02-12 07:30:00,11.82,2,CUST_00988
TICKET_0009568,STORE_09,2024-02-28 11:49:00,14.03,1,CUST_00111
TICKET_0009569,STORE_10,2024-01-01 21:28:00,11.56,2,CUST_00389
TICKET_0009570,STORE_02,2024-02-27 13:02:00,10.47,1,CUST_00405
TICKET_0009571,STORE_03,2024-02-21 20:42:00,9.21,1,CUST_00583
TICKET_0009572,STORE_05,2024-02-21 08:00:00,14.18,2,CUST_00455
TICKET_0009573,STORE_05,2024-01-05 18:07:00,13.52,2,CUST_00304
TICKET_0009574,STORE_03,2024-03-27 12:21:00,10.45,2,CUST_00580
TICKET_0009575,STORE_03,2024-01-02 20:23:00,21.99,3,CUST_00656
TICKET_0009576,STORE_05,2024-03-30 19:59:00,2.89,1,CUST_00579
TICKET_0009577,STORE_01,2024-03-20 14:52:00,50.51,5,CUST_00059
TICKET_0009578,STORE_04,2024-01-07 14:25:00,14.83,1,CUST_00238
TICKET_0009579,STORE_04,2024-03-07 19:35:00,13.81,1,CUST_00486
TICKET_0009580,STORE_08,2024-02-28 14:53:00,9.15,1,CUST_00064
TICKET_0009581,STORE_06,2024-02-16 15:15:00,6.7,1,CUST_00341
TICKET_0009582,STORE_01,2024-03-11 10:57:00,21.59,2,CUST_00823
TICKET_0009583,STORE_10,2024-01-16 20:54:00,11.24,2,CUST_00038
TICKET_0009584,STORE_02,2024-01-20 12:22:00,8.03,1,CUST_00439
TICKET_0009585,STORE_04,2024-01-27 19:05:00,5.12,1,CUST_00616
TICKET_0009586,STORE_05,2024-01-23 13:14:00,45.02,6,CUST_00350
TICKET_0009587,STORE_07,2024-03-22 11:27:00,32.97,3,CUST_00772
TICKET_0009588,STORE_03,2024-03-22 12:38:00,18.35,2,CUST_00209
TICKET_0009589,STORE_01,2024-02-12 15:58:00,6.07,1,CUST_00868
TICKET_0009590,STORE_02,2024-02-12 19:14:00,13.8,2,CUST_00012
TICKET_0009591,STORE_02,2024-02-15 13:59:00,28.24,3,CUST_00654
TICKET_0009592,STORE_08,2024-03-12 19:19:00,10.06,1,CUST_00255
TICKET_0009593,STORE_04,2024-01-21 10:51:00,16.83,2,CUST_00622
TICKET_0009594,STORE_08,2024-01-26 15:24:00,9.1,1,CUST_00384
TICKET_0009595,STORE_04,2024-02-10 21:39:00,22.86,3,CUST_00952
TICKET_0009596,STORE_04,2024-01-29 07:46:00,16.43,2,CUST_00308
TICKET_0009597,STORE_03,2024-01-15 17:01:00,12.26,2,CUST_00546
TICKET_0009598,STORE_06,2024-03-26 09:40:00,18.79,2,CUST_00147
TICKET_0009599,STORE_07,2024-01-29 17:00:00,42.16,4,CUST_00424
TICKET_0009600,STORE_10,2024-02-17 19:11:00,23.19,4,CUST_00179
TICKET_0009601,STORE_06,2024-03-03 16:15:00,35.18,4,CUST_00424
TICKET_0009602,STORE_03,2024-01-07 08:33:00,5.7,1,CUST_00173
TICKET_0009603,STORE_06,2024-02-26 20:30:00,33.8,4,CUST_00817
TICKET_0009604,STORE_10,2024-02-25 14:10:00,30.43,3,CUST_00952
TICKET_0009605,STORE_03,2024-03-04 20:44:00,13.41,2,CUST_00716
TICKET_0009606,STORE_05,2024-03-31 09:37:00,18.77,2,CUST_00952
TICKET_0009607,STORE_10,2024-02-17 16:38:00,11.43,2,CUST_00048
TICKET_0009608,STORE_06,2024-03-24 19:23:00,30.41,4,CUST_00357
TICKET_0009609,STORE_01,2024-02-03 14:37:00,33.52,5,CUST_00450
TICKET_0009610,STORE_04,2024-03-02 08:53:00,20.57,3,CUST_00916
TICKET_0009611,STORE_10,2024-02-26 19:43:00,19.94,3,CUST_00335
TICKET_0009612,STORE_05,2024-01-12 09:15:00,13.9,1,CUST_00439
TICKET_0009613,STORE_10,2024-02-23 10:25:00,5.97,1,CUST_00669
TICKET_0009614,STORE_05,2024-01-18 07:30:00,11.3,2,CUST_00104
TICKET_0009615,STORE_02,2024-01-16 17:00:00,4.74,1,CUST_00535
TICKET_0009616,STORE_01,2024-02-21 19:55:00,41.95,5,CUST_00122
TICKET_0009617,STORE_01,2024-01-20 16:26:00,17.79,2,CUST_00572
TICKET_0009618,STORE_06,2024-01-05 19:05:00,9.84,1,CUST_00620
TICKET_0009619,STORE_05,2024-01-27 16:49:00,18.9,2,CUST_00330
TICKET_0009620,STORE_07,2024-03-05 09:16:00,9.23,1,CUST_00915
TICKET_0009621,STORE_02,2024-02-20 13:15:00,8.8,2,CUST_00241
TICKET_0009622,STORE_03,2024-02-25 16:50:00,21.53,2,CUST_00244
TICKET_0009623,STORE_06,2024-02-08 21:13:00,4.3,1,CUST_00217
TICKET_0009624,STORE_07,2024-03-09 15:23:00,5.91,1,CUST_00719
TICKET_0009625,STORE_01,2024-03-08 09:42:00,11.43,2,CUST_00534
TICKET_0009626,STORE_07,2024-03-11 09:26:00,28.83,4,CUST_00246
TICKET_0009627,STORE_09,2024-02-21 21:48:00,32.77,4,CUST_00526
TICKET_0009628,STORE_05,2024-03-23 11:04:00,29.37,4,CUST_00620
TICKET_0009629,STORE_07,2024-01-11 10:33:00,36.92,4,CUST_00169
TICKET_0009630,STORE_10,2024-02-07 18:55:00,16.52,2,CUST_00717
TICKET_0009631,STORE_01,2024-01-22 15:06:00,9.55,1,CUST_00936
TICKET_0009632,STORE_08,2024-01-01 11:55:00,17.33,3,CUST_00087
TICKET_0009633,STORE_08,2024-03-16 17:56:00,21.85,2,CUST_00973
TICKET_0009634,STORE_07,2024-03-07 07:21:00,23.96,3,CUST_00699
TICKET_0009635,STORE_05,2024-01-25 21:39:00,5.69,2,CUST_00248
TICKET_0009636,STORE_07,2024-03-19 16:34:00,20.15,2,CUST_00445
TICKET_0009637,STORE_10,2024-03-09 17:37:00,4.8,1,CUST_00139
TICKET_0009638,STORE_05,2024-02-14 11:22:00,2.91,1,CUST_00735
TICKET_0009639,STORE_05,2024-03-14 10:04:00,17.64,4,CUST_00175
TICKET_0009640,STORE_08,2024-02-12 18:38:00,14.82,1,CUST_00010
TICKET_0009641,STORE_07,2024-03-26 18:50:00,9.05,1,CUST_00256
TICKET_0009642,STORE_02,2024-03-02 15:56:00,2.96,1,CUST_00931
TICKET_0009643,STORE_01,2024-02-10 10:38:00,17.57,3,CUST_00700
TICKET_0009644,STORE_02,2024-02-28 12:26:00,17.02,3,CUST_00788
TICKET_0009645,STORE_04,2024-01-24 16:51:00,12.41,2,CUST_00979
TICKET_0009646,STORE_04,2024-03-19 18:48:00,7.18,1,CUST_00203
TICKET_0009647,STORE_09,2024-03-27 17:04:00,3.08,1,CUST_00742
TICKET_0009648,STORE_05,2024-01-02 17:41:00,8.62,1,CUST_00037
TICKET_0009649,STORE_09,2024-01-20 19:34:00,10.28,1,CUST_00208
TICKET_0009650,STORE_10,2024-01-17 07:40:00,37.16,5,CUST_00593
TICKET_0009651,STORE_04,2024-03-25 11:17:00,29.29,3,CUST_00594
TICKET_0009652,STORE_01,2024-02-22 16:04:00,24.58,2,CUST_00232
TICKET_0009653,STORE_10,2024-03-29 15:51:00,36.93,3,CUST_00450
TICKET_0009654,STORE_03,2024-01-13 16:36:00,6.87,1,CUST_00943
TICKET_0009655,STORE_07,2024-02-13 09:06:00,23.12,2,CUST_00867
TICKET_0009656,STORE_04,2024-03-09 11:10:00,29.03,3,CUST_00579
TICKET_0009657,STORE_04,2024-01-05 13:51:00,14.45,1,CUST_00214
TICKET_0009658,STORE_04,2024-03-24 10:23:00,2.95,1,CUST_00511
TICKET_0009659,STORE_05,2024-02-07 14:58:00,18.36,3,CUST_00281
TICKET_0009660,STORE_10,2024-01-17 12:02:00,10.37,2,CUST_00449
TICKET_0009661,STORE_05,2024-03-11 09:36:00,36.87,4,CUST_00149
TICKET_0009662,STORE_10,2024-02-19 11:50:00,17.26,2,CUST_00662
TICKET_0009663,STORE_08,2024-03-03 18:28:00,16.61,2,CUST_00336
TICKET_0009664,STORE_10,2024-01-06 13:44:00,6.14,1,CUST_00692
TICKET_0009665,STORE_07,2024-01-17 12:15:00,24.38,3,CUST_00253
TICKET_0009666,STORE_09,2024-01-28 15:20:00,21.56,2,CUST_00155
TICKET_0009667,STORE_03,2024-03-09 21:20:00,13.41,2,CUST_00016
TICKET_0009668,STORE_02,2024-03-05 13:09:00,7.22,1,CUST_00775
TICKET_0009669,STORE_09,2024-03-03 08:11:00,40.29,4,CUST_00080
TICKET_0009670,STORE_06,2024-03-20 16:53:00,24.29,2,CUST_00146
TICKET_0009671,STORE_03,2024-02-11 13:14:00,15.09,2,CUST_00801
TICKET_0009672,STORE_03,2024-03-06 07:54:00,24.1,3,CUST_00284
TICKET_0009673,STORE_09,2024-01-04 19:04:00,5.79,1,CUST_00007
TICKET_0009674,STORE_06,2024-01-04 19:59:00,44.42,4,CUST_00129
TICKET_0009675,STORE_08,2024-02-23 17:28:00,9.75,1,CUST_00758
TICKET_0009676,STORE_07,2024-01-27 13:30:00,43.54,5,CUST_00317
TICKET_0009677,STORE_07,2024-02-27 11:12:00,3.15,1,CUST_00113
TICKET_0009678,STORE_08,2024-03-23 20:12:00,8.86,1,CUST_00020
TICKET_0009679,STORE_01,2024-01-08 20:34:00,20.71,2,CUST_00622
TICKET_0009680,STORE_02,2024-01-31 10:10:00,29.02,3,CUST_00602
TICKET_0009681,STORE_05,2024-01-02 17:47:00,7.52,1,CUST_00973
TICKET_0009682,STORE_05,2024-01-29 12:58:00,14.43,1,CUST_00064
TICKET_0009683,STORE_03,2024-02-13 13:31:00,21.87,2,CUST_00221
TICKET_0009684,STORE_07,2024-01-09 19:29:00,9.06,1,CUST_00782
TICKET_0009685,STORE_10,2024-03-02 18:53:00,15.02,1,CUST_00117
TICKET_0009686,STORE_08,2024-03-26 19:21:00,7.15,1,CUST_00240
TICKET_0009687,STORE_05,2024-02-27 07:16:00,6.25,2,CUST_00697
TICKET_0009688,STORE_08,2024-01-14 15:36:00,28.38,4,CUST_00356
TICKET_0009689,STORE_04,2024-03-12 13:58:00,14.15,1,CUST_00106
TICKET_0009690,STORE_04,2024-01-24 11:28:00,18.22,2,CUST_00879
TICKET_0009691,STORE_05,2024-01-04 16:50:00,30.81,3,CUST_00472
TICKET_0009692,STORE_05,2024-01-09 16:05:00,16.33,2,CUST_00939
TICKET_0009693,STORE_03,2024-02-27 10:52:00,23.67,3,CUST_00825
TICKET_0009694,STORE_09,2024-01-26 13:43:00,31.13,3,CUST_00079
TICKET_0009695,STORE_10,2024-03-27 20:51:00,13.73,1,CUST_00187
TICKET_0009696,STORE_02,2024-03-22 10:28:00,22.54,5,CUST_00562
TICKET_0009697,STORE_02,2024-01-10 08:52:00,12.01,1,CUST_00230
TICKET_0009698,STORE_05,2024-02-15 21:48:00,14.53,1,CUST_00390
TICKET_0009699,STORE_03,2024-03-25 11:02:00,4.48,1,CUST_00349
TICKET_0009700,STORE_10,2024-01-05 14:07:00,11.64,1,CUST_00924
TICKET_0009701,STORE_02,2024-03-02 17:43:00,6.86,1,CUST_00973
TICKET_0009702,STORE_03,2024-01-28 09:12:00,2.25,1,CUST_00275
TICKET_0009703,STORE_05,2024-03-29 21:25:00,12.44,3,CUST_00251
TICKET_0009704,STORE_01,2024-02-14 09:53:00,18.27,4,CUST_00187
TICKET_0009705,STORE_01,2024-02-09 08:58:00,18.26,3,CUST_00589
TICKET_0009706,STORE_10,2024-03-27 10:07:00,14.09,2,CUST_00456
TICKET_0009707,STORE_02,2024-02-27 14:43:00,6.57,1,CUST_00647
TICKET_0009708,STORE_08,2024-03-24 17:40:00,28.37,4,CUST_00423
TICKET_0009709,STORE_07,2024-01-01 15:10:00,29.98,3,CUST_00542
TICKET_0009710,STORE_10,2024-02-25 09:19:00,16.83,2,CUST_00489
TICKET_0009711,STORE_10,2024-03-18 21:22:00,11.46,2,CUST_00255
TICKET_0009712,STORE_01,2024-02-12 21:25:00,15.27,1,CUST_00938
TICKET_0009713,STORE_03,2024-01-26 10:56:00,19.68,2,CUST_00084
TICKET_0009714,STORE_08,2024-02-18 13:53:00,11.64,3,CUST_00319
TICKET_0009715,STORE_07,2024-03-28 18:52:00,30.27,4,CUST_00997
TICKET_0009716,STORE_01,2024-03-29 18:00:00,18.16,2,CUST_00483
TICKET_0009717,STORE_02,2024-01-18 20:16:00,12.3,1,CUST_00010
TICKET_0009718,STORE_01,2024-03-23 08:35:00,2.26,1,CUST_00786
TICKET_0009719,STORE_02,2024-01-13 17:35:00,9.04,1,CUST_00128
TICKET_0009720,STORE_06,2024-01-25 21:37:00,27.98,3,CUST_00363
TICKET_0009721,STORE_10,2024-03-28 21:50:00,34.64,3,CUST_00682
TICKET_0009722,STORE_07,2024-03-24 21:04:00,29.47,3,CUST_00666
TICKET_0009723,STORE_06,2024-01-08 21:33:00,2.72,1,CUST_00326
TICKET_0009724,STORE_08,2024-01-11 11:27:00,15.42,2,CUST_00901
TICKET_0009725,STORE_01,2024-01-17 08:41:00,11.93,1,CUST_00402
TICKET_0009726,STORE_05,2024-02-08 13:57:00,19.38,2,CUST_00688
TICKET_0009727,STORE_05,2024-02-22 18:16:00,15.17,1,CUST_00316
TICKET_0009728,STORE_09,2024-03-27 08:27:00,23.22,2,CUST_00985
TICKET_0009729,STORE_02,2024-02-27 19:01:00,21.51,2,CUST_00823
TICKET_0009730,STORE_04,2024-03-27 10:33:00,10.31,1,CUST_00704
TICKET_0009731,STORE_06,2024-03-15 07:03:00,2.31,1,CUST_00271
TICKET_0009732,STORE_09,2024-03-01 17:42:00,15.67,2,CUST_00585
TICKET_0009733,STORE_01,2024-01-18 17:29:00,12.71,2,CUST_00219
TICKET_0009734,STORE_06,2024-01-20 16:53:00,6.17,2,CUST_00313
TICKET_0009735,STORE_09,2024-02-16 13:19:00,29.68,3,CUST_00215
TICKET_0009736,STORE_04,2024-01-07 19:45:00,20.83,2,CUST_00143
TICKET_0009737,STORE_01,2024-02-11 15:07:00,2.48,1,CUST_00117
TICKET_0009738,STORE_01,2024-01-24 11:44:00,13.01,2,CUST_00296
TICKET_0009739,STORE_05,2024-01-29 16:33:00,25.6,4,CUST_00661
TICKET_0009740,STORE_10,2024-01-07 13:10:00,16.7,3,CUST_00727
TICKET_0009741,STORE_02,2024-03-25 10:01:00,33.77,4,CUST_00940
TICKET_0009742,STORE_09,2024-02-09 18:46:00,6.69,2,CUST_00960
TICKET_0009743,STORE_03,2024-02-08 15:10:00,10.11,2,CUST_00888
TICKET_0009744,STORE_07,2024-01-17 18:35:00,7.81,1,CUST_00640
TICKET_0009745,STORE_03,2024-01-17 13:30:00,14.4,3,CUST_00476
TICKET_0009746,STORE_09,2024-02-14 16:51:00,12.08,2,CUST_00561
TICKET_0009747,STORE_01,2024-03-25 15:49:00,21.12,2,CUST_00143
TICKET_0009748,STORE_10,2024-01-07 09:10:00,16.76,2,CUST_00028
TICKET_0009749,STORE_04,2024-03-24 13:02:00,10.27,1,CUST_00106
TICKET_0009750,STORE_06,2024-02-25 17:07:00,7.19,2,CUST_00101
TICKET_0009751,STORE_08,2024-03-20 12:45:00,7.76,1,CUST_00907
TICKET_0009752,STORE_05,2024-03-04 11:35:00,30.74,4,CUST_00500
TICKET_0009753,STORE_06,2024-01-04 08:34:00,30.84,4,CUST_00171
TICKET_0009754,STORE_08,2024-02-15 16:14:00,21.62,2,CUST_00821
TICKET_0009755,STORE_02,2024-02-21 16:11:00,2.54,1,CUST_00570
TICKET_0009756,STORE_06,2024-01-15 19:17:00,41.75,5,CUST_00745
TICKET_0009757,STORE_02,2024-02-12 10:58:00,14.87,1,CUST_00616
TICKET_0009758,STORE_03,2024-02-16 11:42:00,48.3,5,CUST_00832
TICKET_0009759,STORE_02,2024-03-09 14:25:00,16.13,3,CUST_00417
TICKET_0009760,STORE_01,2024-01-11 15:26:00,4.87,1,CUST_00472
TICKET_0009761,STORE_10,2024-03-29 09:56:00,24.0,2,CUST_00674
TICKET_0009762,STORE_06,2024-01-14 18:41:00,28.28,3,CUST_00421
TICKET_0009763,STORE_04,2024-02-24 11:33:00,8.24,1,CUST_00237
TICKET_0009764,STORE_08,2024-02-01 16:47:00,7.78,2,CUST_00778
TICKET_0009765,STORE_05,2024-01-23 18:04:00,25.81,2,CUST_00859
TICKET_0009766,STORE_08,2024-03-11 12:28:00,14.29,4,CUST_00560
TICKET_0009767,STORE_03,2024-02-05 19:15:00,18.61,2,CUST_00857
TICKET_0009768,STORE_03,2024-01-24 18:37:00,52.86,6,CUST_00132
TICKET_0009769,STORE_03,2024-01-29 18:10:00,14.53,2,CUST_00094
TICKET_0009770,STORE_08,2024-01-15 15:45:00,20.54,5,CUST_00315
TICKET_0009771,STORE_03,2024-01-29 12:59:00,17.16,2,CUST_00116
TICKET_0009772,STORE_09,2024-02-18 07:12:00,18.42,2,CUST_00602
TICKET_0009773,STORE_07,2024-02-04 18:36:00,30.83,4,CUST_00432
TICKET_0009774,STORE_05,2024-02-12 20:52:00,18.34,2,CUST_00714
TICKET_0009775,STORE_06,2024-01-25 09:04:00,12.56,2,CUST_00999
TICKET_0009776,STORE_01,2024-02-25 11:09:00,31.4,4,CUST_00448
TICKET_0009777,STORE_04,2024-02-14 20:32:00,5.74,1,CUST_00708
TICKET_0009778,STORE_07,2024-03-09 13:00:00,33.06,4,CUST_00253
TICKET_0009779,STORE_03,2024-03-05 08:32:00,20.65,4,CUST_00545
TICKET_0009780,STORE_04,2024-02-27 18:08:00,6.45,1,CUST_00818
TICKET_0009781,STORE_07,2024-03-23 18:32:00,17.31,2,CUST_00603
TICKET_0009782,STORE_09,2024-02-18 11:01:00,18.48,2,CUST_00744
TICKET_0009783,STORE_03,2024-03-17 17:23:00,16.04,3,CUST_00681
TICKET_0009784,STORE_07,2024-01-11 14:31:00,38.62,4,CUST_00434
TICKET_0009785,STORE_02,2024-01-11 14:52:00,43.04,5,CUST_00698
TICKET_0009786,STORE_09,2024-01-24 10:56:00,18.19,2,CUST_00071
TICKET_0009787,STORE_04,2024-02-07 15:19:00,10.59,2,CUST_00664
TICKET_0009788,STORE_09,2024-01-05 21:56:00,19.3,2,CUST_00180
TICKET_0009789,STORE_05,2024-01-07 18:29:00,49.33,4,CUST_00729
TICKET_0009790,STORE_01,2024-02-24 18:48:00,19.81,2,CUST_00818
TICKET_0009791,STORE_10,2024-02-13 17:33:00,13.98,1,CUST_00499
TICKET_0009792,STORE_06,2024-02-28 19:04:00,12.16,2,CUST_00848
TICKET_0009793,STORE_04,2024-03-06 19:11:00,26.17,3,CUST_00992
TICKET_0009794,STORE_08,2024-02-03 12:16:00,20.89,2,CUST_00682
TICKET_0009795,STORE_04,2024-02-23 12:25:00,47.79,4,CUST_00022
TICKET_0009796,STORE_06,2024-02-08 20:47:00,13.24,1,CUST_00051
TICKET_0009797,STORE_07,2024-02-27 09:12:00,10.36,1,CUST_00846
TICKET_0009798,STORE_02,2024-01-15 19:35:00,4.42,1,CUST_00339
TICKET_0009799,STORE_08,2024-02-21 08:54:00,10.36,1,CUST_00159
TICKET_0009800,STORE_08,2024-03-06 20:33:00,17.95,3,CUST_00574
TICKET_0009801,STORE_02,2024-02-14 07:40:00,14.06,2,CUST_00592
TICKET_0009802,STORE_09,2024-01-20 10:13:00,11.74,1,CUST_00287
TICKET_0009803,STORE_07,2024-02-04 18:19:00,24.81,3,CUST_00927
TICKET_0009804,STORE_07,2024-03-25 20:12:00,8.45,1,CUST_00420
TICKET_0009805,STORE_03,2024-02-19 20:16:00,10.23,1,CUST_00696
TICKET_0009806,STORE_08,2024-01-19 20:18:00,5.51,2,CUST_00925
TICKET_0009807,STORE_10,2024-03-25 09:31:00,22.88,3,CUST_00589
TICKET_0009808,STORE_04,2024-03-20 18:37:00,16.5,2,CUST_00196
TICKET_0009809,STORE_02,2024-02-15 08:14:00,31.22,5,CUST_00293
TICKET_0009810,STORE_06,2024-03-30 14:50:00,5.67,2,CUST_00077
TICKET_0009811,STORE_02,2024-02-27 10:55:00,8.8,2,CUST_00840
TICKET_0009812,STORE_02,2024-02-28 09:07:00,11.9,1,CUST_00010
TICKET_0009813,STORE_04,2024-01-23 08:55:00,26.24,3,CUST_00249
TICKET_0009814,STORE_02,2024-01-04 18:50:00,48.14,6,CUST_00498
TICKET_0009815,STORE_05,2024-01-03 11:47:00,13.96,1,CUST_00724
TICKET_0009816,STORE_10,2024-02-07 07:50:00,34.85,6,CUST_00641
TICKET_0009817,STORE_02,2024-03-16 11:05:00,11.64,2,CUST_00034
TICKET_0009818,STORE_06,2024-01-25 09:57:00,3.72,1,CUST_00357
TICKET_0009819,STORE_09,2024-02-07 16:07:00,9.2,2,CUST_00716
TICKET_0009820,STORE_07,2024-02-27 18:54:00,12.53,2,CUST_00211
TICKET_0009821,STORE_08,2024-03-06 08:28:00,19.44,2,CUST_00809
TICKET_0009822,STORE_05,2024-01-26 16:42:00,14.77,2,CUST_00098
TICKET_0009823,STORE_02,2024-01-04 11:42:00,17.03,3,CUST_00939
TICKET_0009824,STORE_07,2024-01-17 16:50:00,4.72,1,CUST_00371
TICKET_0009825,STORE_01,2024-01-18 15:41:00,7.81,1,CUST_00575
TICKET_0009826,STORE_01,2024-01-13 11:42:00,16.97,2,CUST_00948
TICKET_0009827,STORE_02,2024-03-17 12:52:00,23.74,2,CUST_00717
TICKET_0009828,STORE_06,2024-01-31 11:33:00,11.78,1,CUST_00189
TICKET_0009829,STORE_02,2024-01-07 12:06:00,5.92,1,CUST_00286
TICKET_0009830,STORE_09,2024-03-02 17:58:00,20.76,3,CUST_00557
TICKET_0009831,STORE_10,2024-02-08 10:28:00,14.82,2,CUST_00827
TICKET_0009832,STORE_04,2024-01-27 21:19:00,16.79,3,CUST_00996
TICKET_0009833,STORE_04,2024-01-06 17:01:00,9.32,1,CUST_00139
TICKET_0009834,STORE_08,2024-01-07 18:14:00,7.07,1,CUST_00024
TICKET_0009835,STORE_08,2024-03-03 12:44:00,12.76,2,CUST_00970
TICKET_0009836,STORE_03,2024-02-14 12:39:00,32.81,5,CUST_00367
TICKET_0009837,STORE_10,2024-01-23 18:45:00,12.34,2,CUST_00646
TICKET_0009838,STORE_06,2024-02-25 19:26:00,35.49,3,CUST_00574
TICKET_0009839,STORE_09,2024-03-19 20:37:00,29.15,4,CUST_00573
TICKET_0009840,STORE_09,2024-03-06 20:26:00,10.53,1,CUST_00646
TICKET_0009841,STORE_02,2024-02-28 11:57:00,13.26,2,CUST_00539
TICKET_0009842,STORE_10,2024-02-06 13:20:00,23.64,2,CUST_00985
TICKET_0009843,STORE_03,2024-02-15 09:01:00,2.94,1,CUST_00904
TICKET_0009844,STORE_02,2024-02-21 08:09:00,8.54,1,CUST_00231
TICKET_0009845,STORE_01,2024-02-10 14:43:00,5.8,1,CUST_00218
TICKET_0009846,STORE_05,2024-03-24 08:26:00,32.41,4,CUST_00498
TICKET_0009847,STORE_01,2024-02-08 13:44:00,18.61,2,CUST_00954
TICKET_0009848,STORE_05,2024-01-16 11:11:00,17.8,2,CUST_00870
TICKET_0009849,STORE_08,2024-01-05 14:48:00,18.8,3,CUST_00681
TICKET_0009850,STORE_02,2024-02-20 12:38:00,14.64,2,CUST_00916
TICKET_0009851,STORE_03,2024-03-01 11:51:00,17.78,2,CUST_00725
TICKET_0009852,STORE_08,2024-01-13 14:38:00,9.06,1,CUST_00586
TICKET_0009853,STORE_08,2024-03-23 13:22:00,4.29,1,CUST_00209
TICKET_0009854,STORE_09,2024-03-13 19:22:00,20.4,3,CUST_00060
TICKET_0009855,STORE_02,2024-02-13 15:07:00,27.56,2,CUST_00489
TICKET_0009856,STORE_08,2024-02-15 07:45:00,20.91,2,CUST_00771
TICKET_0009857,STORE_07,2024-02-19 14:52:00,21.61,3,CUST_00138
TICKET_0009858,STORE_07,2024-01-02 12:49:00,9.0,1,CUST_00351
TICKET_0009859,STORE_05,2024-01-08 13:17:00,25.67,3,CUST_00816
TICKET_0009860,STORE_09,2024-01-02 14:43:00,9.66,1,CUST_00084
TICKET_0009861,STORE_05,2024-03-08 10:24:00,17.81,2,CUST_00500
TICKET_0009862,STORE_07,2024-03-13 08:25:00,31.58,3,CUST_00423
TICKET_0009863,STORE_02,2024-01-26 16:33:00,4.37,1,CUST_00426
TICKET_0009864,STORE_02,2024-01-28 16:57:00,36.29,3,CUST_00123
TICKET_0009865,STORE_05,2024-02-27 19:43:00,14.22,1,CUST_00232
TICKET_0009866,STORE_10,2024-03-31 19:22:00,28.46,3,CUST_00626
TICKET_0009867,STORE_06,2024-03-18 13:58:00,31.63,3,CUST_00807
TICKET_0009868,STORE_06,2024-01-16 19:26:00,5.67,2,CUST_00532
TICKET_0009869,STORE_07,2024-03-29 13:07:00,14.45,2,CUST_00471
TICKET_0009870,STORE_08,2024-02-06 10:19:00,39.12,4,CUST_00604
TICKET_0009871,STORE_01,2024-02-24 12:39:00,14.19,2,CUST_00834
TICKET_0009872,STORE_01,2024-01-20 07:32:00,11.06,3,CUST_00350
TICKET_0009873,STORE_09,2024-02-01 18:38:00,19.5,2,CUST_00653
TICKET_0009874,STORE_05,2024-01-30 15:23:00,2.57,1,CUST_00594
TICKET_0009875,STORE_06,2024-03-05 16:12:00,20.14,4,CUST_00367
TICKET_0009876,STORE_01,2024-01-28 19:32:00,28.07,2,CUST_00764
TICKET_0009877,STORE_08,2024-03-18 18:23:00,33.28,4,CUST_00171
TICKET_0009878,STORE_06,2024-01-05 07:55:00,11.88,2,CUST_00606
TICKET_0009879,STORE_04,2024-02-02 13:31:00,9.14,1,CUST_00793
TICKET_0009880,STORE_09,2024-01-31 09:16:00,10.52,1,CUST_00850
TICKET_0009881,STORE_07,2024-03-15 13:00:00,19.12,2,CUST_00970
TICKET_0009882,STORE_04,2024-02-15 11:02:00,22.9,3,CUST_00749
TICKET_0009883,STORE_09,2024-03-25 08:28:00,17.33,3,CUST_00163
TICKET_0009884,STORE_03,2024-02-11 10:18:00,4.55,1,CUST_00849
TICKET_0009885,STORE_04,2024-02-15 10:37:00,4.94,1,CUST_00486
TICKET_0009886,STORE_02,2024-02-18 16:09:00,9.96,3,CUST_00500
TICKET_0009887,STORE_04,2024-03-17 08:37:00,10.57,2,CUST_00493
TICKET_0009888,STORE_04,2024-02-08 19:24:00,18.19,2,CUST_00203
TICKET_0009889,STORE_06,2024-03-31 17:07:00,14.0,1,CUST_00968
TICKET_0009890,STORE_01,2024-03-09 19:32:00,16.6,2,CUST_00503
TICKET_0009891,STORE_02,2024-03-07 09:02:00,17.37,2,CUST_00591
TICKET_0009892,STORE_05,2024-02-10 11:15:00,23.42,3,CUST_00421
TICKET_0009893,STORE_06,2024-02-15 09:59:00,14.97,2,CUST_00783
TICKET_0009894,STORE_09,2024-01-17 09:26:00,4.56,1,CUST_00139
TICKET_0009895,STORE_02,2024-01-18 17:12:00,19.23,2,CUST_00385
TICKET_0009896,STORE_04,2024-03-06 20:16:00,18.49,2,CUST_00473
TICKET_0009897,STORE_03,2024-03-11 09:23:00,12.21,2,CUST_00624
TICKET_0009898,STORE_03,2024-02-17 10:25:00,17.86,3,CUST_00416
TICKET_0009899,STORE_04,2024-01-17 11:26:00,22.31,2,CUST_00251
TICKET_0009900,STORE_08,2024-01-03 10:21:00,7.09,1,CUST_00028
TICKET_0009901,STORE_01,2024-03-13 17:47:00,20.91,2,CUST_00634
TICKET_0009902,STORE_05,2024-02-17 09:26:00,17.38,3,CUST_00927
TICKET_0009903,STORE_05,2024-01-18 13:44:00,3.08,1,CUST_00110
TICKET_0009904,STORE_08,2024-02-28 07:34:00,15.11,2,CUST_00595
TICKET_0009905,STORE_06,2024-02-05 11:51:00,30.4,4,CUST_00726
TICKET_0009906,STORE_10,2024-02-02 20:07:00,13.46,2,CUST_00849
TICKET_0009907,STORE_06,2024-02-19 07:33:00,11.23,1,CUST_00878
TICKET_0009908,STORE_06,2024-03-13 18:02:00,33.75,3,CUST_00444
TICKET_0009909,STORE_06,2024-01-09 16:17:00,10.15,1,CUST_00900
TICKET_0009910,STORE_09,2024-02-12 07:44:00,30.03,4,CUST_00851
TICKET_0009911,STORE_10,2024-01-02 17:44:00,4.98,1,CUST_00162
TICKET_0009912,STORE_06,2024-01-19 17:57:00,24.94,3,CUST_00536
TICKET_0009913,STORE_01,2024-01-27 15:57:00,4.56,1,CUST_00783
TICKET_0009914,STORE_09,2024-01-15 18:23:00,14.9,2,CUST_00344
TICKET_0009915,STORE_04,2024-02-14 15:37:00,4.5,1,CUST_00827
TICKET_0009916,STORE_10,2024-01-09 12:29:00,12.25,2,CUST_00901
TICKET_0009917,STORE_02,2024-02-19 07:32:00,20.55,2,CUST_00220
TICKET_0009918,STORE_10,2024-03-29 07:33:00,31.21,3,CUST_00703
TICKET_0009919,STORE_06,2024-03-30 11:31:00,11.35,1,CUST_00032
TICKET_0009920,STORE_04,2024-03-08 21:41:00,19.83,2,CUST_00041
TICKET_0009921,STORE_08,2024-02-29 13:00:00,18.86,2,CUST_00636
TICKET_0009922,STORE_05,2024-01-18 13:00:00,35.06,3,CUST_00171
TICKET_0009923,STORE_06,2024-03-12 20:20:00,5.06,1,CUST_00095
TICKET_0009924,STORE_07,2024-02-03 17:17:00,33.33,4,CUST_00109
TICKET_0009925,STORE_09,2024-02-22 11:00:00,16.76,2,CUST_00298
TICKET_0009926,STORE_03,2024-02-07 11:47:00,44.0,4,CUST_00542
TICKET_0009927,STORE_04,2024-01-04 13:46:00,14.74,1,CUST_00936
TICKET_0009928,STORE_03,2024-03-30 07:12:00,15.18,2,CUST_00307
TICKET_0009929,STORE_03,2024-02-06 20:00:00,13.64,2,CUST_00880
TICKET_0009930,STORE_05,2024-01-30 20:45:00,13.74,1,CUST_00058
TICKET_0009931,STORE_06,2024-01-29 12:35:00,36.14,4,CUST_00306
TICKET_0009932,STORE_08,2024-01-05 19:57:00,7.91,2,CUST_00069
TICKET_0009933,STORE_01,2024-01-31 20:48:00,18.22,2,CUST_00459
TICKET_0009934,STORE_03,2024-01-29 13:43:00,10.38,2,CUST_00743
TICKET_0009935,STORE_10,2024-01-18 16:52:00,14.89,2,CUST_00270
TICKET_0009936,STORE_10,2024-01-07 21:36:00,22.13,3,CUST_00438
TICKET_0009937,STORE_04,2024-02-05 13:57:00,4.34,1,CUST_00231
TICKET_0009938,STORE_09,2024-02-24 17:03:00,10.36,1,CUST_00716
TICKET_0009939,STORE_04,2024-03-17 11:05:00,22.96,2,CUST_00517
TICKET_0009940,STORE_05,2024-03-23 12:09:00,21.57,4,CUST_00074
TICKET_0009941,STORE_07,2024-02-18 13:44:00,49.33,5,CUST_00382
TICKET_0009942,STORE_06,2024-01-05 17:15:00,10.47,1,CUST_00367
TICKET_0009943,STORE_03,2024-03-17 14:19:00,36.25,4,CUST_00037
TICKET_0009944,STORE_05,2024-02-27 14:56:00,13.97,3,CUST_00387
TICKET_0009945,STORE_01,2024-02-23 13:52:00,14.99,1,CUST_00249
TICKET_0009946,STORE_09,2024-03-02 18:57:00,22.24,2,CUST_00288
TICKET_0009947,STORE_02,2024-01-25 19:35:00,26.68,3,CUST_00569
TICKET_0009948,STORE_05,2024-01-31 08:01:00,14.26,2,CUST_00376
TICKET_0009949,STORE_06,2024-03-10 10:59:00,13.78,3,CUST_00782
TICKET_0009950,STORE_06,2024-03-31 21:22:00,15.13,3,CUST_00695
TICKET_0009951,STORE_03,2024-01-24 18:39:00,20.14,2,CUST_00386
TICKET_0009952,STORE_10,2024-01-28 20:18:00,9.1,2,CUST_00670
TICKET_0009953,STORE_08,2024-03-12 09:54:00,21.65,3,CUST_00037
TICKET_0009954,STORE_04,2024-03-21 11:31:00,25.81,3,CUST_00393
TICKET_0009955,STORE_09,2024-02-02 14:27:00,12.11,2,CUST_00951
TICKET_0009956,STORE_01,2024-01-01 20:07:00,13.25,2,CUST_00434
TICKET_0009957,STORE_09,2024-01-24 18:52:00,9.66,1,CUST_00723
TICKET_0009958,STORE_03,2024-01-25 17:27:00,3.45,1,CUST_00564
TICKET_0009959,STORE_04,2024-02-27 10:13:00,16.34,2,CUST_00026
TICKET_0009960,STORE_02,2024-02-02 19:56:00,2.22,1,CUST_00570
TICKET_0009961,STORE_04,2024-02-16 12:49:00,13.38,2,CUST_00229
TICKET_0009962,STORE_02,2024-01-07 09:37:00,7.98,1,CUST_00005
TICKET_0009963,STORE_09,2024-03-12 19:27:00,36.96,3,CUST_00502
TICKET_0009964,STORE_07,2024-02-21 21:26:00,16.22,2,CUST_00426
TICKET_0009965,STORE_06,2024-02-07 14:20:00,32.98,5,CUST_00075
TICKET_0009966,STORE_05,2024-02-19 19:42:00,21.66,4,CUST_00239
TICKET_0009967,STORE_10,2024-01-15 21:41:00,23.04,2,CUST_00305
TICKET_0009968,STORE_04,2024-02-20 17:19:00,19.91,3,CUST_00665
TICKET_0009969,STORE_06,2024-03-11 15:23:00,37.11,5,CUST_00745
TICKET_0009970,STORE_01,2024-02-10 08:19:00,4.78,1,CUST_00535
TICKET_0009971,STORE_02,2024-01-27 17:27:00,40.55,4,CUST_00060
TICKET_0009972,STORE_03,2024-03-25 11:49:00,4.89,1,CUST_00674
TICKET_0009973,STORE_02,2024-03-29 07:06:00,6.29,2,CUST_00960
TICKET_0009974,STORE_09,2024-01-27 18:35:00,8.35,2,CUST_00243
TICKET_0009975,STORE_06,2024-02-09 10:26:00,30.63,4,CUST_00315
TICKET_0009976,STORE_04,2024-02-08 20:26:00,2.64,1,CUST_00436
TICKET_0009977,STORE_05,2024-02-02 14:33:00,39.96,5,CUST_00039
TICKET_0009978,STORE_07,2024-01-18 09:00:00,8.17,1,CUST_00831
TICKET_0009979,STORE_03,2024-02-20 16:00:00,2.84,1,CUST_00692
TICKET_0009980,STORE_04,2024-03-01 09:43:00,8.83,1,CUST_00451
TICKET_0009981,STORE_02,2024-01-07 13:59:00,13.66,2,CUST_00352
TICKET_0009982,STORE_01,2024-03-05 07:32:00,5.96,1,CUST_00018
TICKET_0009983,STORE_03,2024-01-23 18:38:00,16.83,3,CUST_00159
TICKET_0009984,STORE_10,2024-03-01 09:18:00,9.37,2,CUST_00529
TICKET_0009985,STORE_02,2024-02-29 19:02:00,21.88,3,CUST_00215
TICKET_0009986,STORE_09,2024-01-28 10:09:00,13.78,1,CUST_00166
TICKET_0009987,STORE_03,2024-03-15 21:19:00,5.09,1,CUST_00217
TICKET_0009988,STORE_05,2024-01-18 16:14:00,33.43,4,CUST_00235
TICKET_0009989,STORE_04,2024-01-04 16:48:00,14.22,2,CUST_00237
TICKET_0009990,STORE_05,2024-03-13 12:28:00,11.98,1,CUST_00009
TICKET_0009991,STORE_06,2024-03-18 13:20:00,7.37,1,CUST_00497
TICKET_0009992,STORE_08,2024-02-26 11:38:00,36.36,3,CUST_00331
TICKET_0009993,STORE_09,2024-03-26 20:07:00,13.96,2,CUST_00977
TICKET_0009994,STORE_03,2024-01-15 08:56:00,9.22,1,CUST_00887
TICKET_0009995,STORE_02,2024-03-05 18:11:00,36.29,4,CUST_00977
TICKET_0009996,STORE_03,2024-01-01 14:03:00,14.48,1,CUST_00922
TICKET_0009997,STORE_09,2024-03-15 13:24:00,32.35,3,CUST_00183
TICKET_0009998,STORE_04,2024-02-20 20:02:00,11.26,1,CUST_00493
TICKET_0009999,STORE_07,2024-02-23 12:17:00,22.24,4,CUST_00593
TICKET_0010000,STORE_01,2024-02-28 15:16:00,7.29,1,CUST_00621
